ts,amount,merchant_cat,channel,is_fraud,fraud_probability,decision,correct
2023-10-21 00:06:05,1116.12,jewelry,online,0,0.0014,ALLOW,1
2023-10-21 00:35:15,1636.58,pharmacy,atm,0,0.0002,ALLOW,1
2023-10-21 00:43:37,1156.93,travel,atm,0,0.0,ALLOW,1
2023-10-21 00:57:15,4191.0,travel,atm,0,0.0009,ALLOW,1
2023-10-21 01:19:26,1239.94,entertainment,online,0,0.0,ALLOW,1
2023-10-21 01:20:58,1232.11,clothing,mobile_app,0,0.0007,ALLOW,1
2023-10-21 01:25:56,984.02,clothing,online,0,0.0006,ALLOW,1
2023-10-21 01:33:01,1383.62,entertainment,atm,0,0.0,ALLOW,1
2023-10-21 01:36:53,395.66,pharmacy,in_store,0,0.0006,ALLOW,1
2023-10-21 01:43:32,209.03,restaurant,online,0,0.0002,ALLOW,1
2023-10-21 01:59:18,3577.83,restaurant,online,0,1e-04,ALLOW,1
2023-10-21 02:04:43,2840.27,restaurant,atm,0,0.0032,ALLOW,1
2023-10-21 02:08:51,4250.9,grocery,in_store,0,1e-04,ALLOW,1
2023-10-21 02:19:17,1650.09,online_gaming,in_store,0,0.0033,ALLOW,1
2023-10-21 02:21:03,252.67,restaurant,online,0,0.0005,ALLOW,1
2023-10-21 02:21:23,926.53,online_gaming,atm,0,0.0023,ALLOW,1
2023-10-21 02:29:25,1013.73,pharmacy,in_store,0,1e-04,ALLOW,1
2023-10-21 02:34:24,932.79,entertainment,online,0,0.0005,ALLOW,1
2023-10-21 02:38:13,218.66,pharmacy,mobile_app,0,0.0002,ALLOW,1
2023-10-21 02:57:11,1355.09,pharmacy,in_store,0,1e-04,ALLOW,1
2023-10-21 02:58:33,4725.98,electronics,atm,0,1e-04,ALLOW,1
2023-10-21 03:06:05,2990.28,clothing,mobile_app,0,1e-04,ALLOW,1
2023-10-21 03:16:48,1183.36,pharmacy,atm,0,0.0013,ALLOW,1
2023-10-21 03:21:00,1404.32,jewelry,atm,0,1e-04,ALLOW,1
2023-10-21 04:00:54,1927.41,clothing,atm,0,0.0006,ALLOW,1
2023-10-21 04:14:18,1839.01,online_gaming,atm,0,0.0,ALLOW,1
2023-10-21 04:15:07,27.73,entertainment,atm,0,0.0002,ALLOW,1
2023-10-21 04:27:28,117.98,pharmacy,in_store,0,0.0002,ALLOW,1
2023-10-21 04:36:05,215.5,pharmacy,atm,0,0.0002,ALLOW,1
2023-10-21 04:53:57,1348.48,travel,in_store,0,1e-04,ALLOW,1
2023-10-21 05:10:54,1650.32,entertainment,atm,0,0.0,ALLOW,1
2023-10-21 05:17:48,1559.02,restaurant,atm,0,0.0003,ALLOW,1
2023-10-21 05:21:53,1853.26,restaurant,atm,0,0.0,ALLOW,1
2023-10-21 05:30:47,391.46,pharmacy,online,0,0.0002,ALLOW,1
2023-10-21 05:33:28,2882.32,online_gaming,online,0,0.0005,ALLOW,1
2023-10-21 05:45:37,559.64,electronics,mobile_app,0,0.001,ALLOW,1
2023-10-21 06:00:44,553.74,electronics,in_store,0,1e-04,ALLOW,1
2023-10-21 06:20:22,276.15,grocery,online,0,1e-04,ALLOW,1
2023-10-21 06:41:43,546.88,pharmacy,in_store,0,0.0003,ALLOW,1
2023-10-21 06:50:07,486.74,fuel,online,0,0.0,ALLOW,1
2023-10-21 07:38:57,500.4,entertainment,in_store,0,0.0,ALLOW,1
2023-10-21 07:40:11,621.23,grocery,atm,0,0.0,ALLOW,1
2023-10-21 07:42:23,2849.58,clothing,atm,0,0.0045,ALLOW,1
2023-10-21 07:49:42,1087.17,entertainment,online,0,0.0045,ALLOW,1
2023-10-21 08:29:02,1251.99,electronics,mobile_app,0,1e-04,ALLOW,1
2023-10-21 08:42:20,170.28,travel,online,0,0.0002,ALLOW,1
2023-10-21 08:42:54,1111.17,restaurant,mobile_app,0,0.0003,ALLOW,1
2023-10-21 09:04:49,4853.07,restaurant,online,1,0.9999,REVIEW,1
2023-10-21 09:13:18,1803.64,travel,in_store,0,1e-04,ALLOW,1
2023-10-21 09:15:34,1536.5,entertainment,online,0,0.0,ALLOW,1
2023-10-21 09:32:43,2817.23,pharmacy,atm,0,0.0,ALLOW,1
2023-10-21 09:35:13,1934.65,travel,online,0,0.0015,ALLOW,1
2023-10-21 09:43:38,258.86,jewelry,mobile_app,0,1e-04,ALLOW,1
2023-10-21 09:46:37,17.9,jewelry,mobile_app,0,1e-04,ALLOW,1
2023-10-21 09:49:11,298.46,fuel,online,0,1e-04,ALLOW,1
2023-10-21 09:59:36,1832.62,fuel,mobile_app,0,0.0,ALLOW,1
2023-10-21 10:05:09,464.31,entertainment,atm,0,0.0002,ALLOW,1
2023-10-21 10:11:10,3959.73,jewelry,in_store,0,0.0005,ALLOW,1
2023-10-21 10:15:27,761.81,fuel,online,0,0.0002,ALLOW,1
2023-10-21 10:16:11,1718.32,fuel,in_store,0,1e-04,ALLOW,1
2023-10-21 10:42:19,357.09,travel,mobile_app,0,1e-04,ALLOW,1
2023-10-21 10:53:01,2430.9,restaurant,atm,0,0.0116,ALLOW,1
2023-10-21 11:07:45,1054.37,pharmacy,atm,0,1e-04,ALLOW,1
2023-10-21 11:23:35,2437.73,entertainment,atm,0,0.0006,ALLOW,1
2023-10-21 11:25:31,589.63,restaurant,mobile_app,0,0.0002,ALLOW,1
2023-10-21 11:30:34,127.08,grocery,in_store,0,0.0003,ALLOW,1
2023-10-21 11:47:20,495.89,fuel,mobile_app,0,0.0393,ALLOW,1
2023-10-21 11:58:10,2694.65,online_gaming,online,0,0.0005,ALLOW,1
2023-10-21 12:04:02,1090.53,entertainment,online,0,0.0013,ALLOW,1
2023-10-21 12:04:35,1784.17,online_gaming,online,0,0.0018,ALLOW,1
2023-10-21 12:14:04,3167.91,fuel,mobile_app,0,1e-04,ALLOW,1
2023-10-21 12:29:32,653.4,entertainment,in_store,0,1e-04,ALLOW,1
2023-10-21 12:36:58,4650.68,jewelry,atm,0,0.0006,ALLOW,1
2023-10-21 12:38:25,4088.75,entertainment,mobile_app,0,1e-04,ALLOW,1
2023-10-21 12:42:30,233.18,entertainment,atm,0,0.0002,ALLOW,1
2023-10-21 13:26:04,3447.86,clothing,in_store,0,0.0003,ALLOW,1
2023-10-21 13:26:57,1264.5,jewelry,online,1,0.9999,REVIEW,1
2023-10-21 13:46:36,1221.48,entertainment,in_store,0,1e-04,ALLOW,1
2023-10-21 13:56:54,1212.01,pharmacy,online,0,1e-04,ALLOW,1
2023-10-21 13:58:25,697.21,electronics,online,0,1e-04,ALLOW,1
2023-10-21 14:11:17,3585.96,pharmacy,mobile_app,0,0.0002,ALLOW,1
2023-10-21 14:52:24,3870.31,entertainment,mobile_app,0,1e-04,ALLOW,1
2023-10-21 15:14:12,88.08,online_gaming,in_store,0,0.0002,ALLOW,1
2023-10-21 15:26:53,2627.6,entertainment,atm,0,0.0028,ALLOW,1
2023-10-21 15:28:22,665.1,restaurant,in_store,0,0.0002,ALLOW,1
2023-10-21 15:34:16,1860.86,jewelry,in_store,0,0.0,ALLOW,1
2023-10-21 15:34:31,122.4,restaurant,mobile_app,0,1e-04,ALLOW,1
2023-10-21 15:38:39,235.48,fuel,in_store,0,0.0004,ALLOW,1
2023-10-21 15:41:19,1859.58,restaurant,in_store,0,0.0041,ALLOW,1
2023-10-21 16:23:32,322.69,clothing,online,0,1e-04,ALLOW,1
2023-10-21 16:25:21,3621.7,travel,in_store,0,0.0,ALLOW,1
2023-10-21 16:25:26,1622.57,jewelry,in_store,0,1e-04,ALLOW,1
2023-10-21 16:27:05,110.83,jewelry,mobile_app,0,0.0002,ALLOW,1
2023-10-21 16:36:17,2121.88,entertainment,mobile_app,0,1e-04,ALLOW,1
2023-10-21 16:47:28,2697.97,online_gaming,mobile_app,0,0.0004,ALLOW,1
2023-10-21 16:55:28,525.24,travel,in_store,0,1e-04,ALLOW,1
2023-10-21 17:00:16,246.98,jewelry,online,0,1e-04,ALLOW,1
2023-10-21 17:19:00,1440.63,jewelry,online,0,0.0,ALLOW,1
2023-10-21 17:19:58,2110.12,clothing,mobile_app,0,0.0,ALLOW,1
2023-10-21 17:27:32,165.05,restaurant,online,0,0.0002,ALLOW,1
2023-10-21 17:46:26,1829.25,jewelry,mobile_app,0,0.0002,ALLOW,1
2023-10-21 18:14:29,811.79,grocery,mobile_app,0,0.0,ALLOW,1
2023-10-21 18:16:18,697.11,jewelry,online,0,0.0002,ALLOW,1
2023-10-21 18:26:03,434.46,electronics,in_store,0,0.0,ALLOW,1
2023-10-21 18:29:39,843.32,electronics,atm,0,1e-04,ALLOW,1
2023-10-21 18:34:21,235.13,entertainment,mobile_app,0,0.0005,ALLOW,1
2023-10-21 18:58:07,814.43,travel,online,0,0.0007,ALLOW,1
2023-10-21 18:58:21,2861.12,fuel,mobile_app,0,0.0,ALLOW,1
2023-10-21 18:59:42,2423.86,pharmacy,atm,0,0.0007,ALLOW,1
2023-10-21 19:06:52,126.78,jewelry,online,0,0.0005,ALLOW,1
2023-10-21 19:24:08,4575.9,travel,mobile_app,0,0.0004,ALLOW,1
2023-10-21 19:27:21,422.79,restaurant,in_store,0,0.0044,ALLOW,1
2023-10-21 19:30:33,118.97,jewelry,in_store,0,1e-04,ALLOW,1
2023-10-21 19:35:34,4980.44,clothing,atm,0,0.0005,ALLOW,1
2023-10-21 19:35:39,723.18,travel,mobile_app,0,0.0002,ALLOW,1
2023-10-21 19:52:17,2360.18,travel,atm,0,0.0319,ALLOW,1
2023-10-21 19:53:26,863.35,clothing,online,0,0.0011,ALLOW,1
2023-10-21 19:53:50,1604.03,grocery,online,0,0.0,ALLOW,1
2023-10-21 20:11:48,2282.11,restaurant,in_store,0,1e-04,ALLOW,1
2023-10-21 20:25:42,3587.84,restaurant,online,0,0.0008,ALLOW,1
2023-10-21 20:27:03,30.15,restaurant,atm,0,1e-04,ALLOW,1
2023-10-21 20:29:16,975.71,clothing,in_store,0,0.0,ALLOW,1
2023-10-21 20:32:12,453.88,online_gaming,atm,0,0.001,ALLOW,1
2023-10-21 21:18:17,920.96,restaurant,mobile_app,0,0.0,ALLOW,1
2023-10-21 21:40:55,3242.35,online_gaming,in_store,0,0.0005,ALLOW,1
2023-10-21 21:49:06,1200.99,travel,in_store,0,0.0002,ALLOW,1
2023-10-21 21:56:17,1529.01,clothing,mobile_app,0,0.0013,ALLOW,1
2023-10-21 22:04:52,375.74,online_gaming,in_store,0,1e-04,ALLOW,1
2023-10-21 22:07:46,3088.72,grocery,mobile_app,0,1e-04,ALLOW,1
2023-10-21 22:23:56,1152.52,entertainment,online,0,1e-04,ALLOW,1
2023-10-21 22:27:09,1159.05,entertainment,online,0,0.0002,ALLOW,1
2023-10-21 22:30:45,104.12,online_gaming,online,0,0.0248,ALLOW,1
2023-10-21 22:34:25,3997.61,fuel,in_store,0,0.0003,ALLOW,1
2023-10-21 22:41:24,2444.71,online_gaming,atm,0,1e-04,ALLOW,1
2023-10-21 22:41:58,2296.45,jewelry,atm,0,1e-04,ALLOW,1
2023-10-21 22:57:15,1574.59,entertainment,atm,0,1e-04,ALLOW,1
2023-10-21 22:59:07,70.79,entertainment,mobile_app,0,0.0002,ALLOW,1
2023-10-21 23:03:53,609.93,entertainment,atm,0,0.0038,ALLOW,1
2023-10-21 23:07:27,1511.02,grocery,in_store,0,0.0002,ALLOW,1
2023-10-21 23:14:18,1881.72,fuel,in_store,0,0.0002,ALLOW,1
2023-10-21 23:14:31,3032.41,grocery,mobile_app,0,0.0004,ALLOW,1
2023-10-21 23:19:29,59.27,jewelry,atm,0,0.0002,ALLOW,1
2023-10-21 23:28:23,10.57,travel,in_store,0,0.0031,ALLOW,1
2023-10-21 23:42:22,1491.65,fuel,online,0,0.0003,ALLOW,1
2023-10-22 00:00:13,1714.46,clothing,in_store,0,0.0,ALLOW,1
2023-10-22 00:14:16,1251.03,restaurant,mobile_app,0,0.0024,ALLOW,1
2023-10-22 00:14:47,435.37,clothing,atm,0,0.0002,ALLOW,1
2023-10-22 00:16:49,1163.05,clothing,online,0,0.0003,ALLOW,1
2023-10-22 00:20:04,3512.69,fuel,atm,0,0.0002,ALLOW,1
2023-10-22 00:20:39,758.86,entertainment,online,0,0.0003,ALLOW,1
2023-10-22 00:41:16,2185.29,travel,in_store,0,1e-04,ALLOW,1
2023-10-22 00:41:23,310.4,restaurant,mobile_app,0,0.0005,ALLOW,1
2023-10-22 00:50:51,841.72,online_gaming,in_store,0,1e-04,ALLOW,1
2023-10-22 00:54:12,291.27,jewelry,in_store,0,0.0014,ALLOW,1
2023-10-22 00:55:42,709.34,electronics,mobile_app,0,1e-04,ALLOW,1
2023-10-22 01:15:18,161.56,clothing,in_store,0,0.0008,ALLOW,1
2023-10-22 01:53:01,1820.78,electronics,online,0,0.0002,ALLOW,1
2023-10-22 01:55:25,537.84,fuel,in_store,0,0.0128,ALLOW,1
2023-10-22 02:10:39,431.06,entertainment,in_store,0,0.0003,ALLOW,1
2023-10-22 02:15:32,1154.37,grocery,atm,0,1e-04,ALLOW,1
2023-10-22 02:28:14,414.19,grocery,mobile_app,0,0.0006,ALLOW,1
2023-10-22 02:29:02,6713.46,online_gaming,atm,0,0.0,ALLOW,1
2023-10-22 02:30:19,4104.37,online_gaming,online,0,0.0002,ALLOW,1
2023-10-22 02:36:47,355.3,online_gaming,in_store,0,1e-04,ALLOW,1
2023-10-22 02:37:38,1002.54,travel,online,0,0.0002,ALLOW,1
2023-10-22 02:53:38,1902.52,online_gaming,mobile_app,0,0.0,ALLOW,1
2023-10-22 03:03:14,1273.17,pharmacy,in_store,0,0.0,ALLOW,1
2023-10-22 03:13:32,29.35,jewelry,atm,0,0.0004,ALLOW,1
2023-10-22 03:22:48,40.53,electronics,online,0,0.0005,ALLOW,1
2023-10-22 03:38:42,2529.62,jewelry,mobile_app,0,0.0049,ALLOW,1
2023-10-22 04:08:33,71.83,restaurant,in_store,0,0.0002,ALLOW,1
2023-10-22 04:08:45,2035.1,online_gaming,atm,0,1e-04,ALLOW,1
2023-10-22 04:15:53,208.95,jewelry,atm,0,0.0004,ALLOW,1
2023-10-22 04:29:57,1207.56,grocery,online,0,0.0,ALLOW,1
2023-10-22 04:39:30,857.68,electronics,online,0,0.0,ALLOW,1
2023-10-22 04:44:49,573.77,grocery,online,0,0.0002,ALLOW,1
2023-10-22 05:00:58,2139.47,grocery,in_store,0,0.0,ALLOW,1
2023-10-22 05:08:13,81.68,online_gaming,mobile_app,0,1e-04,ALLOW,1
2023-10-22 05:19:58,576.37,restaurant,in_store,0,0.0,ALLOW,1
2023-10-22 05:25:29,230.73,clothing,mobile_app,0,0.0022,ALLOW,1
2023-10-22 05:36:11,1497.52,electronics,atm,0,0.0,ALLOW,1
2023-10-22 05:59:10,2058.44,entertainment,online,0,1e-04,ALLOW,1
2023-10-22 06:04:22,1144.6,electronics,atm,0,0.0,ALLOW,1
2023-10-22 06:05:44,2352.64,pharmacy,online,0,0.0003,ALLOW,1
2023-10-22 06:14:50,549.83,clothing,in_store,0,1e-04,ALLOW,1
2023-10-22 06:40:36,4090.06,clothing,mobile_app,0,0.0,ALLOW,1
2023-10-22 06:48:13,990.52,electronics,online,0,1e-04,ALLOW,1
2023-10-22 06:56:11,649.33,fuel,in_store,0,1e-04,ALLOW,1
2023-10-22 07:14:13,824.78,pharmacy,atm,0,0.0,ALLOW,1
2023-10-22 07:21:23,157.82,online_gaming,atm,0,1e-04,ALLOW,1
2023-10-22 07:44:59,1675.81,online_gaming,mobile_app,1,0.9999,REVIEW,1
2023-10-22 08:17:20,9119.57,online_gaming,atm,1,0.9991,REVIEW,1
2023-10-22 08:30:54,2735.95,fuel,online,0,0.0002,ALLOW,1
2023-10-22 08:31:11,4752.18,jewelry,atm,0,0.0019,ALLOW,1
2023-10-22 08:37:12,1000.79,clothing,atm,0,0.0003,ALLOW,1
2023-10-22 08:41:44,180.09,electronics,atm,0,0.0007,ALLOW,1
2023-10-22 08:42:59,268.39,travel,mobile_app,0,0.0004,ALLOW,1
2023-10-22 08:54:22,1596.12,entertainment,mobile_app,0,1e-04,ALLOW,1
2023-10-22 08:57:55,1626.11,electronics,online,0,0.0007,ALLOW,1
2023-10-22 09:04:09,303.31,electronics,in_store,0,1e-04,ALLOW,1
2023-10-22 09:40:06,2326.7,travel,online,0,0.0,ALLOW,1
2023-10-22 09:49:03,431.95,pharmacy,in_store,0,1e-04,ALLOW,1
2023-10-22 09:51:46,705.41,pharmacy,online,0,1e-04,ALLOW,1
2023-10-22 10:13:55,2110.74,restaurant,online,0,1e-04,ALLOW,1
2023-10-22 10:47:15,4935.13,fuel,in_store,0,0.0,ALLOW,1
2023-10-22 10:52:27,203.33,jewelry,atm,0,1e-04,ALLOW,1
2023-10-22 10:54:11,2284.79,jewelry,atm,0,0.0021,ALLOW,1
2023-10-22 11:06:19,419.16,jewelry,online,0,0.0076,ALLOW,1
2023-10-22 11:07:32,194.57,restaurant,atm,0,0.0002,ALLOW,1
2023-10-22 11:09:44,2425.6,entertainment,atm,0,0.001,ALLOW,1
2023-10-22 11:29:20,169.66,travel,online,0,0.0033,ALLOW,1
2023-10-22 11:34:31,1656.76,jewelry,online,0,1e-04,ALLOW,1
2023-10-22 11:44:40,1811.72,clothing,online,0,1e-04,ALLOW,1
2023-10-22 11:45:36,908.79,travel,online,0,0.0002,ALLOW,1
2023-10-22 12:29:37,2250.17,entertainment,mobile_app,0,0.0006,ALLOW,1
2023-10-22 12:40:27,55.13,entertainment,in_store,0,1e-04,ALLOW,1
2023-10-22 12:40:35,1261.75,jewelry,atm,0,1e-04,ALLOW,1
2023-10-22 12:42:23,39.13,restaurant,mobile_app,0,0.0003,ALLOW,1
2023-10-22 12:52:43,246.72,travel,in_store,0,1e-04,ALLOW,1
2023-10-22 13:02:49,166.11,entertainment,in_store,0,0.0004,ALLOW,1
2023-10-22 13:17:48,3297.32,clothing,online,0,0.0008,ALLOW,1
2023-10-22 13:23:05,532.18,fuel,in_store,0,1e-04,ALLOW,1
2023-10-22 13:44:17,2942.4,restaurant,online,0,1e-04,ALLOW,1
2023-10-22 13:50:35,24.71,jewelry,mobile_app,0,0.0005,ALLOW,1
2023-10-22 13:56:00,1136.63,restaurant,online,0,0.0,ALLOW,1
2023-10-22 14:00:24,287.92,electronics,in_store,0,0.0007,ALLOW,1
2023-10-22 14:45:26,1648.73,clothing,atm,0,0.0015,ALLOW,1
2023-10-22 14:59:39,280.47,jewelry,in_store,0,1e-04,ALLOW,1
2023-10-22 15:02:59,1311.66,pharmacy,in_store,0,0.0004,ALLOW,1
2023-10-22 15:08:03,1987.59,electronics,in_store,0,0.0,ALLOW,1
2023-10-22 15:39:13,1391.76,pharmacy,online,0,0.0,ALLOW,1
2023-10-22 15:50:20,130.04,grocery,atm,0,1e-04,ALLOW,1
2023-10-22 15:51:26,398.51,fuel,in_store,0,0.0002,ALLOW,1
2023-10-22 15:53:35,37.62,pharmacy,in_store,0,0.0003,ALLOW,1
2023-10-22 16:24:30,329.33,clothing,atm,0,1e-04,ALLOW,1
2023-10-22 16:25:19,84.87,electronics,in_store,0,0.0002,ALLOW,1
2023-10-22 16:35:17,7967.51,jewelry,in_store,0,0.0008,ALLOW,1
2023-10-22 16:39:44,5063.99,online_gaming,in_store,0,0.0024,ALLOW,1
2023-10-22 16:42:58,1186.85,electronics,online,0,1e-04,ALLOW,1
2023-10-22 16:46:26,340.27,entertainment,online,0,0.0002,ALLOW,1
2023-10-22 16:56:30,2493.29,grocery,online,0,1e-04,ALLOW,1
2023-10-22 17:14:12,701.47,clothing,in_store,0,0.0002,ALLOW,1
2023-10-22 17:28:15,982.65,electronics,atm,0,0.0002,ALLOW,1
2023-10-22 17:42:23,114.62,online_gaming,mobile_app,0,1e-04,ALLOW,1
2023-10-22 17:43:46,550.5,clothing,online,0,0.0008,ALLOW,1
2023-10-22 17:47:33,283.17,clothing,online,0,0.0005,ALLOW,1
2023-10-22 17:56:55,6103.78,clothing,online,0,1e-04,ALLOW,1
2023-10-22 18:06:18,896.49,electronics,mobile_app,0,1e-04,ALLOW,1
2023-10-22 18:06:29,135.21,pharmacy,mobile_app,0,0.0003,ALLOW,1
2023-10-22 18:23:42,2944.68,travel,in_store,0,1e-04,ALLOW,1
2023-10-22 18:29:48,1102.81,pharmacy,in_store,0,0.0,ALLOW,1
2023-10-22 18:36:55,95.37,jewelry,mobile_app,0,1e-04,ALLOW,1
2023-10-22 18:42:50,3183.22,pharmacy,atm,0,1e-04,ALLOW,1
2023-10-22 19:01:51,578.44,grocery,in_store,0,0.0021,ALLOW,1
2023-10-22 19:22:59,1837.19,jewelry,in_store,1,1.0,REVIEW,1
2023-10-22 19:43:53,1136.21,clothing,atm,1,0.9998,REVIEW,1
2023-10-22 19:50:58,751.99,electronics,online,0,1e-04,ALLOW,1
2023-10-22 19:51:52,31.69,online_gaming,mobile_app,0,0.0012,ALLOW,1
2023-10-22 20:02:30,1824.46,pharmacy,in_store,0,0.0002,ALLOW,1
2023-10-22 20:34:19,4022.57,entertainment,mobile_app,0,0.0,ALLOW,1
2023-10-22 20:34:40,1676.03,entertainment,in_store,0,0.0,ALLOW,1
2023-10-22 21:36:52,57.69,electronics,atm,0,0.0,ALLOW,1
2023-10-22 21:47:16,2793.53,jewelry,atm,0,0.0014,ALLOW,1
2023-10-22 22:07:45,1845.79,fuel,atm,0,0.0005,ALLOW,1
2023-10-22 22:24:46,458.46,entertainment,online,0,0.0006,ALLOW,1
2023-10-22 22:35:49,240.99,entertainment,in_store,0,1e-04,ALLOW,1
2023-10-22 22:47:10,5563.07,entertainment,mobile_app,0,1e-04,ALLOW,1
2023-10-22 22:56:55,574.09,fuel,online,0,1e-04,ALLOW,1
2023-10-22 23:18:10,106.81,online_gaming,in_store,0,0.0003,ALLOW,1
2023-10-22 23:54:24,3377.41,clothing,atm,0,0.0008,ALLOW,1
2023-10-23 00:06:02,738.99,electronics,online,0,0.0,ALLOW,1
2023-10-23 00:11:42,22.91,restaurant,in_store,0,0.0002,ALLOW,1
2023-10-23 00:18:28,3283.08,clothing,online,0,0.0,ALLOW,1
2023-10-23 00:26:51,442.95,jewelry,online,0,0.0004,ALLOW,1
2023-10-23 01:29:37,3122.06,restaurant,online,0,1e-04,ALLOW,1
2023-10-23 01:35:50,282.98,restaurant,online,0,0.0002,ALLOW,1
2023-10-23 01:55:39,2196.83,fuel,mobile_app,0,0.0,ALLOW,1
2023-10-23 01:56:12,1331.71,restaurant,mobile_app,0,0.0004,ALLOW,1
2023-10-23 01:58:35,869.91,pharmacy,atm,0,0.0002,ALLOW,1
2023-10-23 02:02:36,2644.61,clothing,mobile_app,0,1e-04,ALLOW,1
2023-10-23 02:39:33,8178.83,restaurant,in_store,0,0.0008,ALLOW,1
2023-10-23 02:45:44,3442.85,online_gaming,online,0,1e-04,ALLOW,1
2023-10-23 03:03:52,817.75,jewelry,in_store,0,0.0002,ALLOW,1
2023-10-23 03:05:32,1801.57,electronics,online,0,1e-04,ALLOW,1
2023-10-23 03:41:34,142.13,restaurant,atm,0,0.0002,ALLOW,1
2023-10-23 03:54:33,358.68,restaurant,in_store,0,0.0,ALLOW,1
2023-10-23 04:19:26,200.6,restaurant,mobile_app,0,1e-04,ALLOW,1
2023-10-23 04:33:18,1898.2,entertainment,mobile_app,0,1e-04,ALLOW,1
2023-10-23 04:41:04,1843.77,jewelry,atm,0,0.0003,ALLOW,1
2023-10-23 04:56:45,1552.64,grocery,atm,0,0.0,ALLOW,1
2023-10-23 05:09:34,630.34,clothing,atm,0,0.0011,ALLOW,1
2023-10-23 05:23:47,1610.07,online_gaming,mobile_app,0,0.0,ALLOW,1
2023-10-23 05:25:30,338.48,jewelry,in_store,0,0.0002,ALLOW,1
2023-10-23 05:34:24,2166.83,travel,in_store,0,1e-04,ALLOW,1
2023-10-23 05:58:04,773.52,entertainment,in_store,0,0.0004,ALLOW,1
2023-10-23 05:58:12,1351.81,clothing,online,0,1e-04,ALLOW,1
2023-10-23 06:00:27,4609.77,jewelry,online,0,0.0263,ALLOW,1
2023-10-23 06:01:56,16.63,online_gaming,online,0,0.002,ALLOW,1
2023-10-23 06:43:27,65.15,jewelry,atm,0,0.0011,ALLOW,1
2023-10-23 06:49:25,1512.15,travel,online,0,0.0,ALLOW,1
2023-10-23 07:18:09,1508.01,online_gaming,atm,0,1e-04,ALLOW,1
2023-10-23 07:22:33,26.09,online_gaming,mobile_app,0,0.0002,ALLOW,1
2023-10-23 07:24:24,1242.42,pharmacy,online,0,1e-04,ALLOW,1
2023-10-23 07:43:27,3578.02,entertainment,mobile_app,0,0.002,ALLOW,1
2023-10-23 07:49:38,562.79,restaurant,mobile_app,0,0.0005,ALLOW,1
2023-10-23 08:02:12,104.1,jewelry,in_store,0,1e-04,ALLOW,1
2023-10-23 08:03:04,4709.71,travel,mobile_app,0,1e-04,ALLOW,1
2023-10-23 08:16:44,692.23,restaurant,mobile_app,0,1e-04,ALLOW,1
2023-10-23 08:28:45,370.85,grocery,mobile_app,0,0.0005,ALLOW,1
2023-10-23 08:37:14,796.19,travel,in_store,0,0.0023,ALLOW,1
2023-10-23 08:39:49,590.62,jewelry,atm,0,1e-04,ALLOW,1
2023-10-23 08:47:36,429.51,electronics,mobile_app,0,0.0,ALLOW,1
2023-10-23 09:13:37,14557.11,electronics,online,0,0.0147,ALLOW,1
2023-10-23 09:30:07,1409.77,restaurant,in_store,0,0.0003,ALLOW,1
2023-10-23 09:46:30,348.65,travel,mobile_app,0,1e-04,ALLOW,1
2023-10-23 09:48:55,4085.23,clothing,atm,0,0.0011,ALLOW,1
2023-10-23 10:09:42,1577.57,restaurant,atm,0,0.0003,ALLOW,1
2023-10-23 10:12:50,2023.64,online_gaming,online,0,0.0003,ALLOW,1
2023-10-23 10:13:25,146.24,online_gaming,online,0,0.0003,ALLOW,1
2023-10-23 10:20:21,852.85,clothing,atm,0,1e-04,ALLOW,1
2023-10-23 10:21:35,3489.63,electronics,atm,0,0.0,ALLOW,1
2023-10-23 10:31:56,327.61,online_gaming,in_store,0,1e-04,ALLOW,1
2023-10-23 10:58:21,63.06,jewelry,mobile_app,0,0.0002,ALLOW,1
2023-10-23 11:06:52,77.66,restaurant,atm,0,0.0003,ALLOW,1
2023-10-23 11:24:36,3458.29,online_gaming,in_store,0,0.0013,ALLOW,1
2023-10-23 11:34:18,1332.51,online_gaming,atm,0,1e-04,ALLOW,1
2023-10-23 11:44:29,2199.99,fuel,atm,0,0.0005,ALLOW,1
2023-10-23 11:57:05,8991.86,online_gaming,online,0,0.0125,ALLOW,1
2023-10-23 12:06:35,77.23,entertainment,online,0,1e-04,ALLOW,1
2023-10-23 12:16:39,421.16,jewelry,mobile_app,0,0.0006,ALLOW,1
2023-10-23 12:17:53,1203.86,entertainment,online,0,0.0,ALLOW,1
2023-10-23 12:25:57,647.3,clothing,in_store,0,0.0002,ALLOW,1
2023-10-23 12:45:13,1031.57,clothing,online,0,0.0003,ALLOW,1
2023-10-23 12:47:17,3394.26,entertainment,atm,0,1e-04,ALLOW,1
2023-10-23 12:49:35,318.15,fuel,online,0,1e-04,ALLOW,1
2023-10-23 12:57:47,942.39,travel,mobile_app,0,1e-04,ALLOW,1
2023-10-23 13:06:26,960.85,fuel,in_store,0,0.0004,ALLOW,1
2023-10-23 13:12:55,431.91,clothing,online,0,0.0069,ALLOW,1
2023-10-23 13:31:41,130.21,jewelry,atm,0,0.0008,ALLOW,1
2023-10-23 13:35:04,456.37,entertainment,mobile_app,0,1e-04,ALLOW,1
2023-10-23 13:43:17,1375.86,clothing,mobile_app,0,0.0,ALLOW,1
2023-10-23 13:51:38,104.35,pharmacy,mobile_app,0,0.0,ALLOW,1
2023-10-23 13:52:37,10.0,restaurant,online,0,0.0014,ALLOW,1
2023-10-23 14:20:33,2093.68,travel,atm,0,0.002,ALLOW,1
2023-10-23 14:22:35,1144.61,clothing,online,0,0.0,ALLOW,1
2023-10-23 14:28:06,5371.24,electronics,in_store,0,1e-04,ALLOW,1
2023-10-23 14:38:53,1752.07,clothing,online,0,1e-04,ALLOW,1
2023-10-23 14:44:28,442.0,pharmacy,online,0,1e-04,ALLOW,1
2023-10-23 14:55:23,4398.69,online_gaming,online,0,1e-04,ALLOW,1
2023-10-23 15:09:51,1683.14,clothing,online,0,0.0,ALLOW,1
2023-10-23 15:23:38,2308.24,entertainment,online,0,0.0009,ALLOW,1
2023-10-23 15:40:46,749.39,travel,mobile_app,0,1e-04,ALLOW,1
2023-10-23 15:48:04,291.22,fuel,atm,0,0.0,ALLOW,1
2023-10-23 15:59:15,848.78,restaurant,online,0,0.0005,ALLOW,1
2023-10-23 16:24:21,3950.04,electronics,mobile_app,0,0.0002,ALLOW,1
2023-10-23 16:26:58,2008.97,fuel,in_store,0,0.0,ALLOW,1
2023-10-23 16:32:38,317.38,electronics,online,0,0.0002,ALLOW,1
2023-10-23 17:18:31,420.35,jewelry,atm,0,0.0003,ALLOW,1
2023-10-23 17:20:36,962.76,travel,in_store,0,0.001,ALLOW,1
2023-10-23 17:33:43,1417.62,pharmacy,mobile_app,0,1e-04,ALLOW,1
2023-10-23 17:42:17,2466.49,travel,atm,0,0.0003,ALLOW,1
2023-10-23 17:47:03,2424.25,grocery,online,0,1e-04,ALLOW,1
2023-10-23 17:49:03,87.99,restaurant,in_store,0,0.0007,ALLOW,1
2023-10-23 17:49:29,349.44,pharmacy,in_store,0,1e-04,ALLOW,1
2023-10-23 17:54:52,1955.13,fuel,in_store,0,0.0004,ALLOW,1
2023-10-23 17:57:49,797.6,clothing,in_store,1,1.0,REVIEW,1
2023-10-23 18:20:53,664.39,jewelry,online,0,0.0011,ALLOW,1
2023-10-23 18:33:11,469.54,fuel,atm,0,1e-04,ALLOW,1
2023-10-23 18:35:17,299.5,jewelry,mobile_app,0,1e-04,ALLOW,1
2023-10-23 18:56:41,1237.74,jewelry,mobile_app,0,1e-04,ALLOW,1
2023-10-23 19:27:28,1388.56,pharmacy,online,0,0.0003,ALLOW,1
2023-10-23 19:50:03,2052.31,clothing,online,0,0.0003,ALLOW,1
2023-10-23 19:50:10,23.26,online_gaming,in_store,0,0.0002,ALLOW,1
2023-10-23 20:07:22,556.27,jewelry,mobile_app,0,1e-04,ALLOW,1
2023-10-23 20:24:01,2035.4,online_gaming,in_store,0,0.0004,ALLOW,1
2023-10-23 20:46:21,537.46,grocery,in_store,0,1e-04,ALLOW,1
2023-10-23 21:09:48,1118.56,grocery,in_store,0,1e-04,ALLOW,1
2023-10-23 21:29:32,1930.28,electronics,online,0,0.0,ALLOW,1
2023-10-23 22:20:16,305.06,clothing,online,0,0.0006,ALLOW,1
2023-10-23 22:26:49,569.97,online_gaming,in_store,0,0.0,ALLOW,1
2023-10-23 22:46:50,1184.29,jewelry,in_store,0,0.0003,ALLOW,1
2023-10-23 23:04:41,1290.98,restaurant,in_store,0,0.0003,ALLOW,1
2023-10-23 23:04:57,1482.56,electronics,online,0,0.0,ALLOW,1
2023-10-23 23:18:54,146.7,online_gaming,mobile_app,0,0.0002,ALLOW,1
2023-10-23 23:29:57,1410.55,pharmacy,online,0,1e-04,ALLOW,1
2023-10-23 23:31:52,1113.2,restaurant,in_store,0,0.0008,ALLOW,1
2023-10-23 23:43:59,3277.5,restaurant,atm,0,0.0,ALLOW,1
2023-10-23 23:50:57,2997.96,electronics,online,0,1e-04,ALLOW,1
2023-10-23 23:56:41,3068.67,jewelry,in_store,0,0.0002,ALLOW,1
2023-10-24 00:11:40,2544.46,entertainment,online,0,0.0,ALLOW,1
2023-10-24 00:24:48,1217.99,clothing,mobile_app,0,0.0,ALLOW,1
2023-10-24 00:29:18,3227.46,electronics,atm,1,0.026,ALLOW,0
2023-10-24 00:38:07,341.08,fuel,atm,0,0.0005,ALLOW,1
2023-10-24 00:58:28,2791.38,jewelry,mobile_app,0,0.0026,ALLOW,1
2023-10-24 01:17:14,711.28,restaurant,online,0,0.0,ALLOW,1
2023-10-24 01:45:08,5585.67,restaurant,in_store,0,0.0,ALLOW,1
2023-10-24 01:52:36,941.53,clothing,atm,0,1e-04,ALLOW,1
2023-10-24 02:10:12,961.33,fuel,atm,0,0.0,ALLOW,1
2023-10-24 02:10:57,1972.59,clothing,mobile_app,0,0.0002,ALLOW,1
2023-10-24 02:14:52,269.35,pharmacy,atm,0,0.0006,ALLOW,1
2023-10-24 02:15:49,105.9,restaurant,atm,0,0.0006,ALLOW,1
2023-10-24 02:25:11,960.53,clothing,mobile_app,0,0.0005,ALLOW,1
2023-10-24 02:28:30,3568.66,restaurant,mobile_app,0,0.0,ALLOW,1
2023-10-24 02:43:36,4145.36,grocery,mobile_app,0,0.0007,ALLOW,1
2023-10-24 02:43:51,689.95,grocery,online,0,0.0,ALLOW,1
2023-10-24 02:46:21,2181.27,fuel,online,0,0.0022,ALLOW,1
2023-10-24 02:56:17,827.14,electronics,online,0,0.0004,ALLOW,1
2023-10-24 02:59:45,1501.45,entertainment,online,0,0.0,ALLOW,1
2023-10-24 03:09:14,1383.08,travel,mobile_app,0,0.0002,ALLOW,1
2023-10-24 03:10:20,887.21,fuel,mobile_app,0,0.0,ALLOW,1
2023-10-24 03:20:18,1170.35,grocery,mobile_app,0,1e-04,ALLOW,1
2023-10-24 03:34:03,222.34,jewelry,atm,0,0.0002,ALLOW,1
2023-10-24 04:40:02,4225.66,jewelry,online,0,0.0,ALLOW,1
2023-10-24 04:46:56,6803.57,entertainment,in_store,0,0.0,ALLOW,1
2023-10-24 04:50:18,512.24,pharmacy,mobile_app,0,1e-04,ALLOW,1
2023-10-24 04:55:31,6796.61,pharmacy,atm,0,0.0146,ALLOW,1
2023-10-24 05:11:18,1797.41,entertainment,atm,0,0.0003,ALLOW,1
2023-10-24 05:21:25,279.74,restaurant,mobile_app,0,0.0009,ALLOW,1
2023-10-24 05:28:04,359.29,jewelry,in_store,0,0.0,ALLOW,1
2023-10-24 05:28:31,5891.12,clothing,online,0,1e-04,ALLOW,1
2023-10-24 05:39:00,649.54,travel,mobile_app,0,1e-04,ALLOW,1
2023-10-24 05:48:35,1416.95,fuel,mobile_app,0,0.0004,ALLOW,1
2023-10-24 06:15:09,2782.63,restaurant,atm,0,1e-04,ALLOW,1
2023-10-24 06:38:42,10.0,clothing,online,0,0.0028,ALLOW,1
2023-10-24 06:43:18,550.88,clothing,atm,0,1e-04,ALLOW,1
2023-10-24 06:48:23,477.73,entertainment,in_store,0,0.0,ALLOW,1
2023-10-24 07:04:40,1473.49,restaurant,in_store,0,0.001,ALLOW,1
2023-10-24 07:06:10,4378.81,entertainment,mobile_app,0,0.0003,ALLOW,1
2023-10-24 07:07:06,5129.92,restaurant,mobile_app,0,0.0008,ALLOW,1
2023-10-24 07:27:24,1690.05,restaurant,in_store,0,1e-04,ALLOW,1
2023-10-24 07:28:01,1117.39,pharmacy,mobile_app,0,0.0003,ALLOW,1
2023-10-24 07:39:38,1120.49,fuel,in_store,0,0.0002,ALLOW,1
2023-10-24 07:49:41,697.92,fuel,atm,0,0.0002,ALLOW,1
2023-10-24 07:52:03,145.81,pharmacy,online,0,0.0014,ALLOW,1
2023-10-24 07:59:38,3467.72,travel,atm,0,0.0004,ALLOW,1
2023-10-24 08:20:43,4371.03,fuel,online,0,1e-04,ALLOW,1
2023-10-24 09:08:41,3281.13,fuel,atm,0,1e-04,ALLOW,1
2023-10-24 09:37:09,448.56,jewelry,atm,0,0.0007,ALLOW,1
2023-10-24 09:44:23,732.88,grocery,in_store,0,1e-04,ALLOW,1
2023-10-24 10:17:03,60.89,grocery,mobile_app,0,0.0002,ALLOW,1
2023-10-24 10:53:10,1638.77,clothing,in_store,0,1e-04,ALLOW,1
2023-10-24 10:56:07,1651.85,grocery,atm,0,0.0,ALLOW,1
2023-10-24 11:03:20,1295.4,pharmacy,mobile_app,0,1e-04,ALLOW,1
2023-10-24 11:17:05,1383.16,electronics,in_store,0,0.0,ALLOW,1
2023-10-24 11:26:02,1766.1,clothing,mobile_app,0,0.0002,ALLOW,1
2023-10-24 11:38:27,4436.82,pharmacy,mobile_app,0,0.0,ALLOW,1
2023-10-24 11:47:44,1612.05,clothing,mobile_app,0,0.0034,ALLOW,1
2023-10-24 11:56:27,1648.05,pharmacy,in_store,0,1e-04,ALLOW,1
2023-10-24 11:57:25,891.44,online_gaming,online,0,0.0,ALLOW,1
2023-10-24 11:57:38,418.44,online_gaming,atm,0,1e-04,ALLOW,1
2023-10-24 12:10:39,711.8,electronics,mobile_app,0,0.0,ALLOW,1
2023-10-24 12:11:57,725.33,clothing,online,0,0.0002,ALLOW,1
2023-10-24 12:32:29,60.02,entertainment,online,0,0.0002,ALLOW,1
2023-10-24 12:41:55,2562.26,clothing,mobile_app,0,1e-04,ALLOW,1
2023-10-24 12:44:10,320.59,grocery,atm,0,0.0003,ALLOW,1
2023-10-24 12:45:41,18.95,grocery,in_store,0,0.0004,ALLOW,1
2023-10-24 13:11:53,110.51,electronics,online,0,0.0004,ALLOW,1
2023-10-24 13:18:00,1802.4,grocery,in_store,0,0.0007,ALLOW,1
2023-10-24 13:21:27,1218.01,pharmacy,mobile_app,0,1e-04,ALLOW,1
2023-10-24 13:26:22,2757.97,online_gaming,atm,0,0.0021,ALLOW,1
2023-10-24 13:38:06,1992.23,entertainment,in_store,0,0.0004,ALLOW,1
2023-10-24 13:45:47,2340.99,electronics,atm,0,0.0004,ALLOW,1
2023-10-24 13:52:29,2361.79,jewelry,in_store,0,0.0003,ALLOW,1
2023-10-24 13:57:07,2244.22,fuel,atm,0,1e-04,ALLOW,1
2023-10-24 13:59:28,3452.32,grocery,atm,0,0.0002,ALLOW,1
2023-10-24 14:14:00,108.61,pharmacy,in_store,0,1e-04,ALLOW,1
2023-10-24 14:23:48,555.14,pharmacy,in_store,0,0.0009,ALLOW,1
2023-10-24 14:32:42,2195.84,jewelry,atm,0,0.0002,ALLOW,1
2023-10-24 14:34:29,473.92,fuel,mobile_app,0,0.0007,ALLOW,1
2023-10-24 14:52:32,88.8,clothing,mobile_app,0,1e-04,ALLOW,1
2023-10-24 14:59:23,1499.7,grocery,in_store,0,0.0002,ALLOW,1
2023-10-24 15:18:01,1840.46,electronics,in_store,0,1e-04,ALLOW,1
2023-10-24 15:49:14,1373.97,online_gaming,online,0,0.0,ALLOW,1
2023-10-24 15:55:54,111.93,entertainment,in_store,0,0.0012,ALLOW,1
2023-10-24 15:59:29,641.39,online_gaming,mobile_app,0,1e-04,ALLOW,1
2023-10-24 16:15:43,1390.45,clothing,mobile_app,0,0.0002,ALLOW,1
2023-10-24 16:27:28,1164.8,entertainment,atm,0,0.0033,ALLOW,1
2023-10-24 16:29:43,69.51,jewelry,online,0,0.0024,ALLOW,1
2023-10-24 16:34:26,3534.63,grocery,mobile_app,0,1e-04,ALLOW,1
2023-10-24 16:46:14,2478.53,fuel,atm,0,0.0023,ALLOW,1
2023-10-24 16:54:57,993.44,grocery,mobile_app,0,0.0002,ALLOW,1
2023-10-24 17:05:01,4311.42,restaurant,atm,1,1.0,REVIEW,1
2023-10-24 17:29:15,3099.3,electronics,mobile_app,0,0.0,ALLOW,1
2023-10-24 17:31:08,1349.77,entertainment,online,0,0.0,ALLOW,1
2023-10-24 18:07:25,208.56,fuel,mobile_app,0,0.0003,ALLOW,1
2023-10-24 18:21:25,217.09,restaurant,in_store,0,0.0002,ALLOW,1
2023-10-24 18:29:51,682.57,electronics,mobile_app,0,0.0004,ALLOW,1
2023-10-24 18:59:48,3949.92,clothing,online,0,1e-04,ALLOW,1
2023-10-24 19:20:45,1160.83,fuel,mobile_app,0,0.0026,ALLOW,1
2023-10-24 20:17:50,3293.43,clothing,in_store,0,1e-04,ALLOW,1
2023-10-24 20:43:02,3215.85,entertainment,in_store,0,0.0,ALLOW,1
2023-10-24 21:03:19,4145.15,entertainment,online,0,0.0,ALLOW,1
2023-10-24 21:29:39,1256.89,fuel,mobile_app,0,1e-04,ALLOW,1
2023-10-24 21:46:40,429.68,entertainment,online,0,1e-04,ALLOW,1
2023-10-24 21:55:39,3215.76,restaurant,atm,0,0.0042,ALLOW,1
2023-10-24 21:59:27,138.13,fuel,in_store,0,0.0002,ALLOW,1
2023-10-24 22:06:44,564.55,grocery,atm,0,1e-04,ALLOW,1
2023-10-24 22:16:11,577.32,clothing,mobile_app,0,0.0006,ALLOW,1
2023-10-24 22:23:54,2138.81,electronics,mobile_app,0,0.0,ALLOW,1
2023-10-24 22:26:12,1254.03,travel,atm,0,0.0003,ALLOW,1
2023-10-24 22:39:34,959.37,fuel,online,0,1e-04,ALLOW,1
2023-10-24 22:40:48,100.5,online_gaming,online,0,0.0002,ALLOW,1
2023-10-24 22:47:06,1549.78,pharmacy,online,0,0.0,ALLOW,1
2023-10-24 22:50:43,1920.46,grocery,online,0,0.0004,ALLOW,1
2023-10-24 23:35:35,2696.19,jewelry,in_store,1,0.9834,REVIEW,1
2023-10-24 23:41:08,1617.1,grocery,online,0,0.001,ALLOW,1
2023-10-24 23:41:44,886.6,pharmacy,mobile_app,0,1e-04,ALLOW,1
2023-10-24 23:56:47,1365.18,fuel,in_store,0,0.0006,ALLOW,1
2023-10-25 00:22:14,1513.35,online_gaming,mobile_app,0,1e-04,ALLOW,1
2023-10-25 00:24:20,1871.89,electronics,mobile_app,0,0.0002,ALLOW,1
2023-10-25 00:52:14,4720.85,clothing,in_store,0,0.0002,ALLOW,1
2023-10-25 01:03:35,1758.02,online_gaming,in_store,0,0.0006,ALLOW,1
2023-10-25 01:27:11,402.47,grocery,atm,0,1e-04,ALLOW,1
2023-10-25 01:27:26,2177.0,grocery,mobile_app,0,0.0,ALLOW,1
2023-10-25 01:33:36,104.86,travel,in_store,0,0.0003,ALLOW,1
2023-10-25 02:07:04,7743.32,fuel,atm,0,0.0049,ALLOW,1
2023-10-25 02:07:50,126.45,clothing,in_store,0,0.0009,ALLOW,1
2023-10-25 02:15:02,6545.77,fuel,in_store,0,0.0,ALLOW,1
2023-10-25 02:26:03,1411.13,grocery,online,0,0.0003,ALLOW,1
2023-10-25 02:34:36,4085.13,pharmacy,online,0,1e-04,ALLOW,1
2023-10-25 03:23:03,1087.08,travel,atm,0,1e-04,ALLOW,1
2023-10-25 03:37:01,537.22,jewelry,in_store,0,0.0008,ALLOW,1
2023-10-25 03:40:43,5533.54,grocery,atm,0,1e-04,ALLOW,1
2023-10-25 03:47:27,1246.86,online_gaming,mobile_app,0,0.0002,ALLOW,1
2023-10-25 03:57:27,927.27,pharmacy,atm,0,0.0107,ALLOW,1
2023-10-25 04:08:39,533.66,grocery,atm,0,0.0004,ALLOW,1
2023-10-25 04:10:51,176.09,grocery,atm,0,0.0004,ALLOW,1
2023-10-25 04:10:52,2381.55,restaurant,online,0,0.0003,ALLOW,1
2023-10-25 04:23:07,80.97,clothing,in_store,0,0.0002,ALLOW,1
2023-10-25 05:05:23,2221.68,pharmacy,atm,0,1e-04,ALLOW,1
2023-10-25 05:14:31,2497.24,jewelry,in_store,0,1e-04,ALLOW,1
2023-10-25 05:15:17,717.01,clothing,online,0,0.0033,ALLOW,1
2023-10-25 05:16:03,510.71,grocery,atm,0,0.0002,ALLOW,1
2023-10-25 05:30:26,914.15,pharmacy,atm,0,0.0,ALLOW,1
2023-10-25 05:31:26,188.99,clothing,mobile_app,0,1e-04,ALLOW,1
2023-10-25 05:32:48,1516.54,electronics,mobile_app,0,0.0,ALLOW,1
2023-10-25 05:37:18,2944.18,entertainment,online,0,0.0004,ALLOW,1
2023-10-25 05:43:00,3821.79,clothing,atm,0,0.0002,ALLOW,1
2023-10-25 05:51:15,221.69,travel,online,0,0.0003,ALLOW,1
2023-10-25 05:53:37,5620.28,fuel,online,0,0.0972,ALLOW,1
2023-10-25 06:00:13,2068.85,entertainment,mobile_app,0,0.0,ALLOW,1
2023-10-25 06:00:30,4892.71,clothing,online,0,0.0004,ALLOW,1
2023-10-25 06:18:00,826.98,travel,in_store,0,1e-04,ALLOW,1
2023-10-25 06:22:27,1881.17,jewelry,online,0,1e-04,ALLOW,1
2023-10-25 06:23:37,182.54,electronics,mobile_app,0,0.0004,ALLOW,1
2023-10-25 06:36:45,466.97,electronics,online,0,1e-04,ALLOW,1
2023-10-25 06:37:41,578.99,pharmacy,atm,0,0.0,ALLOW,1
2023-10-25 07:04:35,293.16,pharmacy,online,0,1e-04,ALLOW,1
2023-10-25 07:08:24,7072.01,online_gaming,atm,1,0.9982,REVIEW,1
2023-10-25 07:12:40,1021.31,fuel,online,0,0.0,ALLOW,1
2023-10-25 07:16:12,114.25,restaurant,mobile_app,0,1e-04,ALLOW,1
2023-10-25 07:57:17,1273.2,grocery,atm,0,1e-04,ALLOW,1
2023-10-25 08:04:49,66.53,grocery,atm,0,0.0002,ALLOW,1
2023-10-25 08:11:22,1715.31,fuel,online,0,1e-04,ALLOW,1
2023-10-25 08:47:21,316.2,jewelry,online,0,0.0003,ALLOW,1
2023-10-25 08:52:53,1090.73,grocery,atm,0,1e-04,ALLOW,1
2023-10-25 09:08:17,3242.97,fuel,atm,0,0.0003,ALLOW,1
2023-10-25 09:14:18,1299.61,jewelry,atm,0,0.0,ALLOW,1
2023-10-25 09:15:50,710.36,entertainment,mobile_app,0,0.0011,ALLOW,1
2023-10-25 09:16:52,155.55,clothing,atm,0,0.0006,ALLOW,1
2023-10-25 09:27:47,445.59,jewelry,mobile_app,0,0.0,ALLOW,1
2023-10-25 09:41:50,653.86,pharmacy,in_store,0,1e-04,ALLOW,1
2023-10-25 10:14:25,2886.67,online_gaming,atm,0,1e-04,ALLOW,1
2023-10-25 10:20:29,1609.32,entertainment,mobile_app,0,0.0,ALLOW,1
2023-10-25 10:35:00,100.7,restaurant,online,0,0.0002,ALLOW,1
2023-10-25 10:40:51,1997.18,online_gaming,atm,0,1e-04,ALLOW,1
2023-10-25 10:45:51,3926.39,electronics,online,0,0.0565,ALLOW,1
2023-10-25 10:54:54,560.24,grocery,mobile_app,0,0.0002,ALLOW,1
2023-10-25 10:56:39,137.02,grocery,mobile_app,0,0.0008,ALLOW,1
2023-10-25 11:03:42,330.7,pharmacy,in_store,0,0.0002,ALLOW,1
2023-10-25 11:09:44,553.82,grocery,online,0,0.0002,ALLOW,1
2023-10-25 11:10:47,487.11,fuel,atm,0,1e-04,ALLOW,1
2023-10-25 11:14:27,3098.59,jewelry,in_store,0,0.0,ALLOW,1
2023-10-25 11:56:50,1160.68,restaurant,atm,0,0.0,ALLOW,1
2023-10-25 12:15:04,174.78,pharmacy,online,0,1e-04,ALLOW,1
2023-10-25 12:15:19,1500.89,pharmacy,atm,0,0.0,ALLOW,1
2023-10-25 12:19:52,1022.33,restaurant,atm,0,1e-04,ALLOW,1
2023-10-25 12:38:52,1388.49,clothing,online,0,1e-04,ALLOW,1
2023-10-25 12:51:32,3402.47,grocery,mobile_app,0,0.0007,ALLOW,1
2023-10-25 12:58:24,131.98,online_gaming,online,0,0.0006,ALLOW,1
2023-10-25 13:06:25,1148.68,entertainment,in_store,0,0.0002,ALLOW,1
2023-10-25 13:07:02,2009.51,electronics,online,1,0.9999,REVIEW,1
2023-10-25 13:11:24,2489.58,pharmacy,online,0,1e-04,ALLOW,1
2023-10-25 13:18:37,2861.29,online_gaming,mobile_app,0,0.0011,ALLOW,1
2023-10-25 13:57:20,611.53,clothing,mobile_app,1,0.9999,REVIEW,1
2023-10-25 14:03:44,1881.32,travel,atm,0,1e-04,ALLOW,1
2023-10-25 14:20:38,1631.3,fuel,in_store,0,0.0,ALLOW,1
2023-10-25 14:21:06,4170.54,entertainment,atm,0,1e-04,ALLOW,1
2023-10-25 14:35:11,466.48,grocery,mobile_app,0,0.0,ALLOW,1
2023-10-25 14:35:22,2396.4,jewelry,online,0,0.0002,ALLOW,1
2023-10-25 14:42:51,99.65,travel,mobile_app,0,0.0002,ALLOW,1
2023-10-25 14:48:12,188.75,pharmacy,in_store,0,0.0002,ALLOW,1
2023-10-25 14:51:39,3399.36,online_gaming,mobile_app,0,0.0014,ALLOW,1
2023-10-25 14:53:20,471.85,pharmacy,atm,0,0.0,ALLOW,1
2023-10-25 14:55:41,2880.14,jewelry,online,0,0.0002,ALLOW,1
2023-10-25 14:56:52,304.64,online_gaming,online,0,0.0002,ALLOW,1
2023-10-25 14:57:02,1001.46,fuel,in_store,0,0.0002,ALLOW,1
2023-10-25 14:59:00,207.21,pharmacy,online,0,0.0008,ALLOW,1
2023-10-25 15:05:55,4654.23,clothing,mobile_app,0,1e-04,ALLOW,1
2023-10-25 15:07:38,618.75,clothing,in_store,0,0.0003,ALLOW,1
2023-10-25 15:11:41,108.76,online_gaming,in_store,0,0.0002,ALLOW,1
2023-10-25 15:34:13,748.98,online_gaming,atm,0,1e-04,ALLOW,1
2023-10-25 15:35:59,1596.04,grocery,in_store,0,0.0,ALLOW,1
2023-10-25 15:54:14,1856.87,grocery,online,0,0.0,ALLOW,1
2023-10-25 16:16:24,154.14,entertainment,mobile_app,0,0.0002,ALLOW,1
2023-10-25 16:19:36,1595.06,fuel,atm,0,1e-04,ALLOW,1
2023-10-25 16:36:01,4287.9,online_gaming,atm,0,1e-04,ALLOW,1
2023-10-25 16:37:56,4439.85,travel,in_store,0,1e-04,ALLOW,1
2023-10-25 16:41:23,1395.4,grocery,online,0,0.0004,ALLOW,1
2023-10-25 16:45:03,821.28,clothing,atm,0,0.0,ALLOW,1
2023-10-25 16:51:54,5138.41,restaurant,atm,1,1.0,REVIEW,1
2023-10-25 17:13:32,2925.64,restaurant,mobile_app,0,0.0002,ALLOW,1
2023-10-25 17:20:36,2718.5,jewelry,online,0,0.0003,ALLOW,1
2023-10-25 17:30:28,2805.48,jewelry,atm,0,1e-04,ALLOW,1
2023-10-25 17:48:50,1462.7,grocery,atm,0,0.0002,ALLOW,1
2023-10-25 17:50:11,2034.82,entertainment,in_store,0,0.2102,ALLOW,1
2023-10-25 17:59:34,6321.72,pharmacy,atm,0,0.0002,ALLOW,1
2023-10-25 18:17:35,1040.94,clothing,mobile_app,0,0.0,ALLOW,1
2023-10-25 18:27:38,405.05,entertainment,mobile_app,0,0.0003,ALLOW,1
2023-10-25 18:50:11,109.29,travel,atm,0,0.0002,ALLOW,1
2023-10-25 19:31:42,10020.97,restaurant,online,1,0.9999,REVIEW,1
2023-10-25 19:32:09,16352.98,entertainment,in_store,0,0.0104,ALLOW,1
2023-10-25 19:35:11,960.51,pharmacy,in_store,0,1e-04,ALLOW,1
2023-10-25 19:50:46,506.21,online_gaming,mobile_app,0,0.0005,ALLOW,1
2023-10-25 19:52:43,1544.48,travel,in_store,0,0.0009,ALLOW,1
2023-10-25 20:08:44,1827.2,pharmacy,mobile_app,0,1e-04,ALLOW,1
2023-10-25 20:12:28,1062.0,electronics,atm,0,0.0003,ALLOW,1
2023-10-25 20:21:00,3151.42,fuel,mobile_app,0,0.0,ALLOW,1
2023-10-25 20:33:40,1431.51,online_gaming,mobile_app,0,0.0003,ALLOW,1
2023-10-25 20:49:44,1303.98,pharmacy,mobile_app,0,1e-04,ALLOW,1
2023-10-25 21:24:18,1189.76,restaurant,in_store,0,0.0002,ALLOW,1
2023-10-25 21:39:40,28.4,electronics,atm,0,0.0002,ALLOW,1
2023-10-25 21:40:03,17.38,pharmacy,in_store,0,0.0002,ALLOW,1
2023-10-25 21:46:18,2218.54,entertainment,in_store,0,1e-04,ALLOW,1
2023-10-25 22:02:55,1160.91,pharmacy,in_store,0,0.0003,ALLOW,1
2023-10-25 22:22:54,116.25,fuel,mobile_app,0,0.0015,ALLOW,1
2023-10-25 22:42:22,2822.12,entertainment,in_store,0,0.0006,ALLOW,1
2023-10-25 22:49:43,680.94,fuel,mobile_app,0,0.0024,ALLOW,1
2023-10-25 23:09:33,158.36,online_gaming,online,0,0.0005,ALLOW,1
2023-10-25 23:13:17,985.46,entertainment,mobile_app,0,0.0002,ALLOW,1
2023-10-25 23:16:04,346.18,online_gaming,atm,0,0.0003,ALLOW,1
2023-10-25 23:20:09,448.97,restaurant,atm,0,0.0003,ALLOW,1
2023-10-25 23:20:45,1830.72,jewelry,mobile_app,0,0.0,ALLOW,1
2023-10-25 23:24:30,1358.28,jewelry,online,0,1e-04,ALLOW,1
2023-10-25 23:46:15,638.67,travel,mobile_app,0,0.0088,ALLOW,1
2023-10-26 00:12:55,4072.29,electronics,atm,0,0.0,ALLOW,1
2023-10-26 00:20:41,994.06,fuel,mobile_app,0,0.0002,ALLOW,1
2023-10-26 00:27:57,199.99,electronics,mobile_app,0,0.0004,ALLOW,1
2023-10-26 00:59:25,393.72,clothing,atm,0,1e-04,ALLOW,1
2023-10-26 01:05:51,593.89,jewelry,mobile_app,0,1e-04,ALLOW,1
2023-10-26 01:11:40,716.77,fuel,online,0,1e-04,ALLOW,1
2023-10-26 01:35:14,4009.44,entertainment,mobile_app,0,0.0024,ALLOW,1
2023-10-26 01:39:51,1618.12,jewelry,online,0,0.0003,ALLOW,1
2023-10-26 01:47:09,263.19,electronics,atm,0,0.0002,ALLOW,1
2023-10-26 02:14:08,597.62,travel,online,0,0.0005,ALLOW,1
2023-10-26 02:20:14,863.74,electronics,online,0,1e-04,ALLOW,1
2023-10-26 02:39:50,499.01,electronics,atm,0,1e-04,ALLOW,1
2023-10-26 02:46:37,6272.11,online_gaming,online,1,0.9991,REVIEW,1
2023-10-26 03:03:00,438.56,clothing,atm,0,0.0002,ALLOW,1
2023-10-26 03:12:56,108.39,jewelry,mobile_app,0,1e-04,ALLOW,1
2023-10-26 03:20:49,2795.27,clothing,mobile_app,0,0.0,ALLOW,1
2023-10-26 03:25:11,1442.83,fuel,online,0,0.0002,ALLOW,1
2023-10-26 03:32:00,3961.53,clothing,atm,0,1e-04,ALLOW,1
2023-10-26 03:37:51,606.45,pharmacy,atm,0,0.0005,ALLOW,1
2023-10-26 03:39:00,131.01,online_gaming,in_store,0,0.0002,ALLOW,1
2023-10-26 03:40:01,112.94,electronics,mobile_app,0,0.0006,ALLOW,1
2023-10-26 04:19:16,512.39,restaurant,mobile_app,0,0.0,ALLOW,1
2023-10-26 04:20:07,2459.13,online_gaming,online,0,0.0002,ALLOW,1
2023-10-26 04:32:25,4621.12,online_gaming,in_store,0,1e-04,ALLOW,1
2023-10-26 04:42:21,139.58,fuel,atm,0,0.0004,ALLOW,1
2023-10-26 04:47:56,177.73,electronics,in_store,0,1e-04,ALLOW,1
2023-10-26 05:01:59,56.17,fuel,mobile_app,0,1e-04,ALLOW,1
2023-10-26 05:06:54,11474.76,online_gaming,in_store,0,0.0017,ALLOW,1
2023-10-26 05:17:49,77.75,online_gaming,mobile_app,0,0.0011,ALLOW,1
2023-10-26 05:33:58,39.3,restaurant,in_store,0,1e-04,ALLOW,1
2023-10-26 05:55:17,966.77,electronics,mobile_app,0,0.0,ALLOW,1
2023-10-26 06:00:09,3758.31,jewelry,atm,1,1.0,REVIEW,1
2023-10-26 06:01:46,10.0,online_gaming,mobile_app,0,1e-04,ALLOW,1
2023-10-26 06:05:16,2977.32,online_gaming,atm,0,0.0003,ALLOW,1
2023-10-26 06:47:12,10.0,online_gaming,atm,0,1e-04,ALLOW,1
2023-10-26 07:00:52,621.12,pharmacy,in_store,0,1e-04,ALLOW,1
2023-10-26 07:05:42,1428.66,electronics,online,1,1.0,REVIEW,1
2023-10-26 07:30:16,817.6,jewelry,mobile_app,0,0.0015,ALLOW,1
2023-10-26 07:42:06,1988.12,jewelry,in_store,0,0.0002,ALLOW,1
2023-10-26 08:04:27,842.03,electronics,mobile_app,0,0.0002,ALLOW,1
2023-10-26 08:05:22,8104.32,clothing,in_store,0,0.0068,ALLOW,1
2023-10-26 08:07:18,93.03,travel,in_store,0,1e-04,ALLOW,1
2023-10-26 08:09:42,3327.42,grocery,mobile_app,0,0.0,ALLOW,1
2023-10-26 08:09:53,1805.43,grocery,in_store,0,0.0002,ALLOW,1
2023-10-26 08:14:22,110.24,clothing,atm,0,0.0003,ALLOW,1
2023-10-26 08:25:14,2542.43,clothing,mobile_app,0,0.0004,ALLOW,1
2023-10-26 08:32:54,746.85,online_gaming,in_store,0,1e-04,ALLOW,1
2023-10-26 09:10:31,163.06,travel,atm,0,0.0005,ALLOW,1
2023-10-26 09:26:17,687.81,jewelry,atm,0,1e-04,ALLOW,1
2023-10-26 09:26:58,521.45,electronics,in_store,0,0.0,ALLOW,1
2023-10-26 09:30:15,1935.39,clothing,mobile_app,0,0.0261,ALLOW,1
2023-10-26 09:39:39,695.38,electronics,online,0,0.0002,ALLOW,1
2023-10-26 09:56:34,549.3,electronics,atm,0,0.0014,ALLOW,1
2023-10-26 09:59:24,1214.13,grocery,mobile_app,0,0.0003,ALLOW,1
2023-10-26 10:10:00,2919.63,pharmacy,online,0,0.0099,ALLOW,1
2023-10-26 10:15:49,4020.3,restaurant,mobile_app,0,0.0054,ALLOW,1
2023-10-26 10:18:20,534.85,pharmacy,mobile_app,0,0.0003,ALLOW,1
2023-10-26 10:20:07,340.33,travel,mobile_app,0,0.0,ALLOW,1
2023-10-26 10:23:42,3502.81,jewelry,atm,0,0.0002,ALLOW,1
2023-10-26 10:29:38,941.76,grocery,atm,0,0.0011,ALLOW,1
2023-10-26 10:34:49,870.02,travel,atm,0,0.0011,ALLOW,1
2023-10-26 10:39:23,256.65,electronics,in_store,0,0.0022,ALLOW,1
2023-10-26 10:43:08,3158.74,fuel,online,0,0.0,ALLOW,1
2023-10-26 10:45:46,48.36,travel,atm,0,1e-04,ALLOW,1
2023-10-26 10:46:20,873.95,restaurant,mobile_app,0,1e-04,ALLOW,1
2023-10-26 10:47:00,531.28,pharmacy,online,0,0.0003,ALLOW,1
2023-10-26 10:59:57,5031.51,fuel,in_store,0,0.0113,ALLOW,1
2023-10-26 11:27:29,10.0,clothing,in_store,0,0.0005,ALLOW,1
2023-10-26 11:33:24,3408.59,restaurant,in_store,1,0.9868,REVIEW,1
2023-10-26 11:39:36,1058.04,pharmacy,atm,0,0.0002,ALLOW,1
2023-10-26 11:48:50,1898.99,jewelry,mobile_app,0,1e-04,ALLOW,1
2023-10-26 11:58:25,1205.26,entertainment,atm,0,0.0,ALLOW,1
2023-10-26 11:59:28,2680.03,fuel,online,0,0.0004,ALLOW,1
2023-10-26 12:07:53,2727.91,entertainment,mobile_app,0,0.0,ALLOW,1
2023-10-26 12:15:56,1333.56,pharmacy,in_store,0,1e-04,ALLOW,1
2023-10-26 12:26:16,907.85,travel,in_store,0,0.0012,ALLOW,1
2023-10-26 12:30:29,3724.5,restaurant,mobile_app,0,1e-04,ALLOW,1
2023-10-26 12:36:01,1861.72,online_gaming,atm,0,0.0008,ALLOW,1
2023-10-26 12:46:16,1152.24,fuel,in_store,0,0.0,ALLOW,1
2023-10-26 12:49:15,8132.19,electronics,in_store,0,0.0352,ALLOW,1
2023-10-26 12:52:31,2416.28,pharmacy,in_store,0,0.0,ALLOW,1
2023-10-26 13:50:05,1036.31,clothing,in_store,0,0.0005,ALLOW,1
2023-10-26 13:55:42,1205.9,electronics,mobile_app,0,0.0007,ALLOW,1
2023-10-26 14:19:08,1399.22,online_gaming,online,0,1e-04,ALLOW,1
2023-10-26 14:51:55,2447.41,fuel,atm,0,0.0006,ALLOW,1
2023-10-26 15:09:20,2095.55,jewelry,online,0,1e-04,ALLOW,1
2023-10-26 15:11:34,41.13,pharmacy,mobile_app,0,1e-04,ALLOW,1
2023-10-26 15:36:37,4388.79,clothing,mobile_app,0,0.0002,ALLOW,1
2023-10-26 15:40:35,3922.73,restaurant,mobile_app,0,0.0002,ALLOW,1
2023-10-26 15:56:01,273.69,clothing,in_store,0,0.0002,ALLOW,1
2023-10-26 15:58:03,406.46,travel,online,0,0.0003,ALLOW,1
2023-10-26 16:07:29,3129.83,clothing,online,0,0.0,ALLOW,1
2023-10-26 16:10:41,1129.51,fuel,mobile_app,0,1e-04,ALLOW,1
2023-10-26 16:19:57,1295.3,grocery,online,0,1e-04,ALLOW,1
2023-10-26 16:40:34,1048.78,grocery,in_store,0,0.0596,ALLOW,1
2023-10-26 16:41:53,206.18,pharmacy,online,0,0.0003,ALLOW,1
2023-10-26 16:42:06,534.56,clothing,online,0,0.0135,ALLOW,1
2023-10-26 16:47:15,971.87,restaurant,atm,0,0.0004,ALLOW,1
2023-10-26 16:48:02,2121.61,entertainment,in_store,0,0.0,ALLOW,1
2023-10-26 16:58:21,1768.14,restaurant,in_store,0,0.0002,ALLOW,1
2023-10-26 17:01:23,36.93,electronics,atm,0,0.0002,ALLOW,1
2023-10-26 17:13:50,1303.04,jewelry,atm,0,0.0006,ALLOW,1
2023-10-26 17:29:36,3839.48,electronics,in_store,0,0.0008,ALLOW,1
2023-10-26 17:31:14,186.44,electronics,online,0,1e-04,ALLOW,1
2023-10-26 17:46:14,1946.56,entertainment,in_store,0,1e-04,ALLOW,1
2023-10-26 17:59:19,1273.44,entertainment,mobile_app,0,0.0,ALLOW,1
2023-10-26 18:06:12,103.4,restaurant,in_store,0,0.0005,ALLOW,1
2023-10-26 18:11:09,119.34,travel,in_store,0,0.0005,ALLOW,1
2023-10-26 18:12:45,559.57,fuel,atm,0,0.0002,ALLOW,1
2023-10-26 18:21:36,2697.63,travel,online,0,0.0005,ALLOW,1
2023-10-26 18:55:59,1762.2,online_gaming,atm,0,0.0006,ALLOW,1
2023-10-26 19:00:04,1514.69,entertainment,mobile_app,0,0.0,ALLOW,1
2023-10-26 19:12:13,1712.09,clothing,atm,0,0.0002,ALLOW,1
2023-10-26 19:20:58,2202.14,pharmacy,mobile_app,0,0.0002,ALLOW,1
2023-10-26 19:21:06,626.71,grocery,online,0,0.0002,ALLOW,1
2023-10-26 19:23:03,1863.5,electronics,online,0,0.0007,ALLOW,1
2023-10-26 19:24:02,238.3,online_gaming,online,0,0.0002,ALLOW,1
2023-10-26 19:57:07,623.34,jewelry,online,0,0.0002,ALLOW,1
2023-10-26 20:02:37,1875.26,clothing,online,0,1e-04,ALLOW,1
2023-10-26 20:14:52,1061.5,clothing,in_store,0,0.0002,ALLOW,1
2023-10-26 20:16:31,3164.55,travel,mobile_app,0,1e-04,ALLOW,1
2023-10-26 20:17:05,511.15,entertainment,in_store,0,0.0,ALLOW,1
2023-10-26 20:25:47,797.43,travel,atm,1,0.9999,REVIEW,1
2023-10-26 20:26:13,302.06,online_gaming,atm,0,0.0007,ALLOW,1
2023-10-26 20:47:14,1191.26,restaurant,online,0,0.0002,ALLOW,1
2023-10-26 20:50:59,2802.44,jewelry,in_store,0,0.0,ALLOW,1
2023-10-26 21:05:15,50.85,clothing,mobile_app,0,1e-04,ALLOW,1
2023-10-26 21:12:22,551.87,jewelry,in_store,0,1e-04,ALLOW,1
2023-10-26 21:24:02,994.2,fuel,mobile_app,0,0.0,ALLOW,1
2023-10-26 21:27:49,434.7,clothing,in_store,0,0.0002,ALLOW,1
2023-10-26 21:34:05,3284.6,jewelry,in_store,0,1e-04,ALLOW,1
2023-10-26 21:42:22,143.68,entertainment,mobile_app,0,0.0003,ALLOW,1
2023-10-26 21:53:22,2518.27,restaurant,in_store,0,0.0002,ALLOW,1
2023-10-26 21:54:10,1751.62,grocery,online,0,0.0015,ALLOW,1
2023-10-26 22:00:07,2027.83,pharmacy,online,0,1e-04,ALLOW,1
2023-10-26 22:02:36,76.32,restaurant,atm,0,1e-04,ALLOW,1
2023-10-26 22:17:49,6161.95,pharmacy,in_store,0,0.0021,ALLOW,1
2023-10-26 22:26:33,1203.46,fuel,online,0,0.0008,ALLOW,1
2023-10-26 22:28:02,1704.76,clothing,atm,0,0.0005,ALLOW,1
2023-10-26 22:41:14,2842.44,restaurant,online,0,1e-04,ALLOW,1
2023-10-26 22:42:58,1244.13,travel,in_store,0,0.0,ALLOW,1
2023-10-26 22:55:20,416.78,grocery,in_store,0,1e-04,ALLOW,1
2023-10-26 22:57:35,5714.25,restaurant,atm,0,0.0003,ALLOW,1
2023-10-26 23:06:52,5395.73,online_gaming,in_store,0,0.0002,ALLOW,1
2023-10-26 23:14:03,2734.23,clothing,online,0,0.0002,ALLOW,1
2023-10-26 23:15:51,8092.59,online_gaming,mobile_app,0,0.0377,ALLOW,1
2023-10-26 23:29:10,1639.26,entertainment,in_store,0,0.0009,ALLOW,1
2023-10-27 00:08:34,387.27,travel,online,0,0.0887,ALLOW,1
2023-10-27 00:24:36,454.34,electronics,in_store,0,0.0003,ALLOW,1
2023-10-27 00:32:25,2390.82,entertainment,in_store,0,1e-04,ALLOW,1
2023-10-27 00:44:34,1230.03,fuel,atm,0,0.0013,ALLOW,1
2023-10-27 00:47:03,97.67,travel,mobile_app,0,0.0004,ALLOW,1
2023-10-27 00:52:59,2810.62,jewelry,in_store,0,1e-04,ALLOW,1
2023-10-27 00:58:45,5944.6,electronics,in_store,0,1e-04,ALLOW,1
2023-10-27 01:00:56,329.51,grocery,in_store,0,1e-04,ALLOW,1
2023-10-27 01:05:36,268.8,clothing,online,0,0.0007,ALLOW,1
2023-10-27 01:06:13,149.16,clothing,online,0,0.0002,ALLOW,1
2023-10-27 01:09:49,228.34,online_gaming,in_store,0,0.0015,ALLOW,1
2023-10-27 01:13:22,95.0,grocery,atm,0,1e-04,ALLOW,1
2023-10-27 01:27:51,5084.79,online_gaming,atm,0,0.0,ALLOW,1
2023-10-27 01:40:58,823.29,travel,in_store,0,0.0003,ALLOW,1
2023-10-27 01:43:13,329.97,fuel,in_store,0,1e-04,ALLOW,1
2023-10-27 02:11:54,841.51,pharmacy,in_store,0,0.0,ALLOW,1
2023-10-27 02:22:38,652.57,restaurant,online,0,1e-04,ALLOW,1
2023-10-27 02:24:59,2442.66,electronics,online,0,0.0009,ALLOW,1
2023-10-27 02:36:23,485.1,fuel,atm,0,1e-04,ALLOW,1
2023-10-27 02:51:04,630.61,online_gaming,mobile_app,0,1e-04,ALLOW,1
2023-10-27 02:53:08,82.38,restaurant,in_store,0,0.0002,ALLOW,1
2023-10-27 03:06:29,1508.71,jewelry,atm,0,0.0,ALLOW,1
2023-10-27 03:10:25,4209.6,clothing,mobile_app,0,0.0008,ALLOW,1
2023-10-27 03:29:25,2274.46,online_gaming,online,0,0.0003,ALLOW,1
2023-10-27 03:38:49,971.01,travel,in_store,0,0.0005,ALLOW,1
2023-10-27 03:41:24,1647.57,clothing,atm,0,1e-04,ALLOW,1
2023-10-27 03:49:46,1509.71,electronics,atm,0,0.0,ALLOW,1
2023-10-27 03:54:26,852.31,fuel,online,0,0.0,ALLOW,1
2023-10-27 04:14:06,815.71,grocery,atm,0,0.0008,ALLOW,1
2023-10-27 04:19:48,1269.81,pharmacy,online,0,0.0,ALLOW,1
2023-10-27 04:34:37,930.41,travel,online,0,1e-04,ALLOW,1
2023-10-27 04:39:20,2065.66,online_gaming,mobile_app,0,0.0,ALLOW,1
2023-10-27 04:47:42,2499.66,travel,atm,0,1e-04,ALLOW,1
2023-10-27 04:49:09,2908.03,entertainment,in_store,0,1e-04,ALLOW,1
2023-10-27 04:59:30,2302.59,pharmacy,online,0,1e-04,ALLOW,1
2023-10-27 05:06:15,600.34,entertainment,online,0,1e-04,ALLOW,1
2023-10-27 05:14:30,1340.43,entertainment,in_store,0,0.0008,ALLOW,1
2023-10-27 05:18:03,62.49,fuel,mobile_app,0,1e-04,ALLOW,1
2023-10-27 05:20:13,1592.26,fuel,online,0,0.0,ALLOW,1
2023-10-27 05:58:47,252.04,online_gaming,mobile_app,0,0.0003,ALLOW,1
2023-10-27 06:13:34,138.12,pharmacy,in_store,0,0.0007,ALLOW,1
2023-10-27 06:16:59,4159.29,pharmacy,online,0,1e-04,ALLOW,1
2023-10-27 06:26:33,1277.65,travel,online,0,0.0002,ALLOW,1
2023-10-27 06:28:12,2751.06,grocery,atm,0,0.0026,ALLOW,1
2023-10-27 06:41:27,412.86,pharmacy,mobile_app,0,0.0003,ALLOW,1
2023-10-27 06:44:00,183.53,fuel,atm,0,0.0005,ALLOW,1
2023-10-27 06:47:57,964.12,travel,atm,0,0.0021,ALLOW,1
2023-10-27 06:53:31,1001.37,electronics,online,0,0.0033,ALLOW,1
2023-10-27 06:54:31,1124.64,fuel,online,0,1e-04,ALLOW,1
2023-10-27 06:57:15,1445.85,online_gaming,mobile_app,0,1e-04,ALLOW,1
2023-10-27 07:02:32,4103.37,pharmacy,in_store,0,0.0005,ALLOW,1
2023-10-27 07:18:09,253.01,pharmacy,in_store,0,0.0018,ALLOW,1
2023-10-27 07:29:33,2465.83,fuel,online,0,1e-04,ALLOW,1
2023-10-27 07:42:37,2321.59,fuel,mobile_app,0,1e-04,ALLOW,1
2023-10-27 07:51:29,323.08,restaurant,online,0,0.0004,ALLOW,1
2023-10-27 08:16:28,1529.97,restaurant,in_store,0,0.0003,ALLOW,1
2023-10-27 08:39:46,109.38,pharmacy,online,0,1e-04,ALLOW,1
2023-10-27 09:00:33,244.22,online_gaming,online,0,0.0003,ALLOW,1
2023-10-27 09:18:42,142.71,online_gaming,atm,0,1e-04,ALLOW,1
2023-10-27 09:32:18,3196.95,fuel,in_store,0,0.0,ALLOW,1
2023-10-27 09:46:51,254.86,jewelry,online,0,0.0002,ALLOW,1
2023-10-27 10:04:56,771.19,entertainment,atm,0,0.0004,ALLOW,1
2023-10-27 10:14:33,1336.91,jewelry,online,1,0.9968,REVIEW,1
2023-10-27 10:34:36,1319.13,entertainment,in_store,0,0.0,ALLOW,1
2023-10-27 10:46:12,2018.7,online_gaming,online,0,0.0011,ALLOW,1
2023-10-27 10:48:24,1259.85,clothing,atm,0,0.0004,ALLOW,1
2023-10-27 10:54:50,354.24,entertainment,atm,0,0.0,ALLOW,1
2023-10-27 11:03:26,222.01,travel,atm,0,0.0004,ALLOW,1
2023-10-27 11:26:17,520.69,restaurant,mobile_app,0,1e-04,ALLOW,1
2023-10-27 11:46:26,2095.36,electronics,atm,0,0.0005,ALLOW,1
2023-10-27 11:58:39,90.8,grocery,online,0,0.0007,ALLOW,1
2023-10-27 12:07:15,637.92,fuel,online,0,1e-04,ALLOW,1
2023-10-27 12:07:24,489.24,electronics,mobile_app,0,1e-04,ALLOW,1
2023-10-27 12:14:16,893.2,pharmacy,atm,0,0.001,ALLOW,1
2023-10-27 12:23:22,645.77,fuel,online,0,1e-04,ALLOW,1
2023-10-27 12:27:45,78.43,grocery,atm,0,0.0005,ALLOW,1
2023-10-27 12:35:45,3284.89,fuel,mobile_app,0,0.0002,ALLOW,1
2023-10-27 12:51:57,1060.57,pharmacy,in_store,0,0.0,ALLOW,1
2023-10-27 12:52:57,315.37,travel,in_store,0,0.001,ALLOW,1
2023-10-27 12:59:15,712.75,travel,atm,0,0.0006,ALLOW,1
2023-10-27 13:08:53,609.62,electronics,mobile_app,0,1e-04,ALLOW,1
2023-10-27 13:12:55,351.13,clothing,in_store,0,0.0006,ALLOW,1
2023-10-27 13:19:32,421.67,online_gaming,in_store,0,0.0008,ALLOW,1
2023-10-27 13:22:06,1229.52,jewelry,in_store,0,0.0,ALLOW,1
2023-10-27 13:26:31,1319.78,electronics,atm,0,0.0004,ALLOW,1
2023-10-27 13:35:07,817.19,fuel,mobile_app,0,0.0002,ALLOW,1
2023-10-27 13:47:24,5296.88,jewelry,online,0,0.0,ALLOW,1
2023-10-27 14:01:14,449.42,restaurant,mobile_app,0,0.0002,ALLOW,1
2023-10-27 14:04:32,3181.89,grocery,mobile_app,0,1e-04,ALLOW,1
2023-10-27 14:39:11,349.1,electronics,online,0,0.0003,ALLOW,1
2023-10-27 14:43:23,1216.61,travel,in_store,0,1e-04,ALLOW,1
2023-10-27 14:47:41,3880.17,jewelry,mobile_app,0,0.0471,ALLOW,1
2023-10-27 15:09:13,2059.81,grocery,online,0,0.0003,ALLOW,1
2023-10-27 15:10:21,2185.69,clothing,online,0,0.0,ALLOW,1
2023-10-27 15:18:06,335.81,jewelry,atm,0,1e-04,ALLOW,1
2023-10-27 15:20:54,1984.19,electronics,online,0,0.0,ALLOW,1
2023-10-27 15:21:02,520.16,fuel,in_store,0,0.0,ALLOW,1
2023-10-27 15:21:39,20.19,online_gaming,mobile_app,0,0.0002,ALLOW,1
2023-10-27 15:27:37,1475.95,entertainment,online,0,0.0002,ALLOW,1
2023-10-27 15:28:32,1259.9,jewelry,mobile_app,0,1e-04,ALLOW,1
2023-10-27 15:59:51,373.15,pharmacy,in_store,0,1e-04,ALLOW,1
2023-10-27 16:40:56,291.43,grocery,mobile_app,0,0.0003,ALLOW,1
2023-10-27 17:31:57,985.58,travel,online,0,0.0002,ALLOW,1
2023-10-27 17:46:53,1952.51,restaurant,mobile_app,0,0.001,ALLOW,1
2023-10-27 17:48:24,571.06,restaurant,in_store,0,0.0049,ALLOW,1
2023-10-27 18:10:03,1184.53,fuel,atm,0,1e-04,ALLOW,1
2023-10-27 18:35:55,94.82,clothing,in_store,0,0.0003,ALLOW,1
2023-10-27 18:43:21,410.84,grocery,online,0,1e-04,ALLOW,1
2023-10-27 18:55:54,740.37,pharmacy,in_store,0,0.0019,ALLOW,1
2023-10-27 19:02:47,2511.13,travel,online,0,1e-04,ALLOW,1
2023-10-27 19:03:34,1891.6,grocery,atm,0,0.0,ALLOW,1
2023-10-27 19:05:26,2737.46,pharmacy,in_store,0,1e-04,ALLOW,1
2023-10-27 19:19:45,487.98,electronics,mobile_app,0,0.0009,ALLOW,1
2023-10-27 19:20:47,5984.67,entertainment,in_store,0,0.0002,ALLOW,1
2023-10-27 19:21:20,455.72,jewelry,atm,0,0.0003,ALLOW,1
2023-10-27 19:27:42,1610.09,grocery,online,0,1e-04,ALLOW,1
2023-10-27 19:30:13,428.76,grocery,in_store,0,0.0005,ALLOW,1
2023-10-27 19:53:04,674.51,grocery,online,0,0.0002,ALLOW,1
2023-10-27 20:04:44,809.14,fuel,in_store,0,0.0,ALLOW,1
2023-10-27 20:08:05,960.04,pharmacy,atm,0,0.0004,ALLOW,1
2023-10-27 20:12:07,1981.69,grocery,atm,0,1e-04,ALLOW,1
2023-10-27 20:38:27,24847.13,electronics,online,1,0.9991,REVIEW,1
2023-10-27 21:13:00,789.11,fuel,online,0,0.0,ALLOW,1
2023-10-27 21:42:09,719.89,travel,online,0,1e-04,ALLOW,1
2023-10-27 21:48:04,1665.76,fuel,in_store,0,0.0002,ALLOW,1
2023-10-27 21:49:02,5225.27,grocery,online,0,0.0066,ALLOW,1
2023-10-27 22:24:19,963.22,restaurant,in_store,0,0.0,ALLOW,1
2023-10-27 22:24:47,3765.45,online_gaming,atm,0,0.0013,ALLOW,1
2023-10-27 22:29:08,4344.69,online_gaming,online,0,0.0,ALLOW,1
2023-10-27 22:45:39,15.0,restaurant,mobile_app,0,0.0011,ALLOW,1
2023-10-27 22:48:32,578.03,entertainment,mobile_app,0,0.0011,ALLOW,1
2023-10-27 23:04:07,282.0,pharmacy,online,0,0.0003,ALLOW,1
2023-10-27 23:04:29,103.36,electronics,mobile_app,0,1e-04,ALLOW,1
2023-10-27 23:13:46,482.24,restaurant,mobile_app,0,0.0114,ALLOW,1
2023-10-27 23:25:20,384.64,online_gaming,mobile_app,0,0.0002,ALLOW,1
2023-10-27 23:29:56,287.91,clothing,mobile_app,0,0.0005,ALLOW,1
2023-10-27 23:48:23,303.55,online_gaming,mobile_app,0,0.0017,ALLOW,1
2023-10-28 00:02:22,728.29,fuel,mobile_app,0,1e-04,ALLOW,1
2023-10-28 00:04:36,491.0,entertainment,mobile_app,0,1e-04,ALLOW,1
2023-10-28 00:28:42,2437.1,travel,online,0,0.0005,ALLOW,1
2023-10-28 00:29:13,1139.22,pharmacy,online,0,1e-04,ALLOW,1
2023-10-28 00:38:54,2080.73,clothing,mobile_app,0,0.0,ALLOW,1
2023-10-28 00:45:08,9014.3,clothing,in_store,0,0.0249,ALLOW,1
2023-10-28 01:18:18,1327.34,clothing,in_store,0,0.0002,ALLOW,1
2023-10-28 01:21:27,1673.69,clothing,online,0,1e-04,ALLOW,1
2023-10-28 01:42:10,668.36,entertainment,atm,0,1e-04,ALLOW,1
2023-10-28 01:45:45,1567.93,clothing,atm,0,1e-04,ALLOW,1
2023-10-28 01:46:31,3562.51,jewelry,online,0,0.0004,ALLOW,1
2023-10-28 01:48:28,3362.2,grocery,atm,0,0.0,ALLOW,1
2023-10-28 01:54:08,1169.58,online_gaming,atm,0,0.0,ALLOW,1
2023-10-28 01:56:53,1471.23,pharmacy,atm,0,0.0005,ALLOW,1
2023-10-28 02:09:57,484.38,pharmacy,in_store,0,0.001,ALLOW,1
2023-10-28 02:44:41,1026.13,electronics,in_store,0,0.0002,ALLOW,1
2023-10-28 02:53:34,40.51,pharmacy,online,0,1e-04,ALLOW,1
2023-10-28 02:55:27,2226.1,clothing,online,0,0.0002,ALLOW,1
2023-10-28 02:59:35,1849.89,grocery,online,0,0.0,ALLOW,1
2023-10-28 03:07:45,1028.9,travel,online,0,1e-04,ALLOW,1
2023-10-28 03:12:43,5164.45,grocery,mobile_app,0,1e-04,ALLOW,1
2023-10-28 03:14:58,850.22,online_gaming,atm,0,0.0003,ALLOW,1
2023-10-28 03:43:49,996.5,travel,mobile_app,0,0.0014,ALLOW,1
2023-10-28 03:54:31,39.75,electronics,in_store,0,0.0002,ALLOW,1
2023-10-28 04:04:42,3417.68,grocery,atm,0,1e-04,ALLOW,1
2023-10-28 04:38:07,1534.41,grocery,mobile_app,0,0.0003,ALLOW,1
2023-10-28 04:38:11,1772.8,clothing,mobile_app,0,0.0042,ALLOW,1
2023-10-28 04:38:46,684.46,pharmacy,mobile_app,0,0.0003,ALLOW,1
2023-10-28 04:41:14,1049.44,travel,online,0,0.0,ALLOW,1
2023-10-28 04:53:12,76.04,clothing,mobile_app,0,1e-04,ALLOW,1
2023-10-28 04:53:48,3263.1,clothing,atm,0,0.0012,ALLOW,1
2023-10-28 05:47:52,1678.41,travel,online,0,1e-04,ALLOW,1
2023-10-28 06:10:13,1481.91,pharmacy,in_store,0,1e-04,ALLOW,1
2023-10-28 06:17:01,1378.9,restaurant,online,0,0.0,ALLOW,1
2023-10-28 06:17:50,1926.61,fuel,mobile_app,0,1e-04,ALLOW,1
2023-10-28 06:23:20,2270.06,entertainment,atm,0,0.0,ALLOW,1
2023-10-28 06:38:38,98.07,clothing,mobile_app,0,1e-04,ALLOW,1
2023-10-28 06:41:04,1428.17,online_gaming,atm,0,1e-04,ALLOW,1
2023-10-28 06:43:03,1052.63,restaurant,online,0,0.001,ALLOW,1
2023-10-28 06:54:14,2847.83,electronics,atm,0,1e-04,ALLOW,1
2023-10-28 07:00:25,2401.9,electronics,online,0,0.0081,ALLOW,1
2023-10-28 07:01:13,447.04,electronics,in_store,0,0.0,ALLOW,1
2023-10-28 07:05:05,3374.84,online_gaming,online,0,0.0008,ALLOW,1
2023-10-28 07:25:44,46.68,grocery,atm,0,0.0019,ALLOW,1
2023-10-28 07:30:57,461.33,grocery,mobile_app,0,0.0,ALLOW,1
2023-10-28 07:44:40,426.23,travel,online,0,0.0002,ALLOW,1
2023-10-28 07:59:31,2544.49,clothing,mobile_app,0,0.0,ALLOW,1
2023-10-28 08:04:45,631.91,clothing,mobile_app,0,1e-04,ALLOW,1
2023-10-28 08:06:05,593.94,fuel,mobile_app,0,0.0004,ALLOW,1
2023-10-28 08:10:18,56.8,travel,atm,0,0.0002,ALLOW,1
2023-10-28 08:20:30,1911.43,jewelry,atm,0,0.0008,ALLOW,1
2023-10-28 08:27:41,2150.47,fuel,mobile_app,0,0.0,ALLOW,1
2023-10-28 08:27:54,4591.9,grocery,online,0,0.0002,ALLOW,1
2023-10-28 08:36:27,304.18,fuel,in_store,0,0.0004,ALLOW,1
2023-10-28 08:42:44,3526.27,jewelry,mobile_app,0,0.0,ALLOW,1
2023-10-28 09:04:35,1821.36,fuel,online,0,0.0,ALLOW,1
2023-10-28 09:17:36,571.32,restaurant,in_store,0,0.0008,ALLOW,1
2023-10-28 09:17:47,84.91,online_gaming,mobile_app,0,0.0003,ALLOW,1
2023-10-28 09:19:44,709.94,clothing,atm,0,1e-04,ALLOW,1
2023-10-28 09:20:01,1801.43,online_gaming,online,0,0.0,ALLOW,1
2023-10-28 09:20:50,1338.8,fuel,atm,0,1e-04,ALLOW,1
2023-10-28 09:31:47,2638.16,online_gaming,atm,0,0.0,ALLOW,1
2023-10-28 09:40:31,957.2,pharmacy,in_store,0,0.0,ALLOW,1
2023-10-28 09:47:19,133.37,restaurant,atm,0,0.0006,ALLOW,1
2023-10-28 09:51:09,700.54,grocery,atm,0,1e-04,ALLOW,1
2023-10-28 09:55:27,44.07,travel,atm,0,1e-04,ALLOW,1
2023-10-28 09:57:55,24.27,jewelry,atm,0,0.0003,ALLOW,1
2023-10-28 10:08:23,331.6,restaurant,atm,0,0.001,ALLOW,1
2023-10-28 10:22:32,942.49,electronics,atm,0,1e-04,ALLOW,1
2023-10-28 10:27:35,57.06,pharmacy,atm,0,0.0002,ALLOW,1
2023-10-28 10:44:55,771.85,jewelry,online,0,1e-04,ALLOW,1
2023-10-28 10:48:12,801.31,grocery,atm,0,0.0,ALLOW,1
2023-10-28 10:50:01,811.03,online_gaming,in_store,1,0.9995,REVIEW,1
2023-10-28 10:51:26,1681.78,entertainment,mobile_app,0,1e-04,ALLOW,1
2023-10-28 10:54:41,1538.32,clothing,mobile_app,0,0.0008,ALLOW,1
2023-10-28 11:07:44,1938.14,grocery,mobile_app,0,1e-04,ALLOW,1
2023-10-28 11:10:27,3377.49,entertainment,mobile_app,0,0.0016,ALLOW,1
2023-10-28 11:18:46,4938.88,electronics,atm,0,0.0003,ALLOW,1
2023-10-28 11:20:37,223.11,jewelry,mobile_app,0,0.0003,ALLOW,1
2023-10-28 11:28:39,1294.61,electronics,mobile_app,0,0.0016,ALLOW,1
2023-10-28 11:36:08,4982.69,jewelry,mobile_app,0,1e-04,ALLOW,1
2023-10-28 11:40:07,1735.59,electronics,atm,0,1e-04,ALLOW,1
2023-10-28 11:45:37,769.83,restaurant,mobile_app,0,0.0,ALLOW,1
2023-10-28 11:50:19,121.56,fuel,atm,0,1e-04,ALLOW,1
2023-10-28 12:00:12,789.64,pharmacy,atm,0,0.0008,ALLOW,1
2023-10-28 12:21:02,2936.46,electronics,online,1,0.9999,REVIEW,1
2023-10-28 12:22:26,1536.53,restaurant,online,0,0.0,ALLOW,1
2023-10-28 12:24:45,1099.86,entertainment,online,0,0.0,ALLOW,1
2023-10-28 12:30:18,159.51,electronics,in_store,0,0.0004,ALLOW,1
2023-10-28 12:35:23,2663.23,fuel,mobile_app,0,0.0004,ALLOW,1
2023-10-28 12:36:57,2267.35,travel,online,0,0.0003,ALLOW,1
2023-10-28 13:00:31,396.31,clothing,in_store,0,0.0003,ALLOW,1
2023-10-28 13:06:44,873.32,entertainment,online,0,1e-04,ALLOW,1
2023-10-28 13:20:00,507.58,clothing,in_store,0,0.0002,ALLOW,1
2023-10-28 13:20:13,3183.84,online_gaming,mobile_app,0,1e-04,ALLOW,1
2023-10-28 14:07:37,1222.12,jewelry,online,0,0.0002,ALLOW,1
2023-10-28 14:12:45,1272.96,electronics,online,0,1e-04,ALLOW,1
2023-10-28 14:16:49,107.08,jewelry,in_store,0,0.0007,ALLOW,1
2023-10-28 14:29:18,1566.15,entertainment,in_store,0,0.0,ALLOW,1
2023-10-28 14:35:04,1262.36,electronics,mobile_app,0,1e-04,ALLOW,1
2023-10-28 14:44:45,866.56,online_gaming,atm,0,1e-04,ALLOW,1
2023-10-28 14:50:04,3947.82,travel,online,0,0.0,ALLOW,1
2023-10-28 15:21:37,4382.53,jewelry,mobile_app,0,0.0,ALLOW,1
2023-10-28 15:21:57,3530.33,pharmacy,mobile_app,0,1e-04,ALLOW,1
2023-10-28 15:28:24,823.98,pharmacy,atm,0,1e-04,ALLOW,1
2023-10-28 15:41:43,132.27,fuel,in_store,0,0.0006,ALLOW,1
2023-10-28 15:57:45,899.33,clothing,online,0,0.0004,ALLOW,1
2023-10-28 16:01:12,33.0,entertainment,in_store,0,0.0003,ALLOW,1
2023-10-28 16:08:39,70.83,pharmacy,atm,0,1e-04,ALLOW,1
2023-10-28 16:09:04,386.89,online_gaming,in_store,0,0.0003,ALLOW,1
2023-10-28 16:17:17,106.73,travel,mobile_app,0,0.0008,ALLOW,1
2023-10-28 16:18:10,1487.48,entertainment,in_store,0,0.0033,ALLOW,1
2023-10-28 16:37:24,482.89,clothing,online,0,0.0008,ALLOW,1
2023-10-28 16:50:30,692.47,pharmacy,mobile_app,0,0.0004,ALLOW,1
2023-10-28 16:58:45,224.99,travel,in_store,0,0.0,ALLOW,1
2023-10-28 17:09:24,1144.07,entertainment,mobile_app,0,1e-04,ALLOW,1
2023-10-28 17:14:19,2394.59,electronics,in_store,0,1e-04,ALLOW,1
2023-10-28 17:28:47,46.44,online_gaming,online,0,0.0003,ALLOW,1
2023-10-28 17:39:17,1851.76,jewelry,mobile_app,0,1e-04,ALLOW,1
2023-10-28 18:19:29,610.73,restaurant,online,0,0.0007,ALLOW,1
2023-10-28 18:22:20,1942.94,jewelry,in_store,0,0.0002,ALLOW,1
2023-10-28 18:22:38,1154.48,electronics,online,0,1e-04,ALLOW,1
2023-10-28 18:25:24,4226.13,grocery,mobile_app,0,0.0,ALLOW,1
2023-10-28 18:38:47,1044.77,entertainment,mobile_app,0,0.0036,ALLOW,1
2023-10-28 18:58:12,149.46,grocery,in_store,0,0.0003,ALLOW,1
2023-10-28 19:09:22,442.26,online_gaming,atm,0,0.0002,ALLOW,1
2023-10-28 19:12:27,81.27,pharmacy,in_store,0,0.0,ALLOW,1
2023-10-28 19:14:37,1518.38,pharmacy,mobile_app,0,0.0,ALLOW,1
2023-10-28 19:20:34,1156.46,restaurant,mobile_app,0,0.0004,ALLOW,1
2023-10-28 19:22:01,1551.99,grocery,in_store,0,1e-04,ALLOW,1
2023-10-28 19:22:33,2507.68,electronics,in_store,0,0.0019,ALLOW,1
2023-10-28 19:30:21,3827.91,electronics,online,0,0.0002,ALLOW,1
2023-10-28 19:36:39,3807.98,travel,atm,0,0.0011,ALLOW,1
2023-10-28 19:37:48,2679.52,pharmacy,online,0,0.0002,ALLOW,1
2023-10-28 19:45:43,431.45,entertainment,in_store,0,0.0083,ALLOW,1
2023-10-28 20:08:46,6145.41,online_gaming,atm,1,1.0,REVIEW,1
2023-10-28 20:11:37,3652.12,grocery,mobile_app,0,0.0,ALLOW,1
2023-10-28 20:44:28,1214.96,entertainment,atm,0,0.0,ALLOW,1
2023-10-28 20:47:00,1153.5,online_gaming,mobile_app,0,1e-04,ALLOW,1
2023-10-28 20:53:31,699.98,jewelry,mobile_app,0,0.002,ALLOW,1
2023-10-28 20:53:38,966.14,grocery,online,0,0.0005,ALLOW,1
2023-10-28 21:17:48,3193.6,restaurant,online,0,0.0002,ALLOW,1
2023-10-28 21:29:00,180.73,jewelry,atm,0,0.0003,ALLOW,1
2023-10-28 22:05:43,211.19,clothing,mobile_app,0,0.0005,ALLOW,1
2023-10-28 22:18:17,25.59,restaurant,atm,0,0.0006,ALLOW,1
2023-10-28 22:21:25,12.97,electronics,online,0,0.0003,ALLOW,1
2023-10-28 22:24:56,440.25,jewelry,online,0,1e-04,ALLOW,1
2023-10-28 23:07:28,1395.67,electronics,online,0,1e-04,ALLOW,1
2023-10-28 23:09:28,6129.2,clothing,atm,0,0.0027,ALLOW,1
2023-10-28 23:10:49,639.41,entertainment,atm,0,0.0,ALLOW,1
2023-10-28 23:23:30,336.15,jewelry,in_store,0,0.0004,ALLOW,1
2023-10-29 00:02:07,389.87,restaurant,mobile_app,0,0.0008,ALLOW,1
2023-10-29 00:11:39,252.31,electronics,in_store,0,0.0002,ALLOW,1
2023-10-29 00:25:09,2542.55,entertainment,atm,0,0.0008,ALLOW,1
2023-10-29 00:41:40,1243.38,pharmacy,mobile_app,0,0.0015,ALLOW,1
2023-10-29 01:09:46,171.59,clothing,atm,0,1e-04,ALLOW,1
2023-10-29 01:12:42,426.43,travel,atm,0,0.0002,ALLOW,1
2023-10-29 01:47:04,1344.75,entertainment,atm,0,0.0,ALLOW,1
2023-10-29 01:50:29,4495.29,travel,mobile_app,0,0.0008,ALLOW,1
2023-10-29 01:55:22,4883.02,electronics,online,0,0.0004,ALLOW,1
2023-10-29 02:11:27,1696.1,pharmacy,mobile_app,0,0.0053,ALLOW,1
2023-10-29 02:13:57,170.15,electronics,online,0,0.0003,ALLOW,1
2023-10-29 02:24:12,411.98,jewelry,online,0,0.0002,ALLOW,1
2023-10-29 02:44:13,511.21,restaurant,mobile_app,0,0.0003,ALLOW,1
2023-10-29 02:48:59,1733.06,grocery,in_store,0,0.0,ALLOW,1
2023-10-29 03:02:47,180.0,restaurant,online,0,0.0003,ALLOW,1
2023-10-29 03:09:52,1533.03,travel,online,1,0.9998,REVIEW,1
2023-10-29 03:12:21,579.45,electronics,mobile_app,0,0.0002,ALLOW,1
2023-10-29 03:18:04,3429.97,electronics,atm,0,0.0005,ALLOW,1
2023-10-29 03:23:53,10373.39,online_gaming,mobile_app,0,0.0002,ALLOW,1
2023-10-29 03:41:42,3076.61,travel,atm,0,1e-04,ALLOW,1
2023-10-29 03:42:49,123.75,grocery,mobile_app,0,0.0002,ALLOW,1
2023-10-29 04:55:43,1168.2,entertainment,atm,0,0.0023,ALLOW,1
2023-10-29 05:00:19,1835.2,fuel,mobile_app,0,0.0003,ALLOW,1
2023-10-29 05:06:20,349.2,electronics,in_store,0,1e-04,ALLOW,1
2023-10-29 05:28:10,424.78,entertainment,atm,0,0.0005,ALLOW,1
2023-10-29 05:34:08,866.67,electronics,online,0,0.021,ALLOW,1
2023-10-29 05:39:09,1358.69,entertainment,online,0,1e-04,ALLOW,1
2023-10-29 05:45:51,538.19,fuel,mobile_app,0,0.0002,ALLOW,1
2023-10-29 05:52:34,1255.45,travel,in_store,0,0.0004,ALLOW,1
2023-10-29 05:53:44,2833.65,online_gaming,in_store,0,0.0013,ALLOW,1
2023-10-29 06:12:49,1068.8,travel,in_store,0,0.0002,ALLOW,1
2023-10-29 06:28:27,1079.09,travel,in_store,0,0.0,ALLOW,1
2023-10-29 06:39:09,561.26,pharmacy,atm,0,0.0002,ALLOW,1
2023-10-29 06:50:06,5303.82,grocery,mobile_app,0,0.0004,ALLOW,1
2023-10-29 07:14:38,245.58,travel,in_store,0,0.003,ALLOW,1
2023-10-29 07:16:08,1527.97,online_gaming,in_store,0,0.0002,ALLOW,1
2023-10-29 07:45:58,624.25,online_gaming,mobile_app,0,1e-04,ALLOW,1
2023-10-29 08:01:30,806.16,travel,online,0,0.0002,ALLOW,1
2023-10-29 08:02:52,1721.79,clothing,mobile_app,0,0.0006,ALLOW,1
2023-10-29 08:04:33,5297.84,clothing,online,1,1.0,REVIEW,1
2023-10-29 08:17:34,1326.91,grocery,online,0,0.0003,ALLOW,1
2023-10-29 08:18:18,3278.27,electronics,online,0,0.0,ALLOW,1
2023-10-29 08:26:20,6590.34,pharmacy,in_store,0,0.0007,ALLOW,1
2023-10-29 08:28:21,600.38,travel,mobile_app,0,1e-04,ALLOW,1
2023-10-29 08:28:25,939.4,pharmacy,mobile_app,0,0.0047,ALLOW,1
2023-10-29 08:45:39,976.6,travel,online,0,0.0,ALLOW,1
2023-10-29 09:22:24,361.02,pharmacy,online,0,0.0011,ALLOW,1
2023-10-29 09:39:42,1847.21,restaurant,online,0,0.0002,ALLOW,1
2023-10-29 09:40:33,73.39,restaurant,in_store,0,1e-04,ALLOW,1
2023-10-29 09:54:17,5309.84,travel,online,0,0.0002,ALLOW,1
2023-10-29 10:08:18,268.6,grocery,in_store,0,0.0008,ALLOW,1
2023-10-29 10:11:23,1985.31,grocery,mobile_app,0,0.0,ALLOW,1
2023-10-29 10:24:00,182.57,clothing,in_store,0,0.0006,ALLOW,1
2023-10-29 10:28:35,465.04,grocery,atm,0,1e-04,ALLOW,1
2023-10-29 10:34:04,746.36,restaurant,atm,0,0.0008,ALLOW,1
2023-10-29 10:44:47,92.19,fuel,mobile_app,0,0.0,ALLOW,1
2023-10-29 10:49:29,3023.47,electronics,mobile_app,0,0.0,ALLOW,1
2023-10-29 10:58:02,1919.23,entertainment,atm,0,0.0002,ALLOW,1
2023-10-29 11:05:57,14.75,entertainment,atm,0,0.0002,ALLOW,1
2023-10-29 11:13:16,3263.18,jewelry,mobile_app,0,0.0012,ALLOW,1
2023-10-29 11:14:01,376.11,grocery,atm,0,0.0004,ALLOW,1
2023-10-29 11:21:52,1349.1,online_gaming,mobile_app,0,0.0002,ALLOW,1
2023-10-29 11:22:39,451.02,online_gaming,online,0,0.0003,ALLOW,1
2023-10-29 11:35:29,1520.13,travel,atm,0,0.0003,ALLOW,1
2023-10-29 11:39:44,3945.52,jewelry,atm,0,0.0002,ALLOW,1
2023-10-29 12:26:24,1431.76,fuel,online,0,0.0011,ALLOW,1
2023-10-29 12:31:09,3084.25,grocery,online,0,1e-04,ALLOW,1
2023-10-29 12:41:05,47.5,clothing,in_store,0,0.0018,ALLOW,1
2023-10-29 13:28:58,1024.96,travel,in_store,0,0.0,ALLOW,1
2023-10-29 13:41:52,1014.87,fuel,in_store,0,0.0,ALLOW,1
2023-10-29 14:03:53,1732.52,fuel,atm,0,0.0011,ALLOW,1
2023-10-29 14:21:14,23.12,pharmacy,mobile_app,0,1e-04,ALLOW,1
2023-10-29 14:50:51,53.15,restaurant,mobile_app,0,0.0005,ALLOW,1
2023-10-29 14:58:55,939.89,online_gaming,atm,0,0.0008,ALLOW,1
2023-10-29 15:45:46,196.03,jewelry,in_store,0,0.0003,ALLOW,1
2023-10-29 15:45:59,1493.39,entertainment,online,0,0.0002,ALLOW,1
2023-10-29 15:59:41,36.42,restaurant,mobile_app,0,0.0005,ALLOW,1
2023-10-29 16:06:22,2218.75,travel,mobile_app,1,0.9938,REVIEW,1
2023-10-29 16:07:46,936.07,grocery,mobile_app,0,0.0005,ALLOW,1
2023-10-29 16:10:37,1159.93,restaurant,mobile_app,0,0.0,ALLOW,1
2023-10-29 16:28:36,521.7,electronics,atm,0,0.0008,ALLOW,1
2023-10-29 16:58:41,836.08,pharmacy,in_store,0,0.0,ALLOW,1
2023-10-29 17:03:48,427.89,pharmacy,online,0,0.0,ALLOW,1
2023-10-29 17:10:37,3064.85,electronics,in_store,0,0.0,ALLOW,1
2023-10-29 17:15:59,567.68,electronics,mobile_app,0,1e-04,ALLOW,1
2023-10-29 17:19:46,1464.12,fuel,atm,0,0.0,ALLOW,1
2023-10-29 17:34:49,647.53,electronics,atm,0,0.0,ALLOW,1
2023-10-29 17:52:33,819.78,electronics,atm,0,0.0006,ALLOW,1
2023-10-29 18:28:59,3037.61,fuel,online,0,0.0004,ALLOW,1
2023-10-29 19:23:57,404.87,travel,online,0,0.0002,ALLOW,1
2023-10-29 19:24:55,276.16,grocery,mobile_app,0,0.0006,ALLOW,1
2023-10-29 19:32:14,90.52,travel,mobile_app,0,1e-04,ALLOW,1
2023-10-29 19:40:05,1135.17,entertainment,online,0,0.0,ALLOW,1
2023-10-29 19:42:25,823.6,pharmacy,mobile_app,0,0.0053,ALLOW,1
2023-10-29 20:06:24,105.43,electronics,atm,0,1e-04,ALLOW,1
2023-10-29 20:16:19,915.59,grocery,in_store,0,0.0004,ALLOW,1
2023-10-29 20:21:39,110.16,clothing,atm,0,1e-04,ALLOW,1
2023-10-29 21:07:05,352.13,grocery,in_store,0,0.0,ALLOW,1
2023-10-29 21:16:24,3452.33,pharmacy,atm,0,1e-04,ALLOW,1
2023-10-29 21:18:22,898.71,pharmacy,in_store,0,0.0013,ALLOW,1
2023-10-29 21:21:01,10.0,electronics,online,0,1e-04,ALLOW,1
2023-10-29 21:39:15,5295.13,grocery,in_store,0,0.0158,ALLOW,1
2023-10-29 21:55:55,3061.0,restaurant,online,0,1e-04,ALLOW,1
2023-10-29 22:02:09,929.92,clothing,mobile_app,0,1e-04,ALLOW,1
2023-10-29 22:09:30,2700.08,electronics,in_store,0,0.0002,ALLOW,1
2023-10-29 22:21:57,930.57,clothing,atm,0,0.0006,ALLOW,1
2023-10-29 22:25:12,343.57,travel,atm,0,0.0002,ALLOW,1
2023-10-29 22:28:47,331.31,clothing,in_store,0,0.0,ALLOW,1
2023-10-29 22:33:33,617.56,online_gaming,mobile_app,0,0.0011,ALLOW,1
2023-10-29 22:55:01,881.65,jewelry,atm,0,0.0006,ALLOW,1
2023-10-29 23:01:17,5246.75,fuel,mobile_app,0,0.0004,ALLOW,1
2023-10-29 23:08:55,12689.63,pharmacy,atm,0,0.0007,ALLOW,1
2023-10-29 23:25:14,1589.71,electronics,in_store,0,1e-04,ALLOW,1
2023-10-29 23:28:53,2899.53,fuel,in_store,0,0.0008,ALLOW,1
2023-10-29 23:33:33,222.16,grocery,online,0,1e-04,ALLOW,1
2023-10-29 23:43:18,842.55,fuel,online,0,0.0,ALLOW,1
2023-10-29 23:54:07,2265.79,restaurant,mobile_app,0,0.0003,ALLOW,1
2023-10-29 23:55:03,1829.58,fuel,atm,0,1e-04,ALLOW,1
2023-10-30 00:06:28,1683.54,travel,atm,0,0.0002,ALLOW,1
2023-10-30 00:18:16,1609.94,restaurant,in_store,0,1e-04,ALLOW,1
2023-10-30 00:25:29,287.55,pharmacy,online,0,1e-04,ALLOW,1
2023-10-30 01:02:48,3842.95,electronics,in_store,0,0.0,ALLOW,1
2023-10-30 01:09:30,6030.19,grocery,atm,0,0.0016,ALLOW,1
2023-10-30 01:09:46,770.89,electronics,atm,0,0.0004,ALLOW,1
2023-10-30 01:18:13,4527.88,clothing,online,0,0.0016,ALLOW,1
2023-10-30 01:18:59,905.34,pharmacy,in_store,0,0.0,ALLOW,1
2023-10-30 01:38:13,1607.05,fuel,atm,0,0.0006,ALLOW,1
2023-10-30 01:44:46,612.92,pharmacy,atm,0,1e-04,ALLOW,1
2023-10-30 02:24:01,271.63,entertainment,atm,0,1e-04,ALLOW,1
2023-10-30 02:26:00,2174.18,jewelry,atm,0,0.0,ALLOW,1
2023-10-30 02:32:05,1252.25,jewelry,atm,0,0.0003,ALLOW,1
2023-10-30 02:34:59,704.06,travel,online,0,0.0002,ALLOW,1
2023-10-30 02:53:56,1955.37,online_gaming,in_store,0,0.0193,ALLOW,1
2023-10-30 02:57:57,166.15,grocery,atm,0,0.0008,ALLOW,1
2023-10-30 03:17:33,696.03,entertainment,mobile_app,0,1e-04,ALLOW,1
2023-10-30 03:21:41,1057.57,pharmacy,atm,0,0.0002,ALLOW,1
2023-10-30 03:31:22,114.1,jewelry,in_store,0,0.0003,ALLOW,1
2023-10-30 03:40:00,1784.85,clothing,in_store,0,0.0303,ALLOW,1
2023-10-30 03:44:57,2781.04,travel,online,0,0.0002,ALLOW,1
2023-10-30 03:51:16,305.82,electronics,mobile_app,0,1e-04,ALLOW,1
2023-10-30 03:52:44,378.25,entertainment,atm,0,0.0,ALLOW,1
2023-10-30 04:00:58,3071.8,fuel,mobile_app,0,0.0002,ALLOW,1
2023-10-30 04:02:56,863.29,pharmacy,online,0,1e-04,ALLOW,1
2023-10-30 04:47:04,3358.99,jewelry,online,0,1e-04,ALLOW,1
2023-10-30 05:17:21,612.29,restaurant,mobile_app,0,1e-04,ALLOW,1
2023-10-30 05:23:52,1825.63,jewelry,online,0,0.0,ALLOW,1
2023-10-30 05:30:03,1853.01,fuel,atm,0,1e-04,ALLOW,1
2023-10-30 05:36:36,1242.9,electronics,atm,0,1e-04,ALLOW,1
2023-10-30 06:06:42,2330.51,travel,in_store,0,1e-04,ALLOW,1
2023-10-30 06:19:33,629.41,pharmacy,atm,0,0.0025,ALLOW,1
2023-10-30 06:32:27,2565.73,entertainment,online,0,0.0,ALLOW,1
2023-10-30 06:35:42,5363.05,clothing,online,0,1e-04,ALLOW,1
2023-10-30 07:08:33,751.74,pharmacy,online,0,1e-04,ALLOW,1
2023-10-30 07:20:30,257.51,jewelry,online,0,0.0148,ALLOW,1
2023-10-30 07:34:49,3800.96,restaurant,online,0,0.0,ALLOW,1
2023-10-30 07:35:23,4434.55,fuel,mobile_app,0,0.0,ALLOW,1
2023-10-30 07:36:20,1339.2,grocery,atm,0,0.0002,ALLOW,1
2023-10-30 07:40:09,2405.88,entertainment,atm,0,0.0,ALLOW,1
2023-10-30 07:46:05,422.64,jewelry,atm,0,0.0006,ALLOW,1
2023-10-30 08:07:24,838.36,fuel,online,0,1e-04,ALLOW,1
2023-10-30 08:23:43,2130.26,fuel,online,0,1e-04,ALLOW,1
2023-10-30 08:26:13,1998.31,online_gaming,mobile_app,0,0.0005,ALLOW,1
2023-10-30 08:26:39,353.92,clothing,online,0,0.0008,ALLOW,1
2023-10-30 08:54:23,2364.02,grocery,in_store,0,0.0,ALLOW,1
2023-10-30 08:56:38,422.33,restaurant,atm,0,0.0002,ALLOW,1
2023-10-30 09:07:42,347.38,travel,in_store,0,0.0003,ALLOW,1
2023-10-30 09:14:39,2202.11,online_gaming,online,0,0.0004,ALLOW,1
2023-10-30 09:45:45,496.34,restaurant,online,0,1e-04,ALLOW,1
2023-10-30 09:53:19,6104.5,online_gaming,in_store,0,0.0003,ALLOW,1
2023-10-30 09:56:40,527.49,electronics,atm,0,0.0,ALLOW,1
2023-10-30 10:00:11,597.75,clothing,atm,0,0.0006,ALLOW,1
2023-10-30 10:31:05,1717.93,entertainment,atm,0,1e-04,ALLOW,1
2023-10-30 10:45:49,6150.04,jewelry,mobile_app,0,0.0045,ALLOW,1
2023-10-30 10:46:34,358.29,grocery,online,0,1e-04,ALLOW,1
2023-10-30 10:47:11,181.35,travel,online,0,1e-04,ALLOW,1
2023-10-30 11:03:11,2867.89,online_gaming,online,0,0.0003,ALLOW,1
2023-10-30 11:05:20,42.6,clothing,atm,0,0.0048,ALLOW,1
2023-10-30 11:06:31,481.74,entertainment,mobile_app,0,0.0005,ALLOW,1
2023-10-30 11:17:32,4266.99,jewelry,online,0,0.0002,ALLOW,1
2023-10-30 11:19:37,253.73,restaurant,atm,0,0.0002,ALLOW,1
2023-10-30 12:18:03,170.28,online_gaming,atm,0,1e-04,ALLOW,1
2023-10-30 12:36:52,626.09,online_gaming,online,0,1e-04,ALLOW,1
2023-10-30 12:40:47,817.54,travel,atm,0,0.0002,ALLOW,1
2023-10-30 12:43:33,931.6,online_gaming,mobile_app,0,0.0019,ALLOW,1
2023-10-30 12:50:43,706.18,jewelry,in_store,0,1e-04,ALLOW,1
2023-10-30 12:50:45,3008.98,entertainment,in_store,0,0.0026,ALLOW,1
2023-10-30 13:07:59,3918.74,entertainment,online,0,0.0,ALLOW,1
2023-10-30 13:27:33,588.29,online_gaming,in_store,0,0.0002,ALLOW,1
2023-10-30 13:29:24,476.13,fuel,online,0,1e-04,ALLOW,1
2023-10-30 13:36:04,711.96,clothing,in_store,0,1e-04,ALLOW,1
2023-10-30 13:48:48,1720.5,grocery,atm,0,0.0003,ALLOW,1
2023-10-30 13:56:46,337.38,clothing,mobile_app,0,0.0709,ALLOW,1
2023-10-30 13:57:33,1524.93,pharmacy,mobile_app,0,1e-04,ALLOW,1
2023-10-30 14:21:03,804.96,travel,atm,0,0.0,ALLOW,1
2023-10-30 14:33:17,65.25,fuel,in_store,0,0.0286,ALLOW,1
2023-10-30 14:49:29,1786.48,fuel,atm,0,0.0004,ALLOW,1
2023-10-30 14:52:20,7528.82,travel,online,0,0.0,ALLOW,1
2023-10-30 14:53:10,1946.87,fuel,mobile_app,0,0.0016,ALLOW,1
2023-10-30 15:02:02,737.71,online_gaming,mobile_app,0,1e-04,ALLOW,1
2023-10-30 15:02:22,1036.29,pharmacy,atm,0,0.0032,ALLOW,1
2023-10-30 15:05:19,1442.07,travel,atm,0,1e-04,ALLOW,1
2023-10-30 15:08:41,1474.84,fuel,atm,0,0.0,ALLOW,1
2023-10-30 15:20:03,1024.75,online_gaming,atm,0,0.0,ALLOW,1
2023-10-30 15:32:53,1260.04,restaurant,mobile_app,0,1e-04,ALLOW,1
2023-10-30 15:35:26,1041.94,travel,online,0,0.0002,ALLOW,1
2023-10-30 15:41:55,366.08,electronics,mobile_app,0,1e-04,ALLOW,1
2023-10-30 15:45:26,169.43,online_gaming,online,0,1e-04,ALLOW,1
2023-10-30 16:01:12,695.52,restaurant,online,0,0.0002,ALLOW,1
2023-10-30 16:04:52,1808.53,grocery,in_store,0,1e-04,ALLOW,1
2023-10-30 16:21:43,415.76,travel,mobile_app,0,0.0002,ALLOW,1
2023-10-30 16:35:01,203.92,restaurant,mobile_app,0,1e-04,ALLOW,1
2023-10-30 16:51:46,257.23,fuel,atm,0,0.0008,ALLOW,1
2023-10-30 17:00:10,151.56,grocery,atm,0,0.0008,ALLOW,1
2023-10-30 17:00:29,2842.15,restaurant,atm,0,1e-04,ALLOW,1
2023-10-30 17:46:01,15.5,fuel,mobile_app,0,0.0004,ALLOW,1
2023-10-30 17:46:55,426.41,entertainment,online,0,0.0004,ALLOW,1
2023-10-30 17:47:41,416.91,jewelry,in_store,0,0.0008,ALLOW,1
2023-10-30 17:50:43,8427.98,fuel,mobile_app,0,0.0005,ALLOW,1
2023-10-30 17:54:01,1331.41,restaurant,in_store,0,0.0012,ALLOW,1
2023-10-30 17:54:22,4236.68,entertainment,mobile_app,0,0.0,ALLOW,1
2023-10-30 18:05:11,223.92,restaurant,mobile_app,0,0.0005,ALLOW,1
2023-10-30 18:19:44,945.71,clothing,mobile_app,0,0.0105,ALLOW,1
2023-10-30 19:12:53,3834.82,jewelry,atm,0,0.0005,ALLOW,1
2023-10-30 19:15:03,1112.06,clothing,online,0,1e-04,ALLOW,1
2023-10-30 19:16:09,2449.09,travel,online,0,1e-04,ALLOW,1
2023-10-30 19:20:20,1491.48,clothing,online,0,1e-04,ALLOW,1
2023-10-30 20:00:27,668.44,pharmacy,mobile_app,0,0.0002,ALLOW,1
2023-10-30 20:07:51,1004.36,grocery,online,0,1e-04,ALLOW,1
2023-10-30 20:19:13,1814.41,online_gaming,online,0,0.0004,ALLOW,1
2023-10-30 20:29:13,1357.47,clothing,online,0,1e-04,ALLOW,1
2023-10-30 20:37:33,5145.36,travel,atm,0,0.0003,ALLOW,1
2023-10-30 20:47:31,418.3,restaurant,online,0,0.0011,ALLOW,1
2023-10-30 20:48:46,1343.64,electronics,atm,0,0.0007,ALLOW,1
2023-10-30 20:53:43,2165.97,pharmacy,atm,0,0.0005,ALLOW,1
2023-10-30 20:56:55,892.47,clothing,in_store,0,0.0039,ALLOW,1
2023-10-30 21:33:47,1423.8,pharmacy,mobile_app,0,1e-04,ALLOW,1
2023-10-30 21:40:51,1144.54,electronics,online,0,0.0002,ALLOW,1
2023-10-30 21:42:04,21949.11,restaurant,atm,1,1.0,REVIEW,1
2023-10-30 21:54:06,942.46,travel,mobile_app,0,0.0,ALLOW,1
2023-10-30 22:08:48,2150.71,fuel,mobile_app,0,0.0004,ALLOW,1
2023-10-30 22:24:02,1730.89,restaurant,mobile_app,0,0.0002,ALLOW,1
2023-10-30 22:26:47,1364.22,grocery,in_store,0,0.0,ALLOW,1
2023-10-30 22:26:51,1390.08,clothing,atm,0,0.0,ALLOW,1
2023-10-30 22:27:44,204.45,jewelry,atm,0,0.0002,ALLOW,1
2023-10-30 22:38:35,314.65,pharmacy,mobile_app,0,0.0,ALLOW,1
2023-10-30 22:55:09,3813.98,travel,mobile_app,0,0.0029,ALLOW,1
2023-10-30 23:01:04,32.51,travel,in_store,0,0.005,ALLOW,1
2023-10-30 23:03:13,3834.49,online_gaming,mobile_app,0,0.0004,ALLOW,1
2023-10-30 23:11:36,2980.51,fuel,atm,0,1e-04,ALLOW,1
2023-10-30 23:15:36,338.54,entertainment,online,0,0.0005,ALLOW,1
2023-10-30 23:20:41,1032.42,online_gaming,in_store,0,1e-04,ALLOW,1
2023-10-30 23:42:30,442.09,travel,atm,0,1e-04,ALLOW,1
2023-10-30 23:56:54,530.06,travel,atm,0,1e-04,ALLOW,1
2023-10-31 00:02:47,259.96,travel,mobile_app,0,0.0,ALLOW,1
2023-10-31 00:11:55,5890.13,online_gaming,in_store,0,0.0,ALLOW,1
2023-10-31 00:13:42,126.08,travel,in_store,0,0.0,ALLOW,1
2023-10-31 00:15:06,866.94,travel,in_store,0,0.0318,ALLOW,1
2023-10-31 00:39:45,222.94,online_gaming,atm,0,0.0003,ALLOW,1
2023-10-31 00:47:39,1137.57,online_gaming,online,0,0.0038,ALLOW,1
2023-10-31 01:01:14,1985.02,grocery,mobile_app,0,0.0002,ALLOW,1
2023-10-31 01:32:27,1699.96,grocery,online,0,1e-04,ALLOW,1
2023-10-31 01:40:25,3753.99,electronics,in_store,0,0.0,ALLOW,1
2023-10-31 01:42:18,658.25,entertainment,in_store,0,0.0,ALLOW,1
2023-10-31 01:51:29,22.16,fuel,in_store,0,1e-04,ALLOW,1
2023-10-31 01:57:24,105.93,travel,online,0,0.0,ALLOW,1
2023-10-31 02:16:20,1291.28,online_gaming,mobile_app,0,0.0002,ALLOW,1
2023-10-31 02:20:06,3933.09,clothing,atm,0,0.0061,ALLOW,1
2023-10-31 02:44:00,287.61,fuel,in_store,0,0.0002,ALLOW,1
2023-10-31 02:52:32,538.42,clothing,mobile_app,0,0.001,ALLOW,1
2023-10-31 03:17:45,1146.05,online_gaming,atm,0,0.0,ALLOW,1
2023-10-31 03:59:17,1170.89,grocery,in_store,0,0.0,ALLOW,1
2023-10-31 04:14:18,516.12,restaurant,in_store,0,1e-04,ALLOW,1
2023-10-31 04:27:42,2291.86,pharmacy,atm,0,0.0,ALLOW,1
2023-10-31 05:00:13,4099.44,jewelry,atm,0,1e-04,ALLOW,1
2023-10-31 05:12:11,1350.08,grocery,online,0,0.0003,ALLOW,1
2023-10-31 05:21:27,592.56,grocery,online,0,1e-04,ALLOW,1
2023-10-31 05:21:50,615.09,clothing,atm,0,0.0,ALLOW,1
2023-10-31 05:25:06,301.6,jewelry,atm,0,0.0015,ALLOW,1
2023-10-31 05:27:01,234.95,travel,mobile_app,0,0.0002,ALLOW,1
2023-10-31 06:06:43,881.98,jewelry,atm,0,0.0002,ALLOW,1
2023-10-31 06:15:24,63.86,electronics,in_store,0,1e-04,ALLOW,1
2023-10-31 06:19:54,1667.92,restaurant,atm,0,0.0006,ALLOW,1
2023-10-31 06:28:46,59.08,grocery,online,0,1e-04,ALLOW,1
2023-10-31 06:48:58,3186.02,grocery,in_store,0,0.0,ALLOW,1
2023-10-31 06:51:29,3028.28,entertainment,online,0,0.0009,ALLOW,1
2023-10-31 06:57:35,488.61,online_gaming,online,0,1e-04,ALLOW,1
2023-10-31 07:03:01,3135.9,online_gaming,in_store,1,0.9998,REVIEW,1
2023-10-31 07:17:38,398.91,clothing,mobile_app,0,0.0,ALLOW,1
2023-10-31 07:19:07,126.49,online_gaming,atm,0,1e-04,ALLOW,1
2023-10-31 07:22:34,1132.46,travel,mobile_app,0,0.0003,ALLOW,1
2023-10-31 08:28:54,1483.4,restaurant,online,0,0.0005,ALLOW,1
2023-10-31 08:31:33,348.22,fuel,online,0,0.0003,ALLOW,1
2023-10-31 08:31:49,335.47,restaurant,atm,0,0.0003,ALLOW,1
2023-10-31 08:59:30,1649.38,clothing,atm,0,1e-04,ALLOW,1
2023-10-31 09:21:32,956.71,pharmacy,atm,0,0.0002,ALLOW,1
2023-10-31 09:24:04,2458.98,clothing,mobile_app,0,1e-04,ALLOW,1
2023-10-31 09:25:43,172.41,clothing,online,0,0.0048,ALLOW,1
2023-10-31 09:32:12,195.28,electronics,in_store,0,0.0002,ALLOW,1
2023-10-31 09:36:53,2059.24,pharmacy,online,0,0.0002,ALLOW,1
2023-10-31 09:37:47,3015.68,fuel,atm,0,0.0004,ALLOW,1
2023-10-31 09:51:26,804.91,travel,mobile_app,0,1e-04,ALLOW,1
2023-10-31 09:55:06,527.3,entertainment,online,0,0.0,ALLOW,1
2023-10-31 10:09:15,2257.42,electronics,atm,0,0.0008,ALLOW,1
2023-10-31 10:09:38,957.92,grocery,in_store,0,1e-04,ALLOW,1
2023-10-31 10:11:57,73.48,electronics,online,0,0.0008,ALLOW,1
2023-10-31 10:20:33,2211.55,pharmacy,atm,0,0.0,ALLOW,1
2023-10-31 10:44:18,761.39,grocery,online,0,0.0008,ALLOW,1
2023-10-31 11:05:41,44.63,online_gaming,in_store,0,0.0004,ALLOW,1
2023-10-31 11:12:21,563.49,electronics,atm,0,0.0055,ALLOW,1
2023-10-31 11:16:17,1695.88,travel,online,0,1e-04,ALLOW,1
2023-10-31 11:18:32,163.48,travel,in_store,0,0.0018,ALLOW,1
2023-10-31 11:20:06,1000.47,entertainment,mobile_app,0,1e-04,ALLOW,1
2023-10-31 11:21:04,479.4,grocery,atm,0,1e-04,ALLOW,1
2023-10-31 11:22:19,1478.78,electronics,atm,0,0.0,ALLOW,1
2023-10-31 12:01:03,1407.96,jewelry,in_store,0,0.0013,ALLOW,1
2023-10-31 12:03:40,407.03,fuel,online,0,0.0003,ALLOW,1
2023-10-31 12:31:21,873.31,travel,mobile_app,0,0.0002,ALLOW,1
2023-10-31 12:33:10,324.12,restaurant,in_store,0,0.0003,ALLOW,1
2023-10-31 12:40:53,1215.09,clothing,online,0,0.0002,ALLOW,1
2023-10-31 12:49:56,138.2,entertainment,mobile_app,0,1e-04,ALLOW,1
2023-10-31 12:55:19,6491.19,entertainment,online,0,0.0,ALLOW,1
2023-10-31 13:03:58,1117.82,travel,in_store,0,1e-04,ALLOW,1
2023-10-31 13:04:23,6760.68,clothing,atm,0,0.0019,ALLOW,1
2023-10-31 13:21:04,1886.22,grocery,in_store,0,1e-04,ALLOW,1
2023-10-31 13:21:25,1484.19,clothing,mobile_app,0,0.0004,ALLOW,1
2023-10-31 13:29:14,620.62,jewelry,atm,0,0.0005,ALLOW,1
2023-10-31 13:30:01,237.13,electronics,online,0,0.0005,ALLOW,1
2023-10-31 14:19:40,2356.18,online_gaming,mobile_app,0,1e-04,ALLOW,1
2023-10-31 14:30:43,37.56,jewelry,atm,0,1e-04,ALLOW,1
2023-10-31 14:46:22,156.65,grocery,mobile_app,0,0.0,ALLOW,1
2023-10-31 14:52:06,6193.39,entertainment,in_store,0,0.0006,ALLOW,1
2023-10-31 15:01:29,315.09,restaurant,in_store,0,1e-04,ALLOW,1
2023-10-31 15:13:25,2792.77,online_gaming,in_store,0,1e-04,ALLOW,1
2023-10-31 15:22:25,948.95,grocery,in_store,0,0.0008,ALLOW,1
2023-10-31 15:33:41,1291.62,grocery,atm,0,1e-04,ALLOW,1
2023-10-31 15:42:03,164.44,travel,mobile_app,0,0.0003,ALLOW,1
2023-10-31 15:46:15,7926.15,clothing,in_store,0,0.0006,ALLOW,1
2023-10-31 15:58:01,298.11,online_gaming,atm,0,1e-04,ALLOW,1
2023-10-31 16:04:15,318.55,online_gaming,atm,0,0.0004,ALLOW,1
2023-10-31 16:05:29,481.01,online_gaming,online,0,0.0014,ALLOW,1
2023-10-31 16:07:23,169.2,clothing,in_store,0,0.001,ALLOW,1
2023-10-31 16:16:11,85.3,grocery,atm,0,0.0008,ALLOW,1
2023-10-31 16:19:05,3153.58,entertainment,mobile_app,0,1e-04,ALLOW,1
2023-10-31 16:42:29,2346.23,electronics,atm,0,0.0002,ALLOW,1
2023-10-31 16:44:34,1440.19,pharmacy,atm,0,0.0002,ALLOW,1
2023-10-31 16:49:36,4704.77,clothing,online,0,1e-04,ALLOW,1
2023-10-31 17:20:14,349.9,electronics,in_store,0,0.0005,ALLOW,1
2023-10-31 17:32:27,4868.73,pharmacy,in_store,0,1e-04,ALLOW,1
2023-10-31 17:32:28,2174.66,jewelry,online,0,0.0002,ALLOW,1
2023-10-31 17:36:01,400.74,electronics,in_store,0,0.0,ALLOW,1
2023-10-31 17:37:05,855.21,restaurant,online,0,0.0027,ALLOW,1
2023-10-31 17:39:51,2283.36,jewelry,atm,0,1e-04,ALLOW,1
2023-10-31 17:42:06,2651.77,entertainment,in_store,0,0.0,ALLOW,1
2023-10-31 17:46:49,1585.3,electronics,atm,0,1e-04,ALLOW,1
2023-10-31 17:53:20,160.14,electronics,online,0,0.0002,ALLOW,1
2023-10-31 18:03:16,1502.43,travel,online,0,1e-04,ALLOW,1
2023-10-31 18:07:57,1437.66,entertainment,in_store,0,0.0,ALLOW,1
2023-10-31 18:32:56,1736.4,pharmacy,in_store,0,1e-04,ALLOW,1
2023-10-31 18:39:49,94.56,restaurant,in_store,0,0.0003,ALLOW,1
2023-10-31 18:42:30,1751.72,electronics,online,0,1e-04,ALLOW,1
2023-10-31 18:54:31,284.14,clothing,online,0,0.0002,ALLOW,1
2023-10-31 19:05:19,2882.95,travel,atm,0,0.0,ALLOW,1
2023-10-31 19:09:34,1027.82,online_gaming,atm,0,0.0006,ALLOW,1
2023-10-31 19:20:37,1129.45,fuel,mobile_app,0,0.0,ALLOW,1
2023-10-31 19:50:11,3102.26,travel,mobile_app,0,0.0059,ALLOW,1
2023-10-31 19:56:23,1699.05,clothing,mobile_app,0,0.0003,ALLOW,1
2023-10-31 19:59:11,2392.39,grocery,online,0,0.0,ALLOW,1
2023-10-31 20:02:09,2160.28,electronics,atm,0,1e-04,ALLOW,1
2023-10-31 20:15:19,2922.57,fuel,in_store,0,0.0003,ALLOW,1
2023-10-31 20:25:13,1594.78,online_gaming,online,0,0.0002,ALLOW,1
2023-10-31 20:48:36,12136.89,restaurant,mobile_app,1,1.0,REVIEW,1
2023-10-31 20:49:08,4175.68,clothing,atm,0,0.048,ALLOW,1
2023-10-31 20:56:14,3502.78,jewelry,atm,0,0.0009,ALLOW,1
2023-10-31 21:02:46,145.56,clothing,online,0,0.0,ALLOW,1
2023-10-31 21:03:17,1198.12,jewelry,in_store,0,0.0,ALLOW,1
2023-10-31 21:07:40,300.29,jewelry,mobile_app,0,0.0002,ALLOW,1
2023-10-31 22:04:08,334.55,online_gaming,in_store,0,0.0003,ALLOW,1
2023-10-31 22:25:47,2569.62,clothing,in_store,0,0.0002,ALLOW,1
2023-10-31 22:35:30,456.82,fuel,online,0,0.0004,ALLOW,1
2023-10-31 23:00:13,467.23,pharmacy,online,0,0.0,ALLOW,1
2023-10-31 23:09:33,1096.17,fuel,in_store,0,0.0003,ALLOW,1
2023-10-31 23:30:04,3773.27,online_gaming,atm,0,0.0002,ALLOW,1
2023-10-31 23:30:09,985.14,jewelry,in_store,0,0.0005,ALLOW,1
2023-10-31 23:38:08,365.37,grocery,in_store,0,1e-04,ALLOW,1
2023-10-31 23:42:26,304.03,grocery,online,0,0.0003,ALLOW,1
2023-10-31 23:45:03,1228.94,travel,online,0,0.0004,ALLOW,1
2023-11-01 00:25:58,2263.65,restaurant,online,0,0.0002,ALLOW,1
2023-11-01 00:27:09,332.1,clothing,atm,0,0.0003,ALLOW,1
2023-11-01 00:29:10,913.15,entertainment,in_store,0,0.0049,ALLOW,1
2023-11-01 00:44:44,1460.14,electronics,online,0,0.0003,ALLOW,1
2023-11-01 00:46:38,1829.97,electronics,atm,0,0.0002,ALLOW,1
2023-11-01 00:49:31,810.19,pharmacy,online,0,1e-04,ALLOW,1
2023-11-01 00:55:29,608.26,fuel,mobile_app,0,1e-04,ALLOW,1
2023-11-01 01:00:44,72.04,grocery,online,0,1e-04,ALLOW,1
2023-11-01 01:08:24,576.91,fuel,in_store,0,0.0006,ALLOW,1
2023-11-01 01:10:00,97.52,clothing,online,0,0.0002,ALLOW,1
2023-11-01 01:41:02,688.6,electronics,online,0,1e-04,ALLOW,1
2023-11-01 02:33:31,506.0,clothing,atm,0,0.0003,ALLOW,1
2023-11-01 02:45:43,1511.94,entertainment,in_store,0,0.0,ALLOW,1
2023-11-01 03:03:18,863.29,restaurant,atm,0,0.0002,ALLOW,1
2023-11-01 03:23:17,2382.14,electronics,mobile_app,0,0.0005,ALLOW,1
2023-11-01 03:39:54,1451.46,online_gaming,mobile_app,0,0.0,ALLOW,1
2023-11-01 03:47:31,2049.89,entertainment,online,0,1e-04,ALLOW,1
2023-11-01 03:50:51,303.59,online_gaming,in_store,0,0.0007,ALLOW,1
2023-11-01 03:51:18,1657.52,restaurant,mobile_app,0,0.001,ALLOW,1
2023-11-01 04:02:25,2676.17,jewelry,atm,0,0.0006,ALLOW,1
2023-11-01 04:40:48,604.34,electronics,online,0,1e-04,ALLOW,1
2023-11-01 04:48:36,1752.61,restaurant,atm,0,1e-04,ALLOW,1
2023-11-01 04:54:05,153.92,online_gaming,mobile_app,0,0.0009,ALLOW,1
2023-11-01 05:02:42,300.4,online_gaming,in_store,0,1e-04,ALLOW,1
2023-11-01 05:10:00,310.46,restaurant,atm,0,1e-04,ALLOW,1
2023-11-01 05:12:23,1778.69,electronics,in_store,0,0.0002,ALLOW,1
2023-11-01 05:15:06,334.77,online_gaming,online,0,0.0005,ALLOW,1
2023-11-01 05:19:31,2840.62,pharmacy,atm,0,0.0,ALLOW,1
2023-11-01 05:22:09,32.05,clothing,mobile_app,0,0.0003,ALLOW,1
2023-11-01 05:37:20,1231.27,grocery,mobile_app,0,0.0,ALLOW,1
2023-11-01 06:16:01,485.95,clothing,in_store,0,0.0022,ALLOW,1
2023-11-01 06:36:56,1845.67,online_gaming,in_store,0,1e-04,ALLOW,1
2023-11-01 06:52:12,979.08,entertainment,atm,0,0.0,ALLOW,1
2023-11-01 06:53:35,1707.6,jewelry,online,0,0.0002,ALLOW,1
2023-11-01 07:09:11,3405.33,restaurant,online,0,0.0004,ALLOW,1
2023-11-01 07:12:46,7444.53,online_gaming,atm,0,0.0327,ALLOW,1
2023-11-01 07:26:27,1374.03,restaurant,in_store,0,0.0003,ALLOW,1
2023-11-01 07:40:45,2604.34,pharmacy,online,0,0.0004,ALLOW,1
2023-11-01 07:42:13,1046.31,pharmacy,mobile_app,0,1e-04,ALLOW,1
2023-11-01 07:44:02,1694.14,clothing,atm,0,0.0005,ALLOW,1
2023-11-01 07:52:48,3473.92,grocery,online,0,1e-04,ALLOW,1
2023-11-01 07:57:06,1048.39,fuel,mobile_app,0,1e-04,ALLOW,1
2023-11-01 08:06:32,2479.25,restaurant,in_store,0,1e-04,ALLOW,1
2023-11-01 08:23:37,15.65,jewelry,in_store,0,0.0008,ALLOW,1
2023-11-01 08:27:42,3887.25,clothing,online,0,0.0006,ALLOW,1
2023-11-01 08:44:05,2209.74,electronics,online,0,0.0006,ALLOW,1
2023-11-01 09:02:58,1951.12,travel,online,0,0.0003,ALLOW,1
2023-11-01 09:05:02,948.29,fuel,online,0,0.0,ALLOW,1
2023-11-01 09:14:17,3794.94,jewelry,online,0,0.0023,ALLOW,1
2023-11-01 09:20:38,702.11,travel,in_store,0,0.0003,ALLOW,1
2023-11-01 09:26:40,2438.97,pharmacy,mobile_app,0,1e-04,ALLOW,1
2023-11-01 09:31:53,130.76,fuel,online,0,0.0072,ALLOW,1
2023-11-01 09:46:36,401.93,online_gaming,in_store,0,0.0004,ALLOW,1
2023-11-01 09:51:20,3118.93,fuel,in_store,0,1e-04,ALLOW,1
2023-11-01 10:15:28,380.38,pharmacy,in_store,0,0.0002,ALLOW,1
2023-11-01 10:24:45,2290.39,restaurant,mobile_app,0,1e-04,ALLOW,1
2023-11-01 10:34:46,331.83,online_gaming,online,0,1e-04,ALLOW,1
2023-11-01 10:43:42,436.69,electronics,atm,0,1e-04,ALLOW,1
2023-11-01 11:02:11,800.15,clothing,atm,0,0.0,ALLOW,1
2023-11-01 11:04:16,377.11,clothing,in_store,0,1e-04,ALLOW,1
2023-11-01 11:13:20,40.89,clothing,in_store,0,0.0002,ALLOW,1
2023-11-01 11:42:00,3991.4,jewelry,atm,0,0.0007,ALLOW,1
2023-11-01 11:53:05,2100.39,electronics,mobile_app,0,0.0,ALLOW,1
2023-11-01 11:58:21,1695.67,entertainment,in_store,0,0.0,ALLOW,1
2023-11-01 12:20:24,4131.71,pharmacy,atm,0,0.0084,ALLOW,1
2023-11-01 12:23:57,234.94,online_gaming,online,0,0.0003,ALLOW,1
2023-11-01 12:30:52,278.07,restaurant,online,0,0.0134,ALLOW,1
2023-11-01 12:33:48,1084.09,pharmacy,atm,0,0.0034,ALLOW,1
2023-11-01 12:37:57,1430.62,entertainment,online,0,0.0,ALLOW,1
2023-11-01 12:38:52,4386.01,electronics,in_store,0,0.0819,ALLOW,1
2023-11-01 12:42:19,2522.32,entertainment,online,0,1e-04,ALLOW,1
2023-11-01 12:58:00,1015.02,pharmacy,atm,0,0.0002,ALLOW,1
2023-11-01 13:37:57,127.28,fuel,atm,0,1e-04,ALLOW,1
2023-11-01 14:11:56,404.09,travel,atm,0,0.0,ALLOW,1
2023-11-01 14:13:05,2599.67,fuel,online,0,0.0,ALLOW,1
2023-11-01 14:36:18,61.69,restaurant,in_store,0,1e-04,ALLOW,1
2023-11-01 14:45:10,2677.3,restaurant,in_store,0,1e-04,ALLOW,1
2023-11-01 14:45:49,1927.97,grocery,atm,0,0.0002,ALLOW,1
2023-11-01 14:55:38,2173.45,jewelry,online,0,0.0002,ALLOW,1
2023-11-01 14:59:03,480.5,entertainment,in_store,0,1e-04,ALLOW,1
2023-11-01 15:03:58,3450.92,jewelry,online,0,0.0023,ALLOW,1
2023-11-01 15:14:40,1820.08,grocery,online,0,0.0,ALLOW,1
2023-11-01 15:33:27,262.9,online_gaming,mobile_app,0,0.0006,ALLOW,1
2023-11-01 15:49:37,4385.66,entertainment,online,0,1e-04,ALLOW,1
2023-11-01 16:09:25,2234.15,electronics,online,0,0.0023,ALLOW,1
2023-11-01 16:27:05,3105.94,electronics,in_store,0,0.0,ALLOW,1
2023-11-01 16:37:51,4007.64,fuel,online,0,0.0002,ALLOW,1
2023-11-01 16:40:50,1841.64,grocery,mobile_app,0,1e-04,ALLOW,1
2023-11-01 16:44:54,602.54,jewelry,mobile_app,0,0.0033,ALLOW,1
2023-11-01 16:45:22,942.17,fuel,online,0,1e-04,ALLOW,1
2023-11-01 16:46:05,2018.99,restaurant,mobile_app,0,0.0004,ALLOW,1
2023-11-01 16:57:25,2516.27,jewelry,atm,0,1e-04,ALLOW,1
2023-11-01 17:00:51,4702.63,grocery,online,0,0.0003,ALLOW,1
2023-11-01 17:43:21,1135.79,electronics,atm,0,0.0002,ALLOW,1
2023-11-01 17:48:30,238.82,jewelry,online,0,1e-04,ALLOW,1
2023-11-01 18:05:56,4348.54,entertainment,in_store,0,1e-04,ALLOW,1
2023-11-01 18:09:06,2120.71,restaurant,atm,0,0.0052,ALLOW,1
2023-11-01 18:13:16,348.79,electronics,mobile_app,0,0.0005,ALLOW,1
2023-11-01 18:19:12,2951.96,entertainment,online,0,1e-04,ALLOW,1
2023-11-01 18:20:08,1150.45,entertainment,atm,0,0.0,ALLOW,1
2023-11-01 18:33:47,3613.55,jewelry,in_store,0,0.0005,ALLOW,1
2023-11-01 18:40:26,643.03,online_gaming,in_store,0,0.0,ALLOW,1
2023-11-01 18:42:08,972.74,clothing,online,0,0.0004,ALLOW,1
2023-11-01 18:57:20,987.25,electronics,in_store,0,0.0002,ALLOW,1
2023-11-01 19:34:28,1769.55,electronics,atm,0,0.0002,ALLOW,1
2023-11-01 19:38:53,455.8,clothing,atm,0,0.0005,ALLOW,1
2023-11-01 20:23:32,1440.93,grocery,atm,0,1e-04,ALLOW,1
2023-11-01 20:32:55,945.48,jewelry,in_store,0,1e-04,ALLOW,1
2023-11-01 21:05:13,989.43,clothing,online,0,0.0003,ALLOW,1
2023-11-01 21:10:17,670.81,grocery,mobile_app,0,0.0,ALLOW,1
2023-11-01 21:18:05,492.52,jewelry,mobile_app,0,1e-04,ALLOW,1
2023-11-01 21:20:09,1172.88,clothing,in_store,0,0.0002,ALLOW,1
2023-11-01 21:20:53,895.08,jewelry,in_store,0,0.0,ALLOW,1
2023-11-01 21:27:32,2077.0,clothing,in_store,0,0.0021,ALLOW,1
2023-11-01 21:51:04,5978.29,travel,mobile_app,0,0.0,ALLOW,1
2023-11-01 22:03:21,67.79,online_gaming,atm,0,1e-04,ALLOW,1
2023-11-01 22:05:05,1136.82,jewelry,in_store,0,0.0069,ALLOW,1
2023-11-01 22:35:41,2326.75,online_gaming,in_store,0,0.0004,ALLOW,1
2023-11-01 22:38:58,755.5,jewelry,in_store,0,1e-04,ALLOW,1
2023-11-01 22:47:43,1322.31,restaurant,atm,0,1e-04,ALLOW,1
2023-11-01 22:51:03,367.97,entertainment,online,0,1e-04,ALLOW,1
2023-11-01 22:55:54,1478.75,online_gaming,in_store,0,0.0005,ALLOW,1
2023-11-01 23:01:18,119.41,jewelry,mobile_app,0,0.0003,ALLOW,1
2023-11-01 23:05:35,102.66,fuel,atm,0,0.0004,ALLOW,1
2023-11-01 23:25:39,2014.62,entertainment,atm,0,1e-04,ALLOW,1
2023-11-02 00:00:18,4250.12,grocery,mobile_app,0,0.0,ALLOW,1
2023-11-02 00:11:44,356.95,online_gaming,online,0,1e-04,ALLOW,1
2023-11-02 00:17:09,499.69,grocery,in_store,0,0.0002,ALLOW,1
2023-11-02 00:22:29,2810.2,travel,mobile_app,0,1e-04,ALLOW,1
2023-11-02 00:37:05,3556.2,jewelry,online,0,0.0002,ALLOW,1
2023-11-02 00:49:56,3674.9,pharmacy,in_store,0,0.0005,ALLOW,1
2023-11-02 00:58:28,1481.69,pharmacy,atm,0,1e-04,ALLOW,1
2023-11-02 00:58:35,598.45,pharmacy,mobile_app,0,1e-04,ALLOW,1
2023-11-02 01:05:43,1739.06,online_gaming,atm,0,1e-04,ALLOW,1
2023-11-02 01:09:26,223.47,pharmacy,online,0,0.0009,ALLOW,1
2023-11-02 01:11:38,1620.19,electronics,online,0,0.0003,ALLOW,1
2023-11-02 01:27:56,2449.24,electronics,online,0,0.0008,ALLOW,1
2023-11-02 01:28:52,2450.93,entertainment,atm,0,0.0002,ALLOW,1
2023-11-02 01:41:42,632.47,electronics,online,0,0.0004,ALLOW,1
2023-11-02 01:59:25,3276.59,restaurant,mobile_app,0,0.0035,ALLOW,1
2023-11-02 02:33:09,1678.85,fuel,atm,0,0.0,ALLOW,1
2023-11-02 02:45:42,493.49,clothing,online,0,1e-04,ALLOW,1
2023-11-02 02:46:35,769.9,fuel,online,0,0.0,ALLOW,1
2023-11-02 03:03:55,1595.27,clothing,mobile_app,0,0.0006,ALLOW,1
2023-11-02 03:06:16,498.67,fuel,online,0,0.0017,ALLOW,1
2023-11-02 03:12:20,659.17,entertainment,mobile_app,0,0.0,ALLOW,1
2023-11-02 03:14:23,2298.87,fuel,in_store,0,0.0,ALLOW,1
2023-11-02 03:15:51,1155.33,online_gaming,mobile_app,0,0.0004,ALLOW,1
2023-11-02 03:20:53,3889.29,travel,mobile_app,0,1e-04,ALLOW,1
2023-11-02 03:42:32,1055.82,grocery,mobile_app,0,1e-04,ALLOW,1
2023-11-02 03:51:44,703.51,entertainment,mobile_app,0,0.0,ALLOW,1
2023-11-02 03:54:31,1092.0,entertainment,mobile_app,0,1e-04,ALLOW,1
2023-11-02 03:58:03,528.5,pharmacy,in_store,0,1e-04,ALLOW,1
2023-11-02 04:02:34,5644.21,clothing,atm,0,0.0009,ALLOW,1
2023-11-02 04:26:51,3134.7,jewelry,in_store,0,0.0017,ALLOW,1
2023-11-02 04:29:04,1427.44,pharmacy,mobile_app,0,1e-04,ALLOW,1
2023-11-02 04:39:54,3307.86,online_gaming,in_store,0,1e-04,ALLOW,1
2023-11-02 04:48:44,3081.26,travel,online,0,0.0074,ALLOW,1
2023-11-02 05:22:01,4961.16,clothing,in_store,0,0.0338,ALLOW,1
2023-11-02 05:54:05,8912.62,clothing,online,0,0.0002,ALLOW,1
2023-11-02 06:05:13,2026.88,pharmacy,in_store,0,1e-04,ALLOW,1
2023-11-02 06:32:54,3472.67,fuel,in_store,0,0.0006,ALLOW,1
2023-11-02 06:37:28,3875.14,pharmacy,atm,0,1e-04,ALLOW,1
2023-11-02 06:56:14,268.74,jewelry,in_store,0,0.0002,ALLOW,1
2023-11-02 06:56:42,2645.78,clothing,online,0,0.0075,ALLOW,1
2023-11-02 07:06:17,3862.31,entertainment,atm,0,0.0004,ALLOW,1
2023-11-02 07:19:26,4631.82,restaurant,in_store,0,1e-04,ALLOW,1
2023-11-02 07:25:42,134.0,grocery,in_store,0,0.0004,ALLOW,1
2023-11-02 07:30:22,99.86,travel,in_store,0,1e-04,ALLOW,1
2023-11-02 07:35:10,2793.46,clothing,in_store,0,0.0005,ALLOW,1
2023-11-02 08:00:28,415.95,travel,in_store,0,1e-04,ALLOW,1
2023-11-02 08:32:04,711.7,entertainment,mobile_app,0,0.0003,ALLOW,1
2023-11-02 08:51:52,709.77,jewelry,in_store,0,0.0023,ALLOW,1
2023-11-02 08:55:00,3196.86,clothing,online,0,0.0004,ALLOW,1
2023-11-02 08:59:43,2302.83,entertainment,atm,0,0.0006,ALLOW,1
2023-11-02 09:10:04,1957.41,grocery,atm,0,0.0003,ALLOW,1
2023-11-02 09:18:42,647.49,electronics,in_store,0,1e-04,ALLOW,1
2023-11-02 09:23:51,1542.33,electronics,in_store,0,1e-04,ALLOW,1
2023-11-02 09:30:41,2252.56,restaurant,atm,0,1e-04,ALLOW,1
2023-11-02 09:38:14,11.92,restaurant,in_store,0,0.0044,ALLOW,1
2023-11-02 09:46:38,976.24,pharmacy,atm,0,0.0,ALLOW,1
2023-11-02 10:05:50,707.05,electronics,atm,0,0.0005,ALLOW,1
2023-11-02 10:11:19,173.75,restaurant,in_store,0,0.0,ALLOW,1
2023-11-02 10:24:33,763.82,restaurant,online,0,1e-04,ALLOW,1
2023-11-02 10:52:41,1333.16,fuel,atm,0,1e-04,ALLOW,1
2023-11-02 10:53:13,1518.88,fuel,online,0,1e-04,ALLOW,1
2023-11-02 10:53:44,2681.23,restaurant,in_store,0,1e-04,ALLOW,1
2023-11-02 11:06:00,2131.78,electronics,atm,0,0.0,ALLOW,1
2023-11-02 11:21:24,2731.45,electronics,atm,0,0.0,ALLOW,1
2023-11-02 11:24:47,2496.57,jewelry,online,0,0.001,ALLOW,1
2023-11-02 12:15:48,525.12,travel,in_store,0,1e-04,ALLOW,1
2023-11-02 12:40:44,5558.18,fuel,in_store,0,1e-04,ALLOW,1
2023-11-02 12:59:30,713.36,electronics,atm,0,1e-04,ALLOW,1
2023-11-02 13:10:45,611.15,grocery,in_store,0,0.0,ALLOW,1
2023-11-02 13:16:03,1223.19,entertainment,online,0,0.0002,ALLOW,1
2023-11-02 13:18:16,3617.4,pharmacy,atm,0,1e-04,ALLOW,1
2023-11-02 13:20:41,1788.92,grocery,atm,0,1e-04,ALLOW,1
2023-11-02 13:21:41,817.26,grocery,mobile_app,0,0.0103,ALLOW,1
2023-11-02 13:32:42,68.77,electronics,mobile_app,0,0.0003,ALLOW,1
2023-11-02 13:40:13,515.62,online_gaming,mobile_app,0,0.0007,ALLOW,1
2023-11-02 13:57:35,7971.57,online_gaming,in_store,0,0.0004,ALLOW,1
2023-11-02 14:06:39,644.61,restaurant,online,0,0.0013,ALLOW,1
2023-11-02 14:18:41,5518.79,clothing,online,0,0.015,ALLOW,1
2023-11-02 14:34:16,615.81,grocery,atm,0,0.0,ALLOW,1
2023-11-02 14:39:24,4072.88,travel,in_store,0,0.1087,ALLOW,1
2023-11-02 14:44:16,2697.23,jewelry,atm,0,0.0,ALLOW,1
2023-11-02 14:53:43,1842.74,fuel,online,0,0.0,ALLOW,1
2023-11-02 14:54:16,2469.31,pharmacy,online,0,0.0002,ALLOW,1
2023-11-02 15:02:42,1920.01,travel,in_store,0,0.0002,ALLOW,1
2023-11-02 15:05:47,581.85,clothing,atm,0,0.001,ALLOW,1
2023-11-02 15:13:01,1127.98,fuel,mobile_app,0,1e-04,ALLOW,1
2023-11-02 15:18:53,2331.2,online_gaming,mobile_app,0,0.0002,ALLOW,1
2023-11-02 15:39:00,1417.05,entertainment,mobile_app,0,0.0,ALLOW,1
2023-11-02 15:39:41,203.06,fuel,mobile_app,0,0.0003,ALLOW,1
2023-11-02 15:39:58,1781.76,fuel,in_store,0,0.0003,ALLOW,1
2023-11-02 15:58:54,4189.14,fuel,atm,0,0.0021,ALLOW,1
2023-11-02 16:00:46,1447.46,fuel,mobile_app,0,1e-04,ALLOW,1
2023-11-02 16:05:47,320.56,clothing,online,0,0.0002,ALLOW,1
2023-11-02 16:34:22,241.49,clothing,atm,0,0.0011,ALLOW,1
2023-11-02 16:40:31,864.46,online_gaming,mobile_app,0,1e-04,ALLOW,1
2023-11-02 16:49:30,343.8,fuel,online,0,0.0,ALLOW,1
2023-11-02 16:53:55,52.9,pharmacy,mobile_app,0,0.0006,ALLOW,1
2023-11-02 16:54:48,507.41,pharmacy,mobile_app,0,1e-04,ALLOW,1
2023-11-02 16:57:35,4375.32,grocery,atm,0,0.0002,ALLOW,1
2023-11-02 17:11:16,1160.99,entertainment,online,0,0.0,ALLOW,1
2023-11-02 17:13:27,1479.74,entertainment,mobile_app,0,0.0004,ALLOW,1
2023-11-02 17:18:46,15.22,fuel,online,0,0.0002,ALLOW,1
2023-11-02 17:21:16,715.77,electronics,mobile_app,0,0.0033,ALLOW,1
2023-11-02 17:33:02,5515.3,travel,in_store,0,0.0002,ALLOW,1
2023-11-02 17:37:53,224.55,jewelry,online,0,0.0002,ALLOW,1
2023-11-02 17:43:55,138.94,jewelry,atm,0,0.0007,ALLOW,1
2023-11-02 17:44:49,496.99,electronics,online,0,0.0004,ALLOW,1
2023-11-02 17:47:36,215.6,online_gaming,mobile_app,0,0.0002,ALLOW,1
2023-11-02 17:54:24,174.07,restaurant,mobile_app,0,0.0005,ALLOW,1
2023-11-02 17:57:07,5225.25,travel,mobile_app,0,0.0005,ALLOW,1
2023-11-02 18:06:53,1891.8,fuel,atm,0,0.0,ALLOW,1
2023-11-02 18:11:53,1430.25,travel,mobile_app,0,0.0153,ALLOW,1
2023-11-02 18:26:01,883.06,grocery,in_store,0,0.0,ALLOW,1
2023-11-02 18:29:34,456.3,fuel,in_store,0,1e-04,ALLOW,1
2023-11-02 18:30:51,1652.22,travel,atm,0,0.0004,ALLOW,1
2023-11-02 18:40:01,1179.92,pharmacy,atm,0,0.0,ALLOW,1
2023-11-02 18:42:22,2647.97,clothing,in_store,0,1e-04,ALLOW,1
2023-11-02 19:32:02,3140.64,clothing,mobile_app,0,0.0071,ALLOW,1
2023-11-02 19:37:42,869.89,grocery,mobile_app,0,0.0003,ALLOW,1
2023-11-02 19:53:48,3360.99,travel,atm,0,0.0033,ALLOW,1
2023-11-02 20:01:35,14.66,jewelry,online,0,0.0008,ALLOW,1
2023-11-02 20:03:04,956.83,grocery,in_store,0,1e-04,ALLOW,1
2023-11-02 20:09:47,2015.57,jewelry,atm,0,0.0,ALLOW,1
2023-11-02 20:15:17,201.71,electronics,online,0,1e-04,ALLOW,1
2023-11-02 20:47:44,436.27,entertainment,mobile_app,0,0.0002,ALLOW,1
2023-11-02 20:54:47,703.92,grocery,mobile_app,0,0.0004,ALLOW,1
2023-11-02 20:59:48,143.7,clothing,atm,0,1e-04,ALLOW,1
2023-11-02 21:07:19,827.82,clothing,in_store,0,0.0014,ALLOW,1
2023-11-02 21:13:10,242.91,clothing,atm,0,1e-04,ALLOW,1
2023-11-02 21:19:30,2019.34,jewelry,atm,0,0.0006,ALLOW,1
2023-11-02 21:27:39,1064.99,pharmacy,mobile_app,0,0.0005,ALLOW,1
2023-11-02 21:35:34,1287.32,electronics,online,0,1e-04,ALLOW,1
2023-11-02 21:56:34,554.95,entertainment,online,0,0.0002,ALLOW,1
2023-11-02 22:04:54,391.58,online_gaming,online,0,0.0003,ALLOW,1
2023-11-02 22:04:56,3250.56,electronics,atm,0,0.0011,ALLOW,1
2023-11-02 22:15:12,414.45,pharmacy,online,0,0.0,ALLOW,1
2023-11-02 22:39:33,1510.16,electronics,in_store,0,0.0,ALLOW,1
2023-11-02 22:43:29,1031.57,jewelry,mobile_app,0,0.0,ALLOW,1
2023-11-02 22:47:52,2075.83,entertainment,atm,0,1e-04,ALLOW,1
2023-11-02 22:49:18,2418.6,restaurant,online,0,0.0007,ALLOW,1
2023-11-02 22:55:47,2129.88,jewelry,online,0,1e-04,ALLOW,1
2023-11-02 23:11:20,2425.66,fuel,online,0,0.0,ALLOW,1
2023-11-02 23:16:01,586.86,jewelry,online,0,1e-04,ALLOW,1
2023-11-02 23:19:14,1512.24,grocery,mobile_app,0,1e-04,ALLOW,1
2023-11-02 23:36:52,185.94,travel,in_store,0,0.0011,ALLOW,1
2023-11-02 23:39:24,8213.05,restaurant,atm,1,0.9999,REVIEW,1
2023-11-02 23:41:49,1513.27,online_gaming,atm,0,0.0,ALLOW,1
2023-11-02 23:43:32,1624.66,jewelry,in_store,0,1e-04,ALLOW,1
2023-11-03 00:09:26,616.64,fuel,in_store,0,0.0,ALLOW,1
2023-11-03 00:12:26,203.29,electronics,atm,0,0.0002,ALLOW,1
2023-11-03 01:23:17,2615.83,travel,mobile_app,0,0.0002,ALLOW,1
2023-11-03 01:39:26,106.27,clothing,online,0,0.0012,ALLOW,1
2023-11-03 01:48:40,842.29,grocery,online,0,1e-04,ALLOW,1
2023-11-03 01:51:39,1710.08,entertainment,mobile_app,0,1e-04,ALLOW,1
2023-11-03 02:12:01,1837.18,pharmacy,mobile_app,0,0.0,ALLOW,1
2023-11-03 02:18:20,882.62,travel,mobile_app,0,0.0005,ALLOW,1
2023-11-03 02:21:36,60.54,online_gaming,in_store,0,0.0002,ALLOW,1
2023-11-03 02:21:59,4892.34,online_gaming,mobile_app,0,0.0003,ALLOW,1
2023-11-03 02:25:44,2872.82,entertainment,in_store,0,0.0002,ALLOW,1
2023-11-03 02:29:22,4788.54,pharmacy,in_store,0,1e-04,ALLOW,1
2023-11-03 02:46:06,1118.35,restaurant,online,0,0.0003,ALLOW,1
2023-11-03 02:55:19,2158.86,electronics,mobile_app,0,0.0025,ALLOW,1
2023-11-03 03:15:30,401.66,restaurant,atm,0,0.001,ALLOW,1
2023-11-03 03:15:39,1729.29,grocery,mobile_app,0,1e-04,ALLOW,1
2023-11-03 03:47:18,939.38,grocery,in_store,0,0.0015,ALLOW,1
2023-11-03 03:59:24,2199.76,entertainment,atm,0,0.0003,ALLOW,1
2023-11-03 04:02:15,778.96,online_gaming,online,0,0.0005,ALLOW,1
2023-11-03 04:06:36,1594.24,travel,online,0,1e-04,ALLOW,1
2023-11-03 04:16:35,2707.31,travel,in_store,0,0.0002,ALLOW,1
2023-11-03 05:02:07,299.21,entertainment,in_store,0,1e-04,ALLOW,1
2023-11-03 05:05:58,1678.09,restaurant,mobile_app,0,0.0009,ALLOW,1
2023-11-03 05:07:57,10.0,online_gaming,in_store,0,0.0027,ALLOW,1
2023-11-03 05:14:33,2029.91,electronics,atm,0,0.0,ALLOW,1
2023-11-03 05:18:11,4820.17,grocery,in_store,0,0.0012,ALLOW,1
2023-11-03 05:24:49,1662.09,clothing,mobile_app,0,0.0002,ALLOW,1
2023-11-03 05:30:03,428.74,restaurant,online,0,0.0008,ALLOW,1
2023-11-03 05:35:21,179.26,fuel,in_store,0,0.0013,ALLOW,1
2023-11-03 05:40:54,306.12,electronics,online,0,1e-04,ALLOW,1
2023-11-03 05:43:58,6967.55,restaurant,atm,0,0.0005,ALLOW,1
2023-11-03 05:46:19,1068.73,fuel,mobile_app,0,1e-04,ALLOW,1
2023-11-03 05:56:46,1330.21,clothing,in_store,0,1e-04,ALLOW,1
2023-11-03 05:57:29,3869.68,pharmacy,in_store,0,0.0026,ALLOW,1
2023-11-03 06:06:25,78.84,pharmacy,atm,0,0.0002,ALLOW,1
2023-11-03 06:09:15,239.66,grocery,atm,0,0.0003,ALLOW,1
2023-11-03 06:10:02,1264.28,grocery,in_store,0,0.0022,ALLOW,1
2023-11-03 06:13:43,1431.01,clothing,online,0,0.0006,ALLOW,1
2023-11-03 06:24:01,587.62,fuel,mobile_app,0,0.0107,ALLOW,1
2023-11-03 06:27:49,2864.52,travel,atm,0,0.0084,ALLOW,1
2023-11-03 06:37:35,57.49,fuel,in_store,0,0.0029,ALLOW,1
2023-11-03 06:50:31,1071.44,online_gaming,online,0,0.0,ALLOW,1
2023-11-03 06:52:22,5668.23,electronics,atm,0,0.0736,ALLOW,1
2023-11-03 07:16:19,1773.42,clothing,in_store,0,0.0003,ALLOW,1
2023-11-03 07:19:51,1161.15,fuel,in_store,0,0.0008,ALLOW,1
2023-11-03 07:27:34,4075.44,electronics,atm,0,0.0004,ALLOW,1
2023-11-03 07:40:11,1315.87,grocery,in_store,0,1e-04,ALLOW,1
2023-11-03 07:45:50,4293.47,entertainment,in_store,0,0.0005,ALLOW,1
2023-11-03 07:52:55,2521.56,online_gaming,online,0,0.0012,ALLOW,1
2023-11-03 08:26:41,12.6,electronics,in_store,0,1e-04,ALLOW,1
2023-11-03 08:28:45,45.08,travel,atm,0,0.0019,ALLOW,1
2023-11-03 08:34:06,450.52,restaurant,in_store,0,0.0,ALLOW,1
2023-11-03 08:52:06,694.65,restaurant,online,0,0.0008,ALLOW,1
2023-11-03 09:21:26,767.76,travel,atm,0,0.0002,ALLOW,1
2023-11-03 09:52:28,21.31,pharmacy,online,0,1e-04,ALLOW,1
2023-11-03 10:16:19,1430.21,electronics,atm,0,0.0,ALLOW,1
2023-11-03 10:23:08,101.33,restaurant,atm,0,0.002,ALLOW,1
2023-11-03 10:35:29,268.98,entertainment,mobile_app,0,0.0002,ALLOW,1
2023-11-03 10:47:09,5161.48,electronics,online,0,0.0007,ALLOW,1
2023-11-03 10:55:58,2887.83,jewelry,atm,0,0.0002,ALLOW,1
2023-11-03 11:22:56,3452.24,electronics,atm,0,1e-04,ALLOW,1
2023-11-03 11:24:03,5667.03,entertainment,mobile_app,0,0.0006,ALLOW,1
2023-11-03 11:25:04,588.15,online_gaming,atm,0,0.0005,ALLOW,1
2023-11-03 11:35:42,5349.36,entertainment,in_store,0,0.028,ALLOW,1
2023-11-03 11:37:16,3627.66,travel,online,0,0.0003,ALLOW,1
2023-11-03 11:43:37,1364.41,entertainment,mobile_app,0,0.0,ALLOW,1
2023-11-03 11:47:22,582.56,electronics,online,0,0.0008,ALLOW,1
2023-11-03 11:48:03,1010.14,grocery,online,0,0.0007,ALLOW,1
2023-11-03 11:56:49,3783.44,pharmacy,mobile_app,0,1e-04,ALLOW,1
2023-11-03 12:10:38,226.45,restaurant,online,0,0.0003,ALLOW,1
2023-11-03 12:14:41,1719.01,restaurant,in_store,0,0.0002,ALLOW,1
2023-11-03 12:24:14,1502.64,fuel,mobile_app,0,1e-04,ALLOW,1
2023-11-03 12:44:03,1724.99,restaurant,online,0,0.0,ALLOW,1
2023-11-03 13:03:23,1199.55,grocery,online,0,1e-04,ALLOW,1
2023-11-03 13:12:09,110.21,online_gaming,mobile_app,0,0.0009,ALLOW,1
2023-11-03 13:29:33,1168.19,jewelry,in_store,0,1e-04,ALLOW,1
2023-11-03 13:41:34,2093.59,fuel,in_store,0,1e-04,ALLOW,1
2023-11-03 13:54:51,2999.97,entertainment,in_store,0,0.0004,ALLOW,1
2023-11-03 13:58:09,2293.74,entertainment,in_store,0,0.0031,ALLOW,1
2023-11-03 14:02:09,1293.56,clothing,online,0,0.0002,ALLOW,1
2023-11-03 14:07:15,3797.02,electronics,in_store,0,0.0374,ALLOW,1
2023-11-03 14:17:50,645.23,pharmacy,in_store,0,0.0058,ALLOW,1
2023-11-03 14:18:29,571.91,online_gaming,in_store,0,0.0002,ALLOW,1
2023-11-03 14:41:58,1156.27,travel,mobile_app,0,0.0,ALLOW,1
2023-11-03 14:44:09,2843.13,entertainment,mobile_app,0,0.0,ALLOW,1
2023-11-03 14:53:51,430.68,clothing,mobile_app,0,0.0022,ALLOW,1
2023-11-03 14:54:07,480.57,jewelry,mobile_app,0,0.0002,ALLOW,1
2023-11-03 15:28:18,5131.31,travel,mobile_app,0,0.0,ALLOW,1
2023-11-03 15:38:34,724.49,entertainment,in_store,0,1e-04,ALLOW,1
2023-11-03 15:53:40,2921.3,online_gaming,atm,0,0.0008,ALLOW,1
2023-11-03 16:04:39,2306.95,online_gaming,in_store,0,1e-04,ALLOW,1
2023-11-03 16:33:42,2285.72,pharmacy,atm,0,0.0,ALLOW,1
2023-11-03 16:34:48,110.53,pharmacy,in_store,0,0.0,ALLOW,1
2023-11-03 16:36:01,1966.89,travel,mobile_app,0,0.0003,ALLOW,1
2023-11-03 16:38:05,36.44,clothing,atm,0,0.0002,ALLOW,1
2023-11-03 16:38:54,2550.38,travel,online,0,0.0002,ALLOW,1
2023-11-03 16:52:59,369.45,restaurant,online,0,0.0002,ALLOW,1
2023-11-03 17:18:22,351.09,restaurant,mobile_app,0,0.0004,ALLOW,1
2023-11-03 17:31:35,1530.78,grocery,mobile_app,0,0.0007,ALLOW,1
2023-11-03 17:43:50,1294.6,jewelry,mobile_app,0,0.0003,ALLOW,1
2023-11-03 17:44:56,5516.38,grocery,atm,0,1e-04,ALLOW,1
2023-11-03 17:58:50,963.26,pharmacy,atm,0,0.0,ALLOW,1
2023-11-03 18:00:34,1471.2,restaurant,mobile_app,0,0.0,ALLOW,1
2023-11-03 18:01:45,468.57,restaurant,atm,0,0.0018,ALLOW,1
2023-11-03 18:16:36,179.91,jewelry,online,0,1e-04,ALLOW,1
2023-11-03 18:17:11,453.63,travel,mobile_app,0,1e-04,ALLOW,1
2023-11-03 18:21:43,10.79,pharmacy,mobile_app,0,1e-04,ALLOW,1
2023-11-03 18:39:44,537.9,electronics,atm,0,1e-04,ALLOW,1
2023-11-03 18:49:07,341.52,clothing,mobile_app,0,1e-04,ALLOW,1
2023-11-03 19:06:00,47.26,entertainment,online,0,0.0005,ALLOW,1
2023-11-03 19:10:27,1042.97,grocery,atm,0,1e-04,ALLOW,1
2023-11-03 19:10:31,714.76,grocery,atm,0,1e-04,ALLOW,1
2023-11-03 19:25:00,1812.42,jewelry,online,0,1e-04,ALLOW,1
2023-11-03 19:36:13,1260.32,electronics,atm,0,0.0156,ALLOW,1
2023-11-03 19:38:36,3000.68,online_gaming,in_store,0,0.001,ALLOW,1
2023-11-03 19:50:50,838.47,online_gaming,atm,0,1e-04,ALLOW,1
2023-11-03 19:52:06,3891.72,travel,mobile_app,0,1e-04,ALLOW,1
2023-11-03 19:55:53,356.33,restaurant,in_store,0,0.0062,ALLOW,1
2023-11-03 19:56:29,82.02,online_gaming,online,0,0.0002,ALLOW,1
2023-11-03 20:05:22,422.81,electronics,mobile_app,0,0.0013,ALLOW,1
2023-11-03 20:19:43,184.83,grocery,mobile_app,0,0.0003,ALLOW,1
2023-11-03 20:32:20,110.11,electronics,mobile_app,0,0.0004,ALLOW,1
2023-11-03 20:39:48,3003.48,clothing,in_store,0,0.0005,ALLOW,1
2023-11-03 20:46:25,237.51,fuel,atm,0,1e-04,ALLOW,1
2023-11-03 20:56:09,1383.4,online_gaming,mobile_app,0,1e-04,ALLOW,1
2023-11-03 21:09:27,23.48,jewelry,online,0,0.0002,ALLOW,1
2023-11-03 21:13:55,2653.41,entertainment,atm,0,0.0005,ALLOW,1
2023-11-03 21:15:57,608.68,electronics,online,0,1e-04,ALLOW,1
2023-11-03 21:18:58,632.68,grocery,mobile_app,0,1e-04,ALLOW,1
2023-11-03 21:20:00,2058.36,electronics,online,0,0.0002,ALLOW,1
2023-11-03 21:35:59,1878.32,electronics,atm,0,0.0015,ALLOW,1
2023-11-03 21:46:40,366.98,clothing,atm,0,0.0002,ALLOW,1
2023-11-03 21:57:10,813.4,grocery,atm,0,0.0011,ALLOW,1
2023-11-03 22:00:41,2501.26,entertainment,online,0,0.0,ALLOW,1
2023-11-03 22:01:27,943.05,restaurant,online,0,0.0022,ALLOW,1
2023-11-03 22:06:02,53.0,online_gaming,mobile_app,0,1e-04,ALLOW,1
2023-11-03 22:18:44,1221.04,clothing,mobile_app,0,1e-04,ALLOW,1
2023-11-03 22:18:52,1749.0,restaurant,in_store,0,1e-04,ALLOW,1
2023-11-03 22:48:52,702.61,fuel,mobile_app,0,0.0003,ALLOW,1
2023-11-03 23:00:50,938.52,electronics,atm,0,1e-04,ALLOW,1
2023-11-03 23:14:48,1915.37,jewelry,in_store,0,0.0013,ALLOW,1
2023-11-03 23:30:57,3196.53,travel,online,0,0.0002,ALLOW,1
2023-11-03 23:32:13,2029.49,restaurant,mobile_app,0,1e-04,ALLOW,1
2023-11-03 23:37:47,1307.43,restaurant,atm,0,0.0003,ALLOW,1
2023-11-03 23:40:39,3057.78,electronics,atm,0,0.0002,ALLOW,1
2023-11-03 23:43:06,6110.57,pharmacy,mobile_app,0,0.0018,ALLOW,1
2023-11-03 23:52:34,21.19,restaurant,in_store,0,0.0002,ALLOW,1
2023-11-03 23:55:17,1446.62,travel,mobile_app,0,0.0,ALLOW,1
2023-11-04 00:20:50,465.76,pharmacy,mobile_app,0,0.0002,ALLOW,1
2023-11-04 00:27:16,1753.77,online_gaming,online,0,0.0002,ALLOW,1
2023-11-04 01:03:04,1769.24,grocery,mobile_app,0,0.0,ALLOW,1
2023-11-04 01:13:45,1262.92,clothing,online,0,0.0003,ALLOW,1
2023-11-04 01:22:00,10184.3,jewelry,mobile_app,0,0.0004,ALLOW,1
2023-11-04 01:30:07,601.26,restaurant,mobile_app,0,0.0003,ALLOW,1
2023-11-04 01:38:51,4202.43,restaurant,online,0,0.0,ALLOW,1
2023-11-04 01:40:45,284.15,pharmacy,mobile_app,0,0.0004,ALLOW,1
2023-11-04 01:58:44,1182.08,entertainment,online,0,1e-04,ALLOW,1
2023-11-04 02:08:47,230.03,online_gaming,mobile_app,0,0.0004,ALLOW,1
2023-11-04 02:14:24,1278.61,grocery,online,0,0.0,ALLOW,1
2023-11-04 02:25:09,1351.53,jewelry,mobile_app,0,0.0002,ALLOW,1
2023-11-04 02:48:28,4271.25,jewelry,in_store,0,0.0003,ALLOW,1
2023-11-04 02:52:44,2083.08,fuel,in_store,0,0.0,ALLOW,1
2023-11-04 03:01:43,328.42,entertainment,online,0,1e-04,ALLOW,1
2023-11-04 03:13:19,371.28,jewelry,in_store,0,0.0014,ALLOW,1
2023-11-04 03:35:56,1481.38,clothing,mobile_app,0,0.0,ALLOW,1
2023-11-04 03:36:58,2598.26,grocery,online,0,1e-04,ALLOW,1
2023-11-04 04:02:34,1633.08,online_gaming,in_store,0,0.0,ALLOW,1
2023-11-04 04:45:03,71.32,fuel,online,0,1e-04,ALLOW,1
2023-11-04 05:15:55,1131.92,jewelry,online,0,1e-04,ALLOW,1
2023-11-04 05:24:31,868.7,jewelry,atm,0,0.0008,ALLOW,1
2023-11-04 05:28:19,1578.87,online_gaming,in_store,0,1e-04,ALLOW,1
2023-11-04 05:30:07,1250.79,electronics,in_store,0,0.0007,ALLOW,1
2023-11-04 05:30:40,720.08,online_gaming,in_store,0,0.0003,ALLOW,1
2023-11-04 05:40:09,1434.45,fuel,mobile_app,0,0.0,ALLOW,1
2023-11-04 05:53:28,17.54,clothing,online,0,0.0009,ALLOW,1
2023-11-04 05:55:48,41.23,entertainment,mobile_app,0,1e-04,ALLOW,1
2023-11-04 06:25:20,2287.94,clothing,mobile_app,0,0.0033,ALLOW,1
2023-11-04 06:30:56,1682.39,restaurant,online,0,0.0003,ALLOW,1
2023-11-04 07:10:45,3693.18,travel,mobile_app,0,1e-04,ALLOW,1
2023-11-04 07:10:59,301.68,entertainment,atm,0,0.0,ALLOW,1
2023-11-04 07:24:34,509.45,pharmacy,atm,0,0.0004,ALLOW,1
2023-11-04 07:28:22,846.49,travel,in_store,0,0.0,ALLOW,1
2023-11-04 07:43:03,48.99,clothing,atm,0,0.0007,ALLOW,1
2023-11-04 07:50:28,822.56,entertainment,online,0,0.0,ALLOW,1
2023-11-04 08:00:41,776.11,online_gaming,in_store,0,0.0002,ALLOW,1
2023-11-04 08:03:52,3482.2,pharmacy,atm,0,0.004,ALLOW,1
2023-11-04 08:35:43,170.87,online_gaming,atm,0,0.0014,ALLOW,1
2023-11-04 08:42:27,1769.94,travel,atm,0,1e-04,ALLOW,1
2023-11-04 08:47:06,906.82,grocery,online,0,0.0,ALLOW,1
2023-11-04 08:49:16,378.1,fuel,in_store,0,1e-04,ALLOW,1
2023-11-04 09:05:00,2889.13,entertainment,in_store,0,0.0002,ALLOW,1
2023-11-04 09:10:03,815.24,restaurant,atm,0,0.0003,ALLOW,1
2023-11-04 09:10:52,2385.12,jewelry,online,0,0.0492,ALLOW,1
2023-11-04 09:22:41,1567.95,entertainment,online,0,0.0,ALLOW,1
2023-11-04 09:30:00,220.28,entertainment,atm,0,1e-04,ALLOW,1
2023-11-04 10:05:21,439.59,pharmacy,in_store,0,0.0003,ALLOW,1
2023-11-04 10:24:14,1548.64,entertainment,mobile_app,0,0.0,ALLOW,1
2023-11-04 10:26:18,916.18,fuel,atm,0,1e-04,ALLOW,1
2023-11-04 10:36:31,1514.4,clothing,atm,0,1e-04,ALLOW,1
2023-11-04 10:57:45,273.29,electronics,in_store,0,1e-04,ALLOW,1
2023-11-04 11:03:49,3462.72,grocery,online,0,0.0003,ALLOW,1
2023-11-04 11:19:52,2084.15,entertainment,mobile_app,0,0.0,ALLOW,1
2023-11-04 11:29:05,755.52,pharmacy,atm,0,0.0005,ALLOW,1
2023-11-04 11:43:06,1795.6,jewelry,mobile_app,0,1e-04,ALLOW,1
2023-11-04 11:44:52,1846.8,online_gaming,mobile_app,0,0.0015,ALLOW,1
2023-11-04 11:51:12,2782.47,electronics,atm,0,0.0,ALLOW,1
2023-11-04 12:02:32,828.06,grocery,in_store,0,0.0,ALLOW,1
2023-11-04 12:08:33,1539.41,electronics,mobile_app,0,0.0,ALLOW,1
2023-11-04 12:14:42,803.72,pharmacy,mobile_app,0,0.0,ALLOW,1
2023-11-04 12:14:49,4630.35,jewelry,online,0,0.0038,ALLOW,1
2023-11-04 12:20:19,1139.83,travel,online,0,0.0003,ALLOW,1
2023-11-04 12:26:07,1531.73,restaurant,atm,0,0.0004,ALLOW,1
2023-11-04 12:33:57,759.16,grocery,in_store,0,0.0003,ALLOW,1
2023-11-04 12:45:45,3561.82,grocery,atm,0,0.001,ALLOW,1
2023-11-04 12:51:03,270.15,entertainment,mobile_app,0,0.0006,ALLOW,1
2023-11-04 13:19:40,549.29,fuel,online,0,1e-04,ALLOW,1
2023-11-04 13:28:59,1276.93,online_gaming,online,0,0.0,ALLOW,1
2023-11-04 13:44:23,1101.2,grocery,atm,0,0.0002,ALLOW,1
2023-11-04 14:06:45,2276.43,jewelry,in_store,0,0.0019,ALLOW,1
2023-11-04 14:15:55,1095.79,grocery,online,0,1e-04,ALLOW,1
2023-11-04 14:45:38,468.46,grocery,in_store,0,1e-04,ALLOW,1
2023-11-04 14:47:43,27.06,electronics,in_store,0,0.0004,ALLOW,1
2023-11-04 15:10:48,1899.13,travel,atm,0,0.001,ALLOW,1
2023-11-04 15:11:57,690.18,entertainment,atm,0,1e-04,ALLOW,1
2023-11-04 15:30:14,278.7,fuel,mobile_app,0,1e-04,ALLOW,1
2023-11-04 15:30:46,4196.97,entertainment,online,0,1e-04,ALLOW,1
2023-11-04 15:58:33,1677.9,clothing,atm,0,1e-04,ALLOW,1
2023-11-04 16:01:38,1166.3,travel,online,0,0.0008,ALLOW,1
2023-11-04 16:11:17,2467.93,restaurant,in_store,0,0.0011,ALLOW,1
2023-11-04 16:23:29,1071.57,restaurant,in_store,0,0.0,ALLOW,1
2023-11-04 16:31:03,1383.35,electronics,online,0,0.0017,ALLOW,1
2023-11-04 16:33:33,574.43,grocery,in_store,0,1e-04,ALLOW,1
2023-11-04 16:38:15,934.71,online_gaming,atm,0,0.0007,ALLOW,1
2023-11-04 17:02:39,2420.21,restaurant,mobile_app,0,1e-04,ALLOW,1
2023-11-04 17:15:11,1544.89,jewelry,mobile_app,0,0.0056,ALLOW,1
2023-11-04 17:15:21,3480.49,jewelry,mobile_app,0,0.0004,ALLOW,1
2023-11-04 17:17:44,39.83,clothing,in_store,0,1e-04,ALLOW,1
2023-11-04 17:23:18,2285.9,jewelry,mobile_app,0,0.0004,ALLOW,1
2023-11-04 17:56:46,3365.4,restaurant,in_store,0,1e-04,ALLOW,1
2023-11-04 18:24:15,364.92,jewelry,online,0,1e-04,ALLOW,1
2023-11-04 18:28:46,1666.26,grocery,mobile_app,0,0.0021,ALLOW,1
2023-11-04 18:36:50,1936.03,online_gaming,atm,0,0.0003,ALLOW,1
2023-11-04 18:45:59,3134.51,pharmacy,in_store,0,1e-04,ALLOW,1
2023-11-04 18:50:34,3691.97,electronics,in_store,0,1e-04,ALLOW,1
2023-11-04 18:51:23,535.24,clothing,in_store,0,0.0005,ALLOW,1
2023-11-04 19:01:41,1103.46,grocery,mobile_app,0,1e-04,ALLOW,1
2023-11-04 19:14:14,530.51,online_gaming,online,0,1e-04,ALLOW,1
2023-11-04 19:15:08,1059.86,restaurant,atm,0,0.0038,ALLOW,1
2023-11-04 19:29:53,2558.77,pharmacy,online,0,1e-04,ALLOW,1
2023-11-04 19:33:17,3044.7,online_gaming,atm,0,0.0007,ALLOW,1
2023-11-04 19:34:23,1455.29,pharmacy,mobile_app,0,0.0002,ALLOW,1
2023-11-04 19:38:16,2250.16,fuel,online,0,0.0,ALLOW,1
2023-11-04 19:52:47,510.83,grocery,in_store,0,0.0002,ALLOW,1
2023-11-04 19:52:52,2299.4,travel,in_store,1,1.0,REVIEW,1
2023-11-04 20:26:29,183.1,jewelry,mobile_app,0,0.0003,ALLOW,1
2023-11-04 20:44:37,80.92,grocery,mobile_app,0,0.0003,ALLOW,1
2023-11-04 20:45:11,2580.08,travel,atm,0,0.0239,ALLOW,1
2023-11-04 20:47:14,2955.88,travel,mobile_app,0,0.0003,ALLOW,1
2023-11-04 20:50:55,3522.55,online_gaming,atm,0,1e-04,ALLOW,1
2023-11-04 20:57:30,108.24,fuel,mobile_app,0,1e-04,ALLOW,1
2023-11-04 21:17:26,793.67,clothing,atm,0,0.0024,ALLOW,1
2023-11-04 21:17:38,515.59,fuel,mobile_app,0,1e-04,ALLOW,1
2023-11-04 21:19:28,1525.49,jewelry,online,0,0.0,ALLOW,1
2023-11-04 21:25:45,296.2,fuel,online,0,0.0012,ALLOW,1
2023-11-04 21:43:03,1342.47,electronics,in_store,0,0.0,ALLOW,1
2023-11-04 21:49:12,727.4,pharmacy,online,0,1e-04,ALLOW,1
2023-11-04 21:51:01,51.7,pharmacy,atm,0,0.0002,ALLOW,1
2023-11-04 21:54:23,806.49,pharmacy,mobile_app,0,1e-04,ALLOW,1
2023-11-04 21:55:28,3101.65,grocery,online,0,0.0005,ALLOW,1
2023-11-04 22:21:30,3214.72,travel,in_store,0,1e-04,ALLOW,1
2023-11-04 22:41:14,5517.17,fuel,mobile_app,0,0.0031,ALLOW,1
2023-11-04 22:47:44,4398.14,grocery,mobile_app,0,1e-04,ALLOW,1
2023-11-04 22:56:26,414.42,jewelry,atm,0,1e-04,ALLOW,1
2023-11-04 22:56:43,100.02,fuel,mobile_app,0,0.0,ALLOW,1
2023-11-04 23:06:14,4082.28,electronics,mobile_app,0,0.0014,ALLOW,1
2023-11-04 23:10:21,958.74,jewelry,atm,0,0.0004,ALLOW,1
2023-11-05 00:09:46,35.24,grocery,in_store,0,0.0002,ALLOW,1
2023-11-05 00:16:46,677.18,online_gaming,atm,0,0.0004,ALLOW,1
2023-11-05 01:18:16,961.18,pharmacy,mobile_app,0,0.0,ALLOW,1
2023-11-05 01:36:19,846.62,entertainment,atm,0,0.0,ALLOW,1
2023-11-05 01:46:47,572.51,pharmacy,mobile_app,0,0.0,ALLOW,1
2023-11-05 01:48:48,1275.78,entertainment,mobile_app,0,0.0018,ALLOW,1
2023-11-05 01:50:00,60.2,online_gaming,mobile_app,0,0.0002,ALLOW,1
2023-11-05 01:52:59,1191.49,jewelry,atm,0,0.001,ALLOW,1
2023-11-05 01:58:16,3607.1,fuel,mobile_app,0,0.0077,ALLOW,1
2023-11-05 02:28:21,1469.45,online_gaming,in_store,0,1e-04,ALLOW,1
2023-11-05 02:30:39,114.46,grocery,atm,0,0.0003,ALLOW,1
2023-11-05 02:31:40,3923.05,restaurant,mobile_app,0,0.0832,ALLOW,1
2023-11-05 02:40:04,1288.51,electronics,online,0,0.0002,ALLOW,1
2023-11-05 02:48:21,24.52,travel,atm,0,1e-04,ALLOW,1
2023-11-05 03:01:16,372.49,fuel,atm,0,0.0002,ALLOW,1
2023-11-05 03:04:43,2600.44,restaurant,mobile_app,0,0.0004,ALLOW,1
2023-11-05 03:45:36,641.93,entertainment,online,0,0.0,ALLOW,1
2023-11-05 03:49:52,1078.81,grocery,mobile_app,0,0.0003,ALLOW,1
2023-11-05 04:00:34,1762.1,online_gaming,mobile_app,0,0.0003,ALLOW,1
2023-11-05 04:17:55,3217.56,electronics,online,0,0.0,ALLOW,1
2023-11-05 04:31:51,153.91,restaurant,atm,0,0.0002,ALLOW,1
2023-11-05 04:35:11,442.93,travel,in_store,0,0.0003,ALLOW,1
2023-11-05 04:38:12,160.39,restaurant,atm,0,0.0,ALLOW,1
2023-11-05 04:43:04,3414.06,pharmacy,mobile_app,0,1e-04,ALLOW,1
2023-11-05 04:43:42,105.65,grocery,atm,0,0.0003,ALLOW,1
2023-11-05 04:52:13,1953.73,clothing,atm,0,0.0002,ALLOW,1
2023-11-05 04:54:10,5332.85,travel,in_store,0,0.0089,ALLOW,1
2023-11-05 04:55:06,1701.12,entertainment,in_store,0,1e-04,ALLOW,1
2023-11-05 04:55:37,1620.43,online_gaming,in_store,0,1e-04,ALLOW,1
2023-11-05 05:06:11,2417.97,fuel,online,0,0.0011,ALLOW,1
2023-11-05 05:10:35,2306.72,online_gaming,online,0,0.0003,ALLOW,1
2023-11-05 05:12:17,504.02,clothing,atm,0,0.0005,ALLOW,1
2023-11-05 05:13:04,661.1,grocery,in_store,0,1e-04,ALLOW,1
2023-11-05 05:18:09,276.32,online_gaming,in_store,0,0.0002,ALLOW,1
2023-11-05 05:32:38,1263.95,jewelry,mobile_app,0,0.0,ALLOW,1
2023-11-05 05:33:27,1012.11,clothing,mobile_app,0,1e-04,ALLOW,1
2023-11-05 05:43:40,1117.8,grocery,atm,0,1e-04,ALLOW,1
2023-11-05 05:46:48,2399.39,grocery,atm,0,1e-04,ALLOW,1
2023-11-05 06:09:52,3354.62,online_gaming,in_store,0,0.0002,ALLOW,1
2023-11-05 06:16:30,752.67,entertainment,mobile_app,0,1e-04,ALLOW,1
2023-11-05 06:25:42,55.49,grocery,atm,0,0.0004,ALLOW,1
2023-11-05 06:29:46,3091.28,online_gaming,mobile_app,0,0.0,ALLOW,1
2023-11-05 06:33:05,46.28,restaurant,atm,0,1e-04,ALLOW,1
2023-11-05 06:50:38,1301.52,clothing,atm,0,0.0023,ALLOW,1
2023-11-05 07:13:13,72.1,fuel,mobile_app,0,0.0014,ALLOW,1
2023-11-05 07:22:41,838.47,fuel,in_store,0,0.0006,ALLOW,1
2023-11-05 07:33:50,957.66,grocery,atm,0,1e-04,ALLOW,1
2023-11-05 08:04:39,1095.41,clothing,atm,0,1e-04,ALLOW,1
2023-11-05 08:05:08,238.41,grocery,in_store,0,1e-04,ALLOW,1
2023-11-05 08:10:43,4068.48,electronics,in_store,0,0.0002,ALLOW,1
2023-11-05 08:22:12,478.17,clothing,atm,0,0.0074,ALLOW,1
2023-11-05 08:22:46,1199.97,online_gaming,atm,0,0.0005,ALLOW,1
2023-11-05 08:54:13,780.65,grocery,in_store,0,1e-04,ALLOW,1
2023-11-05 08:55:57,1228.94,fuel,mobile_app,0,0.0,ALLOW,1
2023-11-05 09:07:44,5490.16,pharmacy,atm,0,0.0002,ALLOW,1
2023-11-05 09:11:59,894.36,online_gaming,atm,0,0.0,ALLOW,1
2023-11-05 09:15:58,1245.2,jewelry,mobile_app,0,1e-04,ALLOW,1
2023-11-05 09:18:30,2160.45,electronics,atm,0,0.0053,ALLOW,1
2023-11-05 09:34:46,309.15,pharmacy,in_store,0,1e-04,ALLOW,1
2023-11-05 09:54:16,165.94,online_gaming,atm,0,0.0007,ALLOW,1
2023-11-05 10:10:51,606.41,electronics,atm,0,0.0013,ALLOW,1
2023-11-05 10:11:50,591.84,grocery,online,0,0.0002,ALLOW,1
2023-11-05 10:25:25,2617.29,travel,mobile_app,0,0.0008,ALLOW,1
2023-11-05 11:22:40,1686.12,restaurant,mobile_app,1,1.0,REVIEW,1
2023-11-05 11:23:50,999.09,fuel,online,0,1e-04,ALLOW,1
2023-11-05 11:27:32,741.56,jewelry,in_store,0,1e-04,ALLOW,1
2023-11-05 11:43:27,1695.79,jewelry,in_store,0,0.0006,ALLOW,1
2023-11-05 11:43:44,2770.26,grocery,in_store,0,1e-04,ALLOW,1
2023-11-05 11:44:09,5439.58,fuel,mobile_app,0,0.0006,ALLOW,1
2023-11-05 11:45:31,62.62,pharmacy,mobile_app,0,1e-04,ALLOW,1
2023-11-05 11:46:55,543.8,travel,in_store,0,1e-04,ALLOW,1
2023-11-05 11:48:32,910.24,grocery,in_store,0,0.0002,ALLOW,1
2023-11-05 12:22:48,349.62,pharmacy,atm,0,0.0003,ALLOW,1
2023-11-05 12:27:21,441.98,pharmacy,online,0,0.0002,ALLOW,1
2023-11-05 13:04:33,258.55,online_gaming,mobile_app,0,1e-04,ALLOW,1
2023-11-05 13:05:13,270.12,online_gaming,atm,0,0.0004,ALLOW,1
2023-11-05 13:12:43,357.8,clothing,online,0,1e-04,ALLOW,1
2023-11-05 13:24:57,155.45,fuel,mobile_app,0,0.0005,ALLOW,1
2023-11-05 13:39:31,1070.22,restaurant,online,0,1e-04,ALLOW,1
2023-11-05 13:53:56,1987.11,online_gaming,atm,0,0.0,ALLOW,1
2023-11-05 13:57:51,350.94,online_gaming,atm,0,1e-04,ALLOW,1
2023-11-05 13:57:52,72.72,fuel,mobile_app,0,1e-04,ALLOW,1
2023-11-05 14:05:15,3037.07,jewelry,mobile_app,0,0.0008,ALLOW,1
2023-11-05 14:11:30,280.79,grocery,online,0,0.0002,ALLOW,1
2023-11-05 14:14:02,458.93,restaurant,online,0,0.0002,ALLOW,1
2023-11-05 14:32:34,5583.8,entertainment,in_store,0,1e-04,ALLOW,1
2023-11-05 14:33:59,1011.87,grocery,in_store,0,1e-04,ALLOW,1
2023-11-05 14:37:20,882.18,pharmacy,online,0,0.0002,ALLOW,1
2023-11-05 14:44:34,1567.61,online_gaming,online,0,0.0,ALLOW,1
2023-11-05 14:48:43,1083.21,online_gaming,atm,0,1e-04,ALLOW,1
2023-11-05 14:49:55,255.75,fuel,in_store,0,0.0003,ALLOW,1
2023-11-05 15:05:28,172.49,travel,mobile_app,0,0.0005,ALLOW,1
2023-11-05 15:14:13,1463.98,electronics,online,0,0.0023,ALLOW,1
2023-11-05 15:22:53,38.29,fuel,online,0,1e-04,ALLOW,1
2023-11-05 15:30:31,1013.57,restaurant,mobile_app,0,0.0,ALLOW,1
2023-11-05 15:31:24,458.57,fuel,in_store,0,0.0002,ALLOW,1
2023-11-05 15:31:58,775.01,restaurant,atm,0,1e-04,ALLOW,1
2023-11-05 15:34:16,2270.17,restaurant,online,0,1e-04,ALLOW,1
2023-11-05 15:44:20,3040.56,clothing,in_store,0,0.0004,ALLOW,1
2023-11-05 15:49:40,77.75,clothing,in_store,0,1e-04,ALLOW,1
2023-11-05 15:59:30,247.57,online_gaming,in_store,0,1e-04,ALLOW,1
2023-11-05 16:16:59,830.29,clothing,in_store,0,0.0004,ALLOW,1
2023-11-05 16:36:14,1789.16,pharmacy,in_store,0,1e-04,ALLOW,1
2023-11-05 16:40:36,883.38,clothing,mobile_app,0,0.0005,ALLOW,1
2023-11-05 16:51:02,1443.2,restaurant,mobile_app,0,0.0004,ALLOW,1
2023-11-05 16:59:43,641.76,fuel,atm,0,0.002,ALLOW,1
2023-11-05 17:04:08,564.26,fuel,atm,0,1e-04,ALLOW,1
2023-11-05 17:13:04,256.05,entertainment,atm,0,0.0032,ALLOW,1
2023-11-05 17:23:12,982.05,clothing,mobile_app,0,0.0004,ALLOW,1
2023-11-05 17:28:03,1957.21,entertainment,online,0,0.0,ALLOW,1
2023-11-05 17:57:20,153.75,jewelry,atm,0,0.0003,ALLOW,1
2023-11-05 18:19:02,473.62,online_gaming,online,0,0.0004,ALLOW,1
2023-11-05 18:33:39,3478.56,grocery,mobile_app,0,0.0021,ALLOW,1
2023-11-05 18:37:18,2527.32,online_gaming,mobile_app,0,0.0013,ALLOW,1
2023-11-05 18:38:46,10.0,entertainment,in_store,0,1e-04,ALLOW,1
2023-11-05 18:45:15,273.55,entertainment,online,0,0.0002,ALLOW,1
2023-11-05 18:47:37,2803.71,travel,mobile_app,0,1e-04,ALLOW,1
2023-11-05 18:53:33,1744.82,entertainment,mobile_app,0,0.0073,ALLOW,1
2023-11-05 19:04:49,1174.18,fuel,mobile_app,0,0.0005,ALLOW,1
2023-11-05 19:08:30,10.0,pharmacy,in_store,0,0.0002,ALLOW,1
2023-11-05 19:15:05,2362.9,fuel,mobile_app,0,0.0002,ALLOW,1
2023-11-05 19:16:54,3198.04,grocery,online,0,1e-04,ALLOW,1
2023-11-05 19:18:46,1150.14,travel,online,0,0.0002,ALLOW,1
2023-11-05 19:53:39,4319.55,pharmacy,in_store,0,0.0005,ALLOW,1
2023-11-05 20:05:47,73.48,electronics,mobile_app,0,1e-04,ALLOW,1
2023-11-05 20:06:46,4033.33,clothing,online,0,1e-04,ALLOW,1
2023-11-05 20:49:16,1269.6,travel,online,0,0.0006,ALLOW,1
2023-11-05 21:06:01,646.33,jewelry,atm,0,0.0007,ALLOW,1
2023-11-05 22:00:15,710.18,jewelry,mobile_app,0,1e-04,ALLOW,1
2023-11-05 22:03:22,4116.65,clothing,online,0,1e-04,ALLOW,1
2023-11-05 22:14:46,2060.22,entertainment,in_store,0,0.0,ALLOW,1
2023-11-05 22:49:40,3734.21,electronics,online,0,0.0,ALLOW,1
2023-11-05 22:50:27,989.81,entertainment,in_store,0,0.0,ALLOW,1
2023-11-05 22:51:16,2316.17,grocery,online,0,0.0003,ALLOW,1
2023-11-05 23:01:26,2741.4,fuel,online,0,1e-04,ALLOW,1
2023-11-05 23:13:25,7052.12,pharmacy,mobile_app,0,0.0002,ALLOW,1
2023-11-05 23:31:30,1146.17,jewelry,atm,0,0.0008,ALLOW,1
2023-11-05 23:39:46,147.2,restaurant,online,0,1e-04,ALLOW,1
2023-11-05 23:41:36,1100.97,fuel,mobile_app,0,0.0,ALLOW,1
2023-11-06 00:01:30,3324.44,online_gaming,online,0,1e-04,ALLOW,1
2023-11-06 00:16:46,564.91,travel,online,0,0.0002,ALLOW,1
2023-11-06 00:56:44,1446.61,jewelry,online,0,1e-04,ALLOW,1
2023-11-06 01:01:24,1907.6,fuel,atm,0,0.0008,ALLOW,1
2023-11-06 01:06:21,542.35,fuel,atm,0,1e-04,ALLOW,1
2023-11-06 01:19:47,2960.1,restaurant,mobile_app,0,0.0,ALLOW,1
2023-11-06 01:32:53,926.67,entertainment,atm,0,0.0002,ALLOW,1
2023-11-06 01:47:36,479.18,travel,in_store,0,0.001,ALLOW,1
2023-11-06 02:11:04,1487.91,clothing,mobile_app,0,0.0003,ALLOW,1
2023-11-06 02:11:08,1305.76,clothing,mobile_app,0,0.0004,ALLOW,1
2023-11-06 02:15:26,8625.46,travel,mobile_app,0,0.0833,ALLOW,1
2023-11-06 02:17:46,79.62,online_gaming,mobile_app,0,0.0003,ALLOW,1
2023-11-06 02:20:28,1952.41,fuel,mobile_app,0,0.0,ALLOW,1
2023-11-06 02:26:44,1924.13,grocery,online,0,0.0,ALLOW,1
2023-11-06 02:34:27,2415.88,fuel,online,0,0.0,ALLOW,1
2023-11-06 02:47:18,727.1,jewelry,mobile_app,0,0.0003,ALLOW,1
2023-11-06 02:54:28,81.77,online_gaming,in_store,0,1e-04,ALLOW,1
2023-11-06 03:12:50,778.91,electronics,in_store,0,1e-04,ALLOW,1
2023-11-06 03:42:03,1107.69,pharmacy,online,0,1e-04,ALLOW,1
2023-11-06 03:43:27,1006.89,entertainment,in_store,0,1e-04,ALLOW,1
2023-11-06 03:46:11,3734.04,entertainment,atm,0,0.0003,ALLOW,1
2023-11-06 03:53:57,437.98,entertainment,in_store,0,0.0,ALLOW,1
2023-11-06 03:58:45,4904.77,jewelry,online,0,1e-04,ALLOW,1
2023-11-06 04:24:56,1194.75,electronics,atm,0,1e-04,ALLOW,1
2023-11-06 04:25:29,2251.27,jewelry,mobile_app,0,0.0004,ALLOW,1
2023-11-06 04:37:27,489.54,jewelry,in_store,0,0.0002,ALLOW,1
2023-11-06 05:00:35,201.07,electronics,atm,0,0.0002,ALLOW,1
2023-11-06 05:06:15,220.39,electronics,atm,0,0.0005,ALLOW,1
2023-11-06 05:08:23,1326.7,entertainment,online,0,1e-04,ALLOW,1
2023-11-06 05:18:59,6020.78,entertainment,atm,0,0.0033,ALLOW,1
2023-11-06 05:21:04,2288.11,grocery,atm,0,0.0002,ALLOW,1
2023-11-06 05:25:12,810.87,online_gaming,atm,0,0.0,ALLOW,1
2023-11-06 05:46:38,726.41,clothing,atm,0,0.0009,ALLOW,1
2023-11-06 05:55:05,2743.68,travel,in_store,0,0.0004,ALLOW,1
2023-11-06 05:55:50,2463.37,grocery,mobile_app,0,0.0005,ALLOW,1
2023-11-06 06:11:01,455.35,electronics,in_store,0,0.0,ALLOW,1
2023-11-06 06:28:39,184.47,restaurant,online,0,0.0003,ALLOW,1
2023-11-06 06:32:42,632.12,restaurant,mobile_app,0,0.0005,ALLOW,1
2023-11-06 06:40:19,62.16,travel,in_store,0,0.0005,ALLOW,1
2023-11-06 07:07:14,5221.9,electronics,atm,0,0.0355,ALLOW,1
2023-11-06 07:07:22,1902.16,grocery,online,0,0.0,ALLOW,1
2023-11-06 07:21:03,865.74,pharmacy,in_store,0,0.0004,ALLOW,1
2023-11-06 07:21:36,415.16,electronics,online,0,0.0004,ALLOW,1
2023-11-06 07:22:50,4030.63,travel,atm,0,0.0946,ALLOW,1
2023-11-06 07:32:20,111.94,travel,in_store,0,0.0026,ALLOW,1
2023-11-06 07:34:22,637.36,pharmacy,online,0,1e-04,ALLOW,1
2023-11-06 07:36:31,3807.85,pharmacy,online,0,0.0,ALLOW,1
2023-11-06 07:40:29,132.79,entertainment,mobile_app,0,0.0006,ALLOW,1
2023-11-06 07:48:24,293.05,online_gaming,in_store,0,1e-04,ALLOW,1
2023-11-06 07:48:27,1145.24,pharmacy,online,0,1e-04,ALLOW,1
2023-11-06 07:50:16,830.81,jewelry,online,0,0.0009,ALLOW,1
2023-11-06 08:06:10,2022.0,jewelry,online,0,0.0003,ALLOW,1
2023-11-06 08:11:21,247.61,clothing,online,0,0.0008,ALLOW,1
2023-11-06 08:17:43,1225.8,electronics,mobile_app,0,0.0004,ALLOW,1
2023-11-06 08:36:03,178.79,entertainment,atm,0,0.0003,ALLOW,1
2023-11-06 08:37:12,5005.78,entertainment,online,0,1e-04,ALLOW,1
2023-11-06 08:45:14,1215.08,restaurant,mobile_app,0,0.0004,ALLOW,1
2023-11-06 08:54:15,3726.3,entertainment,atm,0,0.0055,ALLOW,1
2023-11-06 09:11:25,413.24,travel,in_store,0,0.0003,ALLOW,1
2023-11-06 09:39:06,2240.07,restaurant,online,0,0.0003,ALLOW,1
2023-11-06 09:49:08,2558.18,grocery,online,0,1e-04,ALLOW,1
2023-11-06 09:50:49,649.67,fuel,atm,0,1e-04,ALLOW,1
2023-11-06 10:03:39,236.69,grocery,online,0,0.0002,ALLOW,1
2023-11-06 10:08:36,1009.06,electronics,mobile_app,0,0.0015,ALLOW,1
2023-11-06 10:18:57,1223.89,online_gaming,atm,0,0.0,ALLOW,1
2023-11-06 10:26:53,1106.84,clothing,mobile_app,0,0.0,ALLOW,1
2023-11-06 10:32:15,3393.26,entertainment,mobile_app,0,0.0115,ALLOW,1
2023-11-06 10:38:56,1127.94,fuel,in_store,0,0.0003,ALLOW,1
2023-11-06 10:44:54,653.56,jewelry,in_store,0,0.0002,ALLOW,1
2023-11-06 10:46:10,10.0,restaurant,atm,0,1e-04,ALLOW,1
2023-11-06 11:09:35,893.11,electronics,online,0,1e-04,ALLOW,1
2023-11-06 11:11:47,3230.22,pharmacy,online,0,0.0006,ALLOW,1
2023-11-06 11:13:57,1049.6,online_gaming,mobile_app,0,0.0002,ALLOW,1
2023-11-06 11:23:15,5792.35,jewelry,in_store,0,0.0002,ALLOW,1
2023-11-06 11:34:22,2131.99,travel,atm,0,1e-04,ALLOW,1
2023-11-06 11:36:26,3304.22,online_gaming,atm,0,0.0,ALLOW,1
2023-11-06 11:57:25,1015.75,travel,mobile_app,0,0.0009,ALLOW,1
2023-11-06 12:13:12,1047.54,electronics,mobile_app,0,0.0012,ALLOW,1
2023-11-06 12:32:03,8828.08,travel,online,0,0.0018,ALLOW,1
2023-11-06 12:52:36,263.23,fuel,in_store,0,1e-04,ALLOW,1
2023-11-06 13:01:33,735.21,entertainment,in_store,0,1e-04,ALLOW,1
2023-11-06 13:17:59,785.43,jewelry,in_store,0,0.0016,ALLOW,1
2023-11-06 13:27:50,6778.8,entertainment,online,0,0.0003,ALLOW,1
2023-11-06 13:35:51,241.02,pharmacy,mobile_app,0,1e-04,ALLOW,1
2023-11-06 13:37:21,1113.83,travel,in_store,0,0.0,ALLOW,1
2023-11-06 13:40:33,3441.18,restaurant,mobile_app,0,0.0009,ALLOW,1
2023-11-06 13:43:26,479.03,travel,online,0,0.0004,ALLOW,1
2023-11-06 14:31:45,664.44,restaurant,mobile_app,0,1e-04,ALLOW,1
2023-11-06 14:41:23,1409.45,grocery,online,0,0.0,ALLOW,1
2023-11-06 14:46:56,181.1,clothing,atm,0,0.0006,ALLOW,1
2023-11-06 15:07:26,10.0,clothing,online,0,0.0002,ALLOW,1
2023-11-06 15:45:14,896.34,fuel,online,0,1e-04,ALLOW,1
2023-11-06 16:04:31,535.81,grocery,in_store,0,0.0,ALLOW,1
2023-11-06 16:11:17,2226.55,pharmacy,online,0,1e-04,ALLOW,1
2023-11-06 16:19:43,2011.58,grocery,atm,0,0.0002,ALLOW,1
2023-11-06 16:21:23,116.64,entertainment,in_store,0,1e-04,ALLOW,1
2023-11-06 16:24:34,466.68,travel,in_store,0,0.0002,ALLOW,1
2023-11-06 16:46:22,1332.67,fuel,in_store,0,0.0005,ALLOW,1
2023-11-06 17:39:28,630.33,grocery,online,0,0.0017,ALLOW,1
2023-11-06 17:41:59,811.76,travel,in_store,0,0.0,ALLOW,1
2023-11-06 18:12:09,435.2,jewelry,in_store,0,1e-04,ALLOW,1
2023-11-06 18:24:29,58.78,travel,atm,0,0.0003,ALLOW,1
2023-11-06 18:40:04,1790.9,clothing,online,0,0.0,ALLOW,1
2023-11-06 18:47:33,257.2,restaurant,mobile_app,0,1e-04,ALLOW,1
2023-11-06 18:56:11,1551.34,online_gaming,atm,0,1e-04,ALLOW,1
2023-11-06 20:05:52,1703.35,electronics,mobile_app,0,1e-04,ALLOW,1
2023-11-06 20:30:57,970.46,jewelry,mobile_app,0,0.0005,ALLOW,1
2023-11-06 21:13:53,1964.48,entertainment,in_store,0,0.0015,ALLOW,1
2023-11-06 21:14:37,675.73,entertainment,online,0,0.0007,ALLOW,1
2023-11-06 21:47:56,118.22,pharmacy,in_store,0,0.0017,ALLOW,1
2023-11-06 22:03:09,1048.9,fuel,mobile_app,0,1e-04,ALLOW,1
2023-11-06 22:45:56,2930.03,fuel,atm,0,0.0022,ALLOW,1
2023-11-06 23:01:41,115.86,jewelry,atm,0,0.0002,ALLOW,1
2023-11-06 23:20:57,3263.08,entertainment,in_store,0,0.0006,ALLOW,1
2023-11-06 23:21:47,1023.55,clothing,atm,0,0.0023,ALLOW,1
2023-11-06 23:38:48,546.82,grocery,in_store,0,0.0002,ALLOW,1
2023-11-06 23:52:36,347.76,fuel,atm,0,1e-04,ALLOW,1
2023-11-07 00:07:44,1173.01,restaurant,online,0,0.0002,ALLOW,1
2023-11-07 00:15:47,1617.51,grocery,atm,0,1e-04,ALLOW,1
2023-11-07 00:32:44,364.42,grocery,mobile_app,0,0.0003,ALLOW,1
2023-11-07 00:40:49,523.06,entertainment,in_store,0,1e-04,ALLOW,1
2023-11-07 00:59:53,815.17,restaurant,online,0,1e-04,ALLOW,1
2023-11-07 01:12:33,194.65,entertainment,online,0,0.0002,ALLOW,1
2023-11-07 01:18:52,3228.89,restaurant,atm,0,0.0005,ALLOW,1
2023-11-07 01:20:36,504.25,online_gaming,in_store,0,0.0005,ALLOW,1
2023-11-07 01:35:35,432.26,electronics,online,0,1e-04,ALLOW,1
2023-11-07 01:55:07,1442.94,entertainment,mobile_app,0,0.0045,ALLOW,1
2023-11-07 02:02:42,482.61,travel,in_store,0,0.0002,ALLOW,1
2023-11-07 02:31:12,205.1,restaurant,in_store,0,0.0144,ALLOW,1
2023-11-07 02:38:58,356.35,pharmacy,atm,0,0.0,ALLOW,1
2023-11-07 03:18:14,254.3,fuel,online,0,1e-04,ALLOW,1
2023-11-07 03:24:03,95.84,grocery,mobile_app,0,0.0002,ALLOW,1
2023-11-07 03:50:09,10.0,pharmacy,in_store,0,1e-04,ALLOW,1
2023-11-07 03:51:43,2490.23,fuel,online,0,0.0006,ALLOW,1
2023-11-07 03:58:30,655.44,electronics,mobile_app,0,0.0003,ALLOW,1
2023-11-07 03:59:11,1083.94,restaurant,mobile_app,0,0.0008,ALLOW,1
2023-11-07 04:06:14,125.39,online_gaming,atm,0,1e-04,ALLOW,1
2023-11-07 04:43:31,1020.01,online_gaming,mobile_app,0,1e-04,ALLOW,1
2023-11-07 04:54:58,3086.86,entertainment,in_store,0,0.0005,ALLOW,1
2023-11-07 04:57:19,469.67,entertainment,online,0,1e-04,ALLOW,1
2023-11-07 05:06:22,2108.55,pharmacy,online,0,0.0,ALLOW,1
2023-11-07 05:23:30,1760.21,fuel,atm,0,0.0,ALLOW,1
2023-11-07 05:24:38,1713.48,fuel,in_store,0,1e-04,ALLOW,1
2023-11-07 05:48:59,3426.77,clothing,in_store,0,1e-04,ALLOW,1
2023-11-07 06:00:20,2420.19,electronics,online,0,1e-04,ALLOW,1
2023-11-07 06:01:00,764.57,fuel,in_store,0,0.0005,ALLOW,1
2023-11-07 06:09:16,2558.29,jewelry,in_store,0,0.0008,ALLOW,1
2023-11-07 06:14:20,1855.26,grocery,mobile_app,0,0.0005,ALLOW,1
2023-11-07 06:22:17,353.82,fuel,atm,0,0.0004,ALLOW,1
2023-11-07 06:31:04,2936.68,restaurant,mobile_app,0,1e-04,ALLOW,1
2023-11-07 06:42:29,671.92,online_gaming,online,0,0.0002,ALLOW,1
2023-11-07 06:53:43,873.96,restaurant,mobile_app,0,1e-04,ALLOW,1
2023-11-07 07:10:23,3885.9,entertainment,in_store,0,0.0,ALLOW,1
2023-11-07 07:25:43,4009.95,jewelry,in_store,0,0.0003,ALLOW,1
2023-11-07 07:40:39,4074.92,travel,atm,0,0.0004,ALLOW,1
2023-11-07 07:41:55,302.56,fuel,online,0,1e-04,ALLOW,1
2023-11-07 07:44:43,2363.13,jewelry,mobile_app,0,0.0002,ALLOW,1
2023-11-07 07:56:12,1497.22,jewelry,atm,0,0.0014,ALLOW,1
2023-11-07 08:03:47,977.43,travel,atm,0,0.0,ALLOW,1
2023-11-07 08:10:23,4286.7,restaurant,atm,0,0.0015,ALLOW,1
2023-11-07 08:18:43,3231.75,jewelry,online,0,0.001,ALLOW,1
2023-11-07 08:23:32,921.66,entertainment,atm,0,0.0,ALLOW,1
2023-11-07 08:25:34,548.64,entertainment,online,0,0.0007,ALLOW,1
2023-11-07 08:42:11,1255.88,grocery,atm,0,1e-04,ALLOW,1
2023-11-07 08:52:10,8515.06,clothing,in_store,0,0.0004,ALLOW,1
2023-11-07 09:19:09,13.53,pharmacy,mobile_app,0,1e-04,ALLOW,1
2023-11-07 09:29:22,604.11,jewelry,in_store,0,0.0002,ALLOW,1
2023-11-07 09:42:20,1251.86,restaurant,mobile_app,0,0.0006,ALLOW,1
2023-11-07 09:43:41,2888.1,entertainment,atm,0,0.0008,ALLOW,1
2023-11-07 09:49:55,1774.1,clothing,atm,0,1e-04,ALLOW,1
2023-11-07 10:01:39,3001.82,clothing,in_store,0,0.0,ALLOW,1
2023-11-07 10:08:17,303.34,electronics,atm,0,0.0004,ALLOW,1
2023-11-07 10:29:54,4891.26,fuel,in_store,0,1e-04,ALLOW,1
2023-11-07 10:35:27,937.3,online_gaming,atm,0,0.0002,ALLOW,1
2023-11-07 10:52:36,975.06,electronics,in_store,0,1e-04,ALLOW,1
2023-11-07 10:55:24,1121.99,electronics,atm,0,0.0006,ALLOW,1
2023-11-07 10:58:38,4445.65,jewelry,atm,0,0.0002,ALLOW,1
2023-11-07 11:06:30,2780.1,clothing,in_store,0,0.0007,ALLOW,1
2023-11-07 11:06:58,155.99,entertainment,atm,0,1e-04,ALLOW,1
2023-11-07 11:07:19,604.96,fuel,online,0,0.0,ALLOW,1
2023-11-07 11:21:44,128.0,grocery,atm,0,0.0003,ALLOW,1
2023-11-07 11:32:46,375.35,travel,mobile_app,0,0.0,ALLOW,1
2023-11-07 11:41:54,276.39,fuel,mobile_app,0,1e-04,ALLOW,1
2023-11-07 11:43:34,2335.46,fuel,atm,0,1e-04,ALLOW,1
2023-11-07 11:51:22,753.51,clothing,atm,0,0.0007,ALLOW,1
2023-11-07 12:30:47,172.28,online_gaming,in_store,0,0.0006,ALLOW,1
2023-11-07 12:43:22,856.1,electronics,mobile_app,0,0.0003,ALLOW,1
2023-11-07 12:46:52,79.79,fuel,online,0,0.0002,ALLOW,1
2023-11-07 12:50:54,22.98,electronics,online,0,0.0002,ALLOW,1
2023-11-07 12:53:19,334.97,restaurant,atm,0,0.0002,ALLOW,1
2023-11-07 13:06:17,2024.47,grocery,atm,0,0.0004,ALLOW,1
2023-11-07 13:06:21,2623.62,jewelry,mobile_app,0,1e-04,ALLOW,1
2023-11-07 13:07:08,1254.36,pharmacy,atm,0,0.0,ALLOW,1
2023-11-07 13:12:55,508.51,pharmacy,online,0,0.0,ALLOW,1
2023-11-07 13:14:59,1109.63,entertainment,online,0,0.0006,ALLOW,1
2023-11-07 13:16:14,405.81,grocery,mobile_app,0,1e-04,ALLOW,1
2023-11-07 13:37:31,4562.04,grocery,mobile_app,0,0.0003,ALLOW,1
2023-11-07 13:40:21,1770.76,jewelry,online,0,0.0024,ALLOW,1
2023-11-07 13:42:29,293.37,electronics,online,0,1e-04,ALLOW,1
2023-11-07 13:43:49,3812.56,travel,mobile_app,0,0.0,ALLOW,1
2023-11-07 13:45:35,700.74,electronics,atm,0,1e-04,ALLOW,1
2023-11-07 13:48:21,1154.07,clothing,in_store,0,0.0003,ALLOW,1
2023-11-07 14:09:21,3264.34,online_gaming,in_store,0,0.001,ALLOW,1
2023-11-07 14:22:02,207.31,clothing,in_store,0,0.0008,ALLOW,1
2023-11-07 14:30:08,110.73,electronics,in_store,0,0.0,ALLOW,1
2023-11-07 14:55:53,2086.02,entertainment,online,0,1e-04,ALLOW,1
2023-11-07 15:14:59,1640.16,pharmacy,mobile_app,0,0.0006,ALLOW,1
2023-11-07 15:19:16,549.03,travel,atm,0,0.0002,ALLOW,1
2023-11-07 15:33:41,4392.29,grocery,mobile_app,0,1e-04,ALLOW,1
2023-11-07 15:55:15,55.85,fuel,atm,0,1e-04,ALLOW,1
2023-11-07 16:16:33,467.29,pharmacy,online,0,1e-04,ALLOW,1
2023-11-07 16:30:01,23.6,entertainment,online,0,0.0004,ALLOW,1
2023-11-07 16:42:26,4192.47,entertainment,mobile_app,0,1e-04,ALLOW,1
2023-11-07 16:49:14,2673.99,grocery,atm,0,0.0,ALLOW,1
2023-11-07 16:49:43,670.07,travel,in_store,0,0.0,ALLOW,1
2023-11-07 16:55:17,7196.09,restaurant,atm,1,1.0,REVIEW,1
2023-11-07 17:06:21,1506.0,fuel,online,0,0.0003,ALLOW,1
2023-11-07 17:09:44,1696.17,travel,in_store,0,0.0002,ALLOW,1
2023-11-07 17:28:55,1442.29,electronics,atm,0,0.0005,ALLOW,1
2023-11-07 17:58:00,929.78,entertainment,in_store,0,0.0006,ALLOW,1
2023-11-07 18:39:16,2576.76,restaurant,online,0,0.0002,ALLOW,1
2023-11-07 18:47:32,1535.63,grocery,mobile_app,0,1e-04,ALLOW,1
2023-11-07 18:47:38,1770.63,grocery,mobile_app,0,0.0,ALLOW,1
2023-11-07 18:48:31,2124.58,travel,mobile_app,0,0.0037,ALLOW,1
2023-11-07 19:00:43,930.56,grocery,mobile_app,0,1e-04,ALLOW,1
2023-11-07 19:02:27,40.82,fuel,online,0,0.0042,ALLOW,1
2023-11-07 19:09:38,13.42,pharmacy,mobile_app,0,0.0014,ALLOW,1
2023-11-07 19:24:09,1008.11,grocery,mobile_app,0,0.0002,ALLOW,1
2023-11-07 19:25:15,1342.96,online_gaming,in_store,0,0.0,ALLOW,1
2023-11-07 19:36:34,397.06,entertainment,atm,0,0.0006,ALLOW,1
2023-11-07 19:48:35,2498.97,jewelry,mobile_app,0,1e-04,ALLOW,1
2023-11-07 19:49:45,1691.82,online_gaming,online,0,0.0154,ALLOW,1
2023-11-07 19:53:02,4535.43,jewelry,in_store,0,0.0027,ALLOW,1
2023-11-07 19:55:09,343.0,fuel,in_store,0,1e-04,ALLOW,1
2023-11-07 19:58:59,2800.86,clothing,atm,0,0.0096,ALLOW,1
2023-11-07 20:01:19,5555.73,restaurant,in_store,0,0.0019,ALLOW,1
2023-11-07 20:05:00,1106.98,entertainment,online,0,0.0,ALLOW,1
2023-11-07 20:38:53,3916.19,online_gaming,atm,0,1e-04,ALLOW,1
2023-11-07 20:40:16,91.07,entertainment,atm,0,0.0002,ALLOW,1
2023-11-07 20:50:04,1134.68,entertainment,atm,0,0.0006,ALLOW,1
2023-11-07 21:18:51,5849.04,restaurant,atm,0,0.0,ALLOW,1
2023-11-07 21:45:13,3067.53,restaurant,in_store,0,0.0114,ALLOW,1
2023-11-07 22:01:19,4872.35,travel,mobile_app,0,0.002,ALLOW,1
2023-11-07 22:10:24,124.33,clothing,in_store,0,0.0004,ALLOW,1
2023-11-07 22:14:21,131.03,electronics,atm,0,0.0002,ALLOW,1
2023-11-07 22:16:52,1143.75,travel,mobile_app,0,0.0,ALLOW,1
2023-11-07 22:28:06,227.89,restaurant,online,0,0.0005,ALLOW,1
2023-11-07 22:47:25,3858.88,entertainment,online,0,0.0,ALLOW,1
2023-11-07 23:04:48,978.83,restaurant,mobile_app,0,0.0049,ALLOW,1
2023-11-07 23:23:34,277.95,pharmacy,mobile_app,0,0.0004,ALLOW,1
2023-11-07 23:37:07,17.05,online_gaming,in_store,0,0.0,ALLOW,1
2023-11-07 23:42:06,3080.03,restaurant,atm,0,0.0006,ALLOW,1
2023-11-07 23:43:54,1795.7,online_gaming,in_store,0,0.0,ALLOW,1
2023-11-07 23:51:25,2323.3,online_gaming,mobile_app,0,0.0083,ALLOW,1
2023-11-08 00:00:33,2327.25,pharmacy,mobile_app,0,1e-04,ALLOW,1
2023-11-08 00:14:52,7105.06,travel,in_store,0,0.0002,ALLOW,1
2023-11-08 00:32:06,2667.59,online_gaming,atm,0,0.0003,ALLOW,1
2023-11-08 00:36:59,876.04,fuel,in_store,0,0.0002,ALLOW,1
2023-11-08 00:43:43,512.56,entertainment,in_store,0,1e-04,ALLOW,1
2023-11-08 00:52:03,358.66,travel,online,0,0.0002,ALLOW,1
2023-11-08 01:01:34,188.74,online_gaming,online,0,0.0007,ALLOW,1
2023-11-08 01:13:52,340.09,travel,online,0,0.0006,ALLOW,1
2023-11-08 01:14:26,2066.51,restaurant,mobile_app,0,0.0002,ALLOW,1
2023-11-08 01:32:31,742.16,travel,mobile_app,0,0.0002,ALLOW,1
2023-11-08 01:32:48,4672.84,electronics,in_store,0,0.0003,ALLOW,1
2023-11-08 01:37:31,6166.53,travel,in_store,0,1e-04,ALLOW,1
2023-11-08 01:38:14,3950.56,entertainment,atm,0,0.0,ALLOW,1
2023-11-08 01:39:28,947.99,restaurant,in_store,0,0.0002,ALLOW,1
2023-11-08 01:52:23,2402.8,travel,mobile_app,0,1e-04,ALLOW,1
2023-11-08 02:03:51,710.59,electronics,in_store,0,0.0007,ALLOW,1
2023-11-08 02:19:59,1288.6,restaurant,in_store,0,0.0,ALLOW,1
2023-11-08 02:35:33,223.61,clothing,atm,0,0.0002,ALLOW,1
2023-11-08 02:56:41,1157.53,grocery,in_store,0,0.0033,ALLOW,1
2023-11-08 02:58:17,584.0,online_gaming,online,0,0.0009,ALLOW,1
2023-11-08 03:09:58,1158.98,travel,mobile_app,0,0.0,ALLOW,1
2023-11-08 03:22:17,488.25,travel,mobile_app,0,0.0002,ALLOW,1
2023-11-08 03:37:01,435.19,jewelry,online,0,0.0003,ALLOW,1
2023-11-08 03:41:53,30.44,fuel,mobile_app,0,0.0003,ALLOW,1
2023-11-08 04:18:20,746.01,clothing,online,0,1e-04,ALLOW,1
2023-11-08 04:36:50,1494.23,travel,atm,0,0.0,ALLOW,1
2023-11-08 04:38:22,1614.54,clothing,online,0,1e-04,ALLOW,1
2023-11-08 05:15:03,162.24,pharmacy,in_store,0,0.0002,ALLOW,1
2023-11-08 05:19:11,2133.51,entertainment,mobile_app,0,0.0005,ALLOW,1
2023-11-08 05:20:32,1567.27,fuel,in_store,0,1e-04,ALLOW,1
2023-11-08 05:43:53,1435.67,travel,atm,0,0.0002,ALLOW,1
2023-11-08 06:06:14,1424.01,restaurant,atm,0,0.0003,ALLOW,1
2023-11-08 06:09:52,342.83,restaurant,atm,0,0.0096,ALLOW,1
2023-11-08 06:13:48,109.78,fuel,in_store,0,0.0002,ALLOW,1
2023-11-08 06:18:59,362.21,restaurant,atm,0,0.0077,ALLOW,1
2023-11-08 06:25:10,132.58,restaurant,atm,0,1e-04,ALLOW,1
2023-11-08 06:30:12,45.69,pharmacy,in_store,0,1e-04,ALLOW,1
2023-11-08 06:39:39,4327.5,electronics,in_store,0,1e-04,ALLOW,1
2023-11-08 06:41:49,1401.67,jewelry,online,0,0.0002,ALLOW,1
2023-11-08 06:50:14,1668.77,grocery,in_store,0,1e-04,ALLOW,1
2023-11-08 06:55:21,2028.96,electronics,online,0,0.0,ALLOW,1
2023-11-08 07:06:16,1851.26,online_gaming,mobile_app,0,0.004,ALLOW,1
2023-11-08 07:17:43,1375.83,jewelry,mobile_app,0,1e-04,ALLOW,1
2023-11-08 07:23:33,376.21,clothing,atm,0,0.0033,ALLOW,1
2023-11-08 07:23:58,1733.81,pharmacy,in_store,0,0.0,ALLOW,1
2023-11-08 07:34:04,6847.72,online_gaming,in_store,0,0.8498,REVIEW,0
2023-11-08 07:53:43,2349.47,grocery,in_store,0,0.0018,ALLOW,1
2023-11-08 07:56:22,56.66,pharmacy,in_store,0,0.0,ALLOW,1
2023-11-08 08:06:33,337.25,pharmacy,atm,0,1e-04,ALLOW,1
2023-11-08 08:19:52,928.5,clothing,mobile_app,0,0.0011,ALLOW,1
2023-11-08 08:58:26,78.01,pharmacy,mobile_app,0,1e-04,ALLOW,1
2023-11-08 09:07:36,515.18,online_gaming,atm,0,1e-04,ALLOW,1
2023-11-08 09:16:06,4638.69,pharmacy,atm,0,0.0007,ALLOW,1
2023-11-08 09:19:06,624.29,entertainment,atm,0,0.0,ALLOW,1
2023-11-08 09:19:20,59.92,travel,online,0,0.0003,ALLOW,1
2023-11-08 09:31:55,612.99,fuel,online,0,0.0002,ALLOW,1
2023-11-08 09:47:37,1499.1,entertainment,mobile_app,0,0.0,ALLOW,1
2023-11-08 10:04:13,2151.35,online_gaming,online,0,0.0004,ALLOW,1
2023-11-08 10:06:47,904.74,travel,atm,0,1e-04,ALLOW,1
2023-11-08 10:08:47,3795.42,clothing,atm,0,0.0,ALLOW,1
2023-11-08 10:15:16,317.16,grocery,mobile_app,0,0.0004,ALLOW,1
2023-11-08 10:20:35,1740.69,entertainment,online,0,0.0004,ALLOW,1
2023-11-08 10:26:38,140.09,online_gaming,mobile_app,0,0.0004,ALLOW,1
2023-11-08 10:35:01,3844.36,travel,in_store,0,0.0007,ALLOW,1
2023-11-08 10:44:05,357.35,online_gaming,atm,0,0.002,ALLOW,1
2023-11-08 10:49:40,8897.15,jewelry,mobile_app,1,1.0,REVIEW,1
2023-11-08 10:56:27,1585.22,grocery,atm,0,0.0003,ALLOW,1
2023-11-08 10:58:20,1273.82,pharmacy,in_store,0,0.0,ALLOW,1
2023-11-08 11:24:33,222.28,jewelry,mobile_app,0,0.0002,ALLOW,1
2023-11-08 11:32:35,783.36,grocery,online,0,0.0,ALLOW,1
2023-11-08 11:51:29,1616.36,pharmacy,mobile_app,0,0.0,ALLOW,1
2023-11-08 12:51:58,803.52,fuel,atm,0,0.0039,ALLOW,1
2023-11-08 13:04:27,694.15,jewelry,atm,0,0.0003,ALLOW,1
2023-11-08 13:19:26,768.91,entertainment,mobile_app,0,0.0003,ALLOW,1
2023-11-08 13:33:52,783.59,clothing,mobile_app,0,1e-04,ALLOW,1
2023-11-08 13:38:56,2517.43,pharmacy,in_store,0,1e-04,ALLOW,1
2023-11-08 13:50:14,708.39,clothing,mobile_app,0,0.0007,ALLOW,1
2023-11-08 14:08:05,68.05,clothing,mobile_app,0,0.0004,ALLOW,1
2023-11-08 14:15:02,1156.48,entertainment,atm,0,1e-04,ALLOW,1
2023-11-08 14:35:39,1079.54,restaurant,mobile_app,0,0.0,ALLOW,1
2023-11-08 14:44:33,946.66,jewelry,online,0,0.0,ALLOW,1
2023-11-08 14:57:06,1937.65,electronics,atm,0,1e-04,ALLOW,1
2023-11-08 15:09:17,2432.11,travel,in_store,0,0.0829,ALLOW,1
2023-11-08 15:11:47,2896.92,online_gaming,online,0,0.0003,ALLOW,1
2023-11-08 15:16:31,2784.64,restaurant,mobile_app,0,0.0,ALLOW,1
2023-11-08 15:36:43,88.31,grocery,atm,0,1e-04,ALLOW,1
2023-11-08 15:40:49,33.34,online_gaming,online,0,1e-04,ALLOW,1
2023-11-08 16:05:34,640.8,clothing,mobile_app,0,0.0,ALLOW,1
2023-11-08 16:14:40,991.96,jewelry,in_store,0,0.0002,ALLOW,1
2023-11-08 16:58:14,300.85,restaurant,mobile_app,0,0.1061,ALLOW,1
2023-11-08 17:07:04,2261.11,electronics,online,0,0.0008,ALLOW,1
2023-11-08 17:08:51,2393.88,online_gaming,atm,0,0.0003,ALLOW,1
2023-11-08 17:19:15,921.96,online_gaming,in_store,0,0.0006,ALLOW,1
2023-11-08 17:28:11,1094.66,pharmacy,in_store,0,0.0003,ALLOW,1
2023-11-08 17:32:08,717.23,grocery,in_store,0,0.0,ALLOW,1
2023-11-08 18:01:41,610.63,jewelry,in_store,0,0.0002,ALLOW,1
2023-11-08 18:20:09,1082.5,electronics,mobile_app,0,1e-04,ALLOW,1
2023-11-08 18:40:47,32.75,jewelry,online,0,0.0006,ALLOW,1
2023-11-08 18:42:24,2204.34,pharmacy,online,0,0.0003,ALLOW,1
2023-11-08 18:44:16,1065.76,fuel,in_store,0,0.0,ALLOW,1
2023-11-08 18:50:37,1078.61,entertainment,in_store,0,0.0103,ALLOW,1
2023-11-08 18:55:55,139.47,pharmacy,atm,0,1e-04,ALLOW,1
2023-11-08 19:05:51,1499.66,electronics,atm,0,0.0004,ALLOW,1
2023-11-08 19:09:19,1000.23,electronics,atm,0,1e-04,ALLOW,1
2023-11-08 19:14:05,954.64,pharmacy,in_store,0,1e-04,ALLOW,1
2023-11-08 19:46:31,53.93,clothing,mobile_app,0,0.0003,ALLOW,1
2023-11-08 19:52:55,3553.31,pharmacy,online,0,0.0,ALLOW,1
2023-11-08 20:08:55,655.56,clothing,atm,0,1e-04,ALLOW,1
2023-11-08 20:20:30,4243.73,online_gaming,atm,0,0.0003,ALLOW,1
2023-11-08 20:27:26,252.15,pharmacy,atm,0,1e-04,ALLOW,1
2023-11-08 20:31:35,46.26,fuel,online,0,0.0,ALLOW,1
2023-11-08 20:37:29,486.22,clothing,mobile_app,0,0.0,ALLOW,1
2023-11-08 21:22:51,59.76,travel,mobile_app,0,1e-04,ALLOW,1
2023-11-08 21:36:23,2691.14,jewelry,atm,0,0.0002,ALLOW,1
2023-11-08 21:47:43,376.88,online_gaming,online,0,1e-04,ALLOW,1
2023-11-08 21:48:20,1362.13,electronics,mobile_app,0,1e-04,ALLOW,1
2023-11-08 21:53:34,247.81,pharmacy,mobile_app,0,0.0002,ALLOW,1
2023-11-08 22:03:36,52.55,restaurant,in_store,0,0.0004,ALLOW,1
2023-11-08 22:21:33,2409.22,clothing,atm,0,0.0062,ALLOW,1
2023-11-08 22:37:17,686.73,entertainment,mobile_app,0,0.0,ALLOW,1
2023-11-08 23:06:41,1548.84,travel,mobile_app,0,0.0007,ALLOW,1
2023-11-08 23:08:43,493.08,restaurant,online,0,0.0005,ALLOW,1
2023-11-08 23:23:41,2631.43,grocery,online,0,0.0025,ALLOW,1
2023-11-08 23:43:10,2660.33,entertainment,atm,0,0.0002,ALLOW,1
2023-11-09 00:08:30,1510.37,entertainment,mobile_app,0,0.0,ALLOW,1
2023-11-09 00:20:35,846.72,grocery,mobile_app,0,0.0,ALLOW,1
2023-11-09 00:27:10,25.22,online_gaming,atm,0,0.0019,ALLOW,1
2023-11-09 00:46:11,849.73,restaurant,atm,0,0.0005,ALLOW,1
2023-11-09 00:49:19,2653.18,electronics,mobile_app,0,0.0003,ALLOW,1
2023-11-09 00:49:47,959.05,restaurant,online,0,1e-04,ALLOW,1
2023-11-09 00:51:26,909.76,clothing,online,0,0.0004,ALLOW,1
2023-11-09 00:53:52,4145.57,jewelry,atm,0,1e-04,ALLOW,1
2023-11-09 01:05:39,1922.53,fuel,mobile_app,0,0.0002,ALLOW,1
2023-11-09 01:11:33,2050.31,entertainment,mobile_app,0,0.0,ALLOW,1
2023-11-09 01:25:59,489.12,travel,mobile_app,0,0.011,ALLOW,1
2023-11-09 01:37:44,2524.57,jewelry,atm,0,0.0003,ALLOW,1
2023-11-09 01:46:55,504.48,restaurant,atm,0,0.0,ALLOW,1
2023-11-09 01:55:07,3496.85,pharmacy,mobile_app,0,0.0004,ALLOW,1
2023-11-09 02:12:00,1471.64,entertainment,mobile_app,0,1e-04,ALLOW,1
2023-11-09 02:14:02,3103.03,grocery,online,0,0.0,ALLOW,1
2023-11-09 02:40:46,3213.03,online_gaming,online,0,0.0009,ALLOW,1
2023-11-09 02:48:19,2299.7,fuel,online,0,0.0002,ALLOW,1
2023-11-09 02:51:25,4587.76,restaurant,in_store,0,0.0087,ALLOW,1
2023-11-09 03:03:44,2232.2,electronics,online,0,0.0007,ALLOW,1
2023-11-09 03:14:15,3500.16,jewelry,atm,0,0.0003,ALLOW,1
2023-11-09 03:24:43,2099.87,restaurant,atm,0,0.0002,ALLOW,1
2023-11-09 03:29:33,6397.65,grocery,atm,0,0.0036,ALLOW,1
2023-11-09 03:55:17,1077.26,fuel,atm,0,0.0,ALLOW,1
2023-11-09 04:00:31,300.15,jewelry,in_store,0,1e-04,ALLOW,1
2023-11-09 04:03:49,2699.97,entertainment,online,0,0.0,ALLOW,1
2023-11-09 04:23:15,177.19,entertainment,mobile_app,0,1e-04,ALLOW,1
2023-11-09 04:24:49,1096.81,electronics,online,0,0.0002,ALLOW,1
2023-11-09 04:25:56,703.14,entertainment,online,0,1e-04,ALLOW,1
2023-11-09 04:37:27,2045.85,online_gaming,in_store,0,1e-04,ALLOW,1
2023-11-09 04:41:01,746.56,entertainment,online,0,0.0002,ALLOW,1
2023-11-09 04:49:25,142.8,clothing,atm,0,1e-04,ALLOW,1
2023-11-09 04:50:49,2503.9,online_gaming,atm,0,0.0015,ALLOW,1
2023-11-09 05:08:33,20.28,jewelry,atm,0,0.0009,ALLOW,1
2023-11-09 05:11:02,1022.45,grocery,in_store,0,0.0002,ALLOW,1
2023-11-09 05:18:46,2796.62,pharmacy,mobile_app,0,0.0006,ALLOW,1
2023-11-09 05:22:29,2042.12,online_gaming,online,0,1e-04,ALLOW,1
2023-11-09 05:39:09,780.68,restaurant,mobile_app,0,0.0041,ALLOW,1
2023-11-09 05:47:22,69.22,jewelry,in_store,0,1e-04,ALLOW,1
2023-11-09 05:50:06,194.25,online_gaming,online,0,0.0008,ALLOW,1
2023-11-09 05:56:55,129.88,online_gaming,online,0,0.0002,ALLOW,1
2023-11-09 06:04:52,15.57,entertainment,mobile_app,0,1e-04,ALLOW,1
2023-11-09 06:06:43,1616.91,fuel,atm,0,0.0007,ALLOW,1
2023-11-09 06:08:32,2621.12,travel,online,0,0.0003,ALLOW,1
2023-11-09 06:51:44,836.69,jewelry,online,0,1e-04,ALLOW,1
2023-11-09 07:00:06,25.12,pharmacy,online,0,0.0002,ALLOW,1
2023-11-09 07:06:17,1080.53,electronics,mobile_app,0,0.0,ALLOW,1
2023-11-09 07:08:16,1767.09,entertainment,mobile_app,0,1e-04,ALLOW,1
2023-11-09 07:22:01,1430.04,restaurant,in_store,0,0.0,ALLOW,1
2023-11-09 07:41:02,3772.67,online_gaming,in_store,0,0.0005,ALLOW,1
2023-11-09 07:58:31,1605.93,online_gaming,atm,0,0.0,ALLOW,1
2023-11-09 08:21:46,1997.56,pharmacy,in_store,0,0.0006,ALLOW,1
2023-11-09 08:36:25,1882.93,fuel,online,0,0.0002,ALLOW,1
2023-11-09 08:46:51,1714.12,pharmacy,atm,0,1e-04,ALLOW,1
2023-11-09 09:10:03,976.78,grocery,atm,0,0.0002,ALLOW,1
2023-11-09 09:27:59,1234.65,electronics,mobile_app,0,0.0,ALLOW,1
2023-11-09 09:38:27,1774.84,online_gaming,online,0,0.0002,ALLOW,1
2023-11-09 09:39:55,92.09,fuel,in_store,0,0.0002,ALLOW,1
2023-11-09 09:41:11,2632.88,entertainment,mobile_app,0,0.0,ALLOW,1
2023-11-09 09:52:02,2146.3,grocery,atm,0,1e-04,ALLOW,1
2023-11-09 09:54:47,1205.64,online_gaming,in_store,0,0.0008,ALLOW,1
2023-11-09 10:40:46,2711.59,electronics,online,0,0.0004,ALLOW,1
2023-11-09 10:47:36,248.96,online_gaming,mobile_app,0,0.0007,ALLOW,1
2023-11-09 11:03:52,852.51,electronics,in_store,0,0.0177,ALLOW,1
2023-11-09 11:11:09,741.23,clothing,mobile_app,0,0.0005,ALLOW,1
2023-11-09 11:12:07,1089.02,electronics,mobile_app,0,0.0003,ALLOW,1
2023-11-09 12:00:38,2912.69,jewelry,in_store,0,0.0006,ALLOW,1
2023-11-09 12:03:07,2217.98,jewelry,mobile_app,0,0.0,ALLOW,1
2023-11-09 12:45:37,413.13,jewelry,mobile_app,0,0.0002,ALLOW,1
2023-11-09 12:45:38,2842.63,clothing,online,0,0.0024,ALLOW,1
2023-11-09 13:01:03,873.23,online_gaming,in_store,0,0.0003,ALLOW,1
2023-11-09 13:05:33,3573.85,grocery,mobile_app,0,1e-04,ALLOW,1
2023-11-09 13:18:29,449.1,electronics,in_store,0,1e-04,ALLOW,1
2023-11-09 13:25:15,1234.81,clothing,online,0,0.0002,ALLOW,1
2023-11-09 13:32:03,690.71,grocery,mobile_app,0,0.0027,ALLOW,1
2023-11-09 13:37:45,1536.15,clothing,mobile_app,1,0.8338,REVIEW,1
2023-11-09 13:39:41,3306.7,restaurant,atm,0,0.0019,ALLOW,1
2023-11-09 13:54:12,1080.05,online_gaming,in_store,0,0.0002,ALLOW,1
2023-11-09 13:56:02,3739.24,grocery,in_store,0,0.0,ALLOW,1
2023-11-09 13:59:40,1155.84,entertainment,online,0,0.0002,ALLOW,1
2023-11-09 14:05:09,2175.06,fuel,atm,0,0.0002,ALLOW,1
2023-11-09 14:19:44,703.03,grocery,online,0,0.0029,ALLOW,1
2023-11-09 14:41:54,484.69,fuel,mobile_app,0,0.0017,ALLOW,1
2023-11-09 14:45:53,2722.35,online_gaming,online,0,1e-04,ALLOW,1
2023-11-09 14:46:49,2313.62,fuel,mobile_app,0,1e-04,ALLOW,1
2023-11-09 14:47:24,2674.19,clothing,mobile_app,1,1.0,REVIEW,1
2023-11-09 15:04:06,2290.73,grocery,in_store,0,1e-04,ALLOW,1
2023-11-09 15:10:07,246.24,online_gaming,mobile_app,0,0.0006,ALLOW,1
2023-11-09 15:15:04,3008.53,restaurant,online,0,1e-04,ALLOW,1
2023-11-09 15:25:20,368.98,travel,online,0,1e-04,ALLOW,1
2023-11-09 15:30:33,880.53,entertainment,online,0,1e-04,ALLOW,1
2023-11-09 15:38:59,718.2,travel,mobile_app,0,1e-04,ALLOW,1
2023-11-09 15:40:42,29.99,fuel,mobile_app,0,0.0002,ALLOW,1
2023-11-09 15:40:54,1317.32,travel,mobile_app,0,1e-04,ALLOW,1
2023-11-09 15:42:52,1584.54,travel,mobile_app,0,0.0,ALLOW,1
2023-11-09 16:12:53,1805.83,fuel,in_store,0,0.0,ALLOW,1
2023-11-09 16:38:06,722.09,online_gaming,online,0,0.0018,ALLOW,1
2023-11-09 17:12:54,1085.98,grocery,mobile_app,0,0.0005,ALLOW,1
2023-11-09 17:13:57,1911.28,restaurant,mobile_app,0,0.001,ALLOW,1
2023-11-09 17:15:54,563.84,entertainment,mobile_app,0,0.0,ALLOW,1
2023-11-09 17:22:20,2835.99,online_gaming,online,0,0.0,ALLOW,1
2023-11-09 17:28:44,759.87,fuel,online,0,0.0003,ALLOW,1
2023-11-09 17:51:57,951.15,pharmacy,in_store,0,0.0,ALLOW,1
2023-11-09 17:54:23,1358.8,clothing,online,0,0.0,ALLOW,1
2023-11-09 18:44:22,454.82,online_gaming,atm,0,0.0005,ALLOW,1
2023-11-09 19:09:41,316.09,online_gaming,atm,0,0.0007,ALLOW,1
2023-11-09 19:09:43,3409.09,entertainment,in_store,0,0.0004,ALLOW,1
2023-11-09 19:12:36,1792.52,electronics,online,0,0.0003,ALLOW,1
2023-11-09 19:25:01,1371.62,grocery,mobile_app,0,0.0,ALLOW,1
2023-11-09 19:26:32,700.1,travel,atm,0,0.0002,ALLOW,1
2023-11-09 19:32:29,844.87,clothing,online,0,0.0,ALLOW,1
2023-11-09 19:41:50,535.35,restaurant,mobile_app,0,0.0002,ALLOW,1
2023-11-09 19:45:42,3390.58,jewelry,mobile_app,0,0.0032,ALLOW,1
2023-11-09 19:58:48,463.59,pharmacy,mobile_app,0,1e-04,ALLOW,1
2023-11-09 20:16:09,2446.37,electronics,mobile_app,0,1e-04,ALLOW,1
2023-11-09 20:36:58,12096.64,grocery,atm,0,0.1322,ALLOW,1
2023-11-09 20:43:25,392.89,grocery,mobile_app,0,0.0024,ALLOW,1
2023-11-09 20:47:30,990.48,fuel,atm,0,0.0007,ALLOW,1
2023-11-09 20:55:13,151.7,restaurant,atm,0,0.0009,ALLOW,1
2023-11-09 21:06:52,311.93,online_gaming,online,0,0.0002,ALLOW,1
2023-11-09 21:21:49,337.42,online_gaming,in_store,0,1e-04,ALLOW,1
2023-11-09 21:41:39,10.0,fuel,mobile_app,0,0.0195,ALLOW,1
2023-11-09 21:45:57,12.75,fuel,atm,0,0.0002,ALLOW,1
2023-11-09 21:52:01,1051.32,pharmacy,mobile_app,0,0.0007,ALLOW,1
2023-11-09 21:54:05,586.6,entertainment,in_store,0,0.0005,ALLOW,1
2023-11-09 21:55:02,2262.56,travel,atm,0,0.0002,ALLOW,1
2023-11-09 21:55:55,240.53,pharmacy,online,0,1e-04,ALLOW,1
2023-11-09 21:56:03,1859.19,restaurant,in_store,0,1e-04,ALLOW,1
2023-11-09 21:58:55,3041.64,restaurant,mobile_app,0,0.0008,ALLOW,1
2023-11-09 22:00:54,2256.4,clothing,online,0,1e-04,ALLOW,1
2023-11-09 22:14:43,1290.86,restaurant,in_store,0,0.0012,ALLOW,1
2023-11-09 22:19:45,2991.68,pharmacy,mobile_app,0,0.0012,ALLOW,1
2023-11-09 22:34:09,87.55,online_gaming,in_store,0,1e-04,ALLOW,1
2023-11-09 22:35:01,5075.2,entertainment,in_store,0,1e-04,ALLOW,1
2023-11-09 22:48:06,566.05,pharmacy,in_store,0,1e-04,ALLOW,1
2023-11-09 22:53:16,2831.15,fuel,atm,0,0.0226,ALLOW,1
2023-11-09 23:17:49,1942.12,clothing,in_store,0,0.003,ALLOW,1
2023-11-09 23:18:59,1430.41,clothing,atm,0,1e-04,ALLOW,1
2023-11-09 23:23:12,570.9,fuel,in_store,0,0.0005,ALLOW,1
2023-11-09 23:35:51,1442.24,clothing,mobile_app,0,0.0002,ALLOW,1
2023-11-10 00:16:30,1472.25,electronics,online,0,1e-04,ALLOW,1
2023-11-10 00:17:13,113.21,restaurant,atm,0,0.0002,ALLOW,1
2023-11-10 00:18:27,2414.18,online_gaming,mobile_app,0,0.0088,ALLOW,1
2023-11-10 00:21:17,1995.14,jewelry,online,0,1e-04,ALLOW,1
2023-11-10 00:23:14,287.73,restaurant,in_store,0,1e-04,ALLOW,1
2023-11-10 00:25:32,741.68,clothing,online,0,1e-04,ALLOW,1
2023-11-10 00:30:25,1203.12,online_gaming,mobile_app,0,0.0,ALLOW,1
2023-11-10 00:35:20,586.94,electronics,online,0,0.0,ALLOW,1
2023-11-10 00:44:29,671.79,clothing,in_store,0,0.0003,ALLOW,1
2023-11-10 00:53:37,1432.77,pharmacy,in_store,0,0.0002,ALLOW,1
2023-11-10 01:23:07,5190.78,grocery,mobile_app,0,0.0,ALLOW,1
2023-11-10 01:23:39,2791.33,travel,in_store,0,0.0,ALLOW,1
2023-11-10 01:25:22,1351.75,clothing,online,0,1e-04,ALLOW,1
2023-11-10 01:30:01,732.36,pharmacy,online,0,1e-04,ALLOW,1
2023-11-10 01:42:02,3188.81,electronics,mobile_app,0,1e-04,ALLOW,1
2023-11-10 01:52:15,42.14,restaurant,atm,0,1e-04,ALLOW,1
2023-11-10 02:03:51,1586.09,online_gaming,in_store,0,0.0002,ALLOW,1
2023-11-10 02:06:12,2886.28,restaurant,in_store,0,0.0003,ALLOW,1
2023-11-10 02:11:53,1323.75,electronics,atm,0,0.0,ALLOW,1
2023-11-10 02:27:08,388.9,jewelry,atm,0,0.0,ALLOW,1
2023-11-10 02:36:31,1300.8,pharmacy,mobile_app,0,0.0,ALLOW,1
2023-11-10 02:38:34,1921.65,fuel,in_store,0,1e-04,ALLOW,1
2023-11-10 02:39:39,3050.15,travel,online,0,0.0003,ALLOW,1
2023-11-10 02:47:52,2116.84,electronics,atm,0,1e-04,ALLOW,1
2023-11-10 03:00:12,3328.98,travel,in_store,0,0.0,ALLOW,1
2023-11-10 03:09:21,2964.64,jewelry,atm,0,1e-04,ALLOW,1
2023-11-10 03:10:41,331.44,pharmacy,online,0,0.0,ALLOW,1
2023-11-10 03:12:18,80.59,pharmacy,atm,0,0.0008,ALLOW,1
2023-11-10 03:21:18,125.33,restaurant,mobile_app,0,0.0002,ALLOW,1
2023-11-10 03:24:49,1245.22,online_gaming,mobile_app,0,0.0002,ALLOW,1
2023-11-10 03:27:08,3136.38,restaurant,mobile_app,0,0.0048,ALLOW,1
2023-11-10 03:27:13,637.05,grocery,in_store,0,0.0,ALLOW,1
2023-11-10 03:29:45,67.98,pharmacy,online,0,0.0003,ALLOW,1
2023-11-10 03:34:23,645.96,clothing,online,0,0.0016,ALLOW,1
2023-11-10 03:35:46,154.74,pharmacy,mobile_app,0,0.0002,ALLOW,1
2023-11-10 03:49:49,655.38,entertainment,online,0,0.0002,ALLOW,1
2023-11-10 03:51:47,3257.54,online_gaming,atm,0,0.0002,ALLOW,1
2023-11-10 04:07:04,1154.13,travel,online,0,0.0002,ALLOW,1
2023-11-10 04:20:02,1252.07,jewelry,mobile_app,0,0.0005,ALLOW,1
2023-11-10 04:27:47,5644.99,travel,in_store,0,0.0002,ALLOW,1
2023-11-10 04:32:58,962.46,fuel,mobile_app,0,1e-04,ALLOW,1
2023-11-10 04:35:07,442.7,pharmacy,in_store,0,1e-04,ALLOW,1
2023-11-10 04:35:25,357.54,online_gaming,in_store,0,1e-04,ALLOW,1
2023-11-10 04:40:43,118.34,jewelry,atm,0,1e-04,ALLOW,1
2023-11-10 04:53:46,2074.93,entertainment,in_store,0,1e-04,ALLOW,1
2023-11-10 05:18:22,1844.81,pharmacy,online,0,0.0,ALLOW,1
2023-11-10 05:26:32,1642.5,electronics,in_store,0,0.0002,ALLOW,1
2023-11-10 05:27:51,551.91,online_gaming,online,0,1e-04,ALLOW,1
2023-11-10 05:31:21,2327.28,restaurant,in_store,0,0.0023,ALLOW,1
2023-11-10 05:44:28,649.94,restaurant,online,0,0.0065,ALLOW,1
2023-11-10 06:07:10,260.16,grocery,online,0,0.0013,ALLOW,1
2023-11-10 06:11:20,2709.77,online_gaming,in_store,0,0.0003,ALLOW,1
2023-11-10 06:19:02,1718.97,restaurant,mobile_app,0,0.0002,ALLOW,1
2023-11-10 06:24:48,2298.2,grocery,mobile_app,0,0.0002,ALLOW,1
2023-11-10 06:34:08,505.72,entertainment,online,0,1e-04,ALLOW,1
2023-11-10 06:40:33,48.48,pharmacy,online,0,0.0005,ALLOW,1
2023-11-10 06:41:26,5559.95,travel,online,0,0.0,ALLOW,1
2023-11-10 06:45:57,5066.21,restaurant,in_store,0,0.0,ALLOW,1
2023-11-10 06:53:13,16.93,fuel,in_store,0,0.0029,ALLOW,1
2023-11-10 06:58:46,125.88,jewelry,online,0,0.0004,ALLOW,1
2023-11-10 07:00:24,1329.18,grocery,atm,0,0.0002,ALLOW,1
2023-11-10 07:00:35,548.72,clothing,atm,0,0.0,ALLOW,1
2023-11-10 07:04:43,222.98,fuel,atm,0,1e-04,ALLOW,1
2023-11-10 07:07:45,389.24,electronics,mobile_app,0,1e-04,ALLOW,1
2023-11-10 07:11:55,885.78,online_gaming,atm,0,1e-04,ALLOW,1
2023-11-10 07:12:45,272.93,pharmacy,atm,0,1e-04,ALLOW,1
2023-11-10 07:14:24,2830.16,grocery,online,0,0.0,ALLOW,1
2023-11-10 07:31:02,1396.35,grocery,atm,0,0.0005,ALLOW,1
2023-11-10 07:45:02,374.65,clothing,atm,0,0.0006,ALLOW,1
2023-11-10 08:06:27,384.83,fuel,in_store,0,0.0,ALLOW,1
2023-11-10 08:11:57,10.0,electronics,online,0,0.0002,ALLOW,1
2023-11-10 08:17:15,200.23,clothing,in_store,0,0.0003,ALLOW,1
2023-11-10 08:19:44,2799.49,travel,online,0,0.0005,ALLOW,1
2023-11-10 08:45:04,1094.56,entertainment,in_store,0,0.0004,ALLOW,1
2023-11-10 08:53:51,4226.08,online_gaming,mobile_app,0,0.0002,ALLOW,1
2023-11-10 09:08:27,754.6,travel,atm,0,0.0,ALLOW,1
2023-11-10 09:52:18,759.98,entertainment,in_store,0,0.0007,ALLOW,1
2023-11-10 10:09:50,1398.02,fuel,online,0,0.0003,ALLOW,1
2023-11-10 10:14:56,27.3,electronics,in_store,0,1e-04,ALLOW,1
2023-11-10 10:22:47,706.09,pharmacy,atm,0,0.0,ALLOW,1
2023-11-10 10:38:16,2875.29,electronics,online,0,0.0,ALLOW,1
2023-11-10 10:47:06,1082.26,jewelry,mobile_app,0,1e-04,ALLOW,1
2023-11-10 10:55:48,4443.83,travel,online,0,0.0002,ALLOW,1
2023-11-10 11:01:22,1690.79,jewelry,mobile_app,0,1e-04,ALLOW,1
2023-11-10 12:23:30,2635.93,online_gaming,mobile_app,0,1e-04,ALLOW,1
2023-11-10 12:29:29,928.13,electronics,mobile_app,0,0.0074,ALLOW,1
2023-11-10 12:39:25,1183.46,jewelry,mobile_app,0,0.0002,ALLOW,1
2023-11-10 12:52:08,310.44,restaurant,atm,0,0.0002,ALLOW,1
2023-11-10 13:08:15,953.61,clothing,online,0,0.0,ALLOW,1
2023-11-10 13:18:12,1425.0,clothing,mobile_app,0,0.0003,ALLOW,1
2023-11-10 13:30:39,289.16,electronics,in_store,0,0.0209,ALLOW,1
2023-11-10 13:34:56,129.31,restaurant,in_store,0,1e-04,ALLOW,1
2023-11-10 13:35:07,2104.21,restaurant,atm,0,0.0044,ALLOW,1
2023-11-10 13:36:38,6880.93,online_gaming,atm,0,0.0573,ALLOW,1
2023-11-10 13:42:16,1698.15,electronics,mobile_app,0,0.0007,ALLOW,1
2023-11-10 13:57:38,1933.65,electronics,in_store,0,0.0,ALLOW,1
2023-11-10 14:01:55,1148.24,jewelry,mobile_app,0,0.0008,ALLOW,1
2023-11-10 14:07:26,906.2,travel,mobile_app,0,1e-04,ALLOW,1
2023-11-10 14:15:38,602.67,jewelry,online,0,0.0003,ALLOW,1
2023-11-10 14:17:32,1260.1,restaurant,atm,0,1e-04,ALLOW,1
2023-11-10 14:17:56,119.22,grocery,atm,0,1e-04,ALLOW,1
2023-11-10 14:22:36,757.17,clothing,online,0,0.0005,ALLOW,1
2023-11-10 14:33:00,8226.72,travel,mobile_app,0,1e-04,ALLOW,1
2023-11-10 14:40:22,2013.95,online_gaming,online,0,0.0057,ALLOW,1
2023-11-10 14:47:13,104.69,fuel,atm,0,0.0025,ALLOW,1
2023-11-10 14:47:56,1398.82,restaurant,atm,0,0.0002,ALLOW,1
2023-11-10 15:08:03,887.06,online_gaming,in_store,0,0.0337,ALLOW,1
2023-11-10 15:14:37,84.44,travel,in_store,0,1e-04,ALLOW,1
2023-11-10 15:21:58,550.07,grocery,online,0,0.0004,ALLOW,1
2023-11-10 15:25:11,425.88,jewelry,in_store,0,0.0004,ALLOW,1
2023-11-10 15:49:09,265.63,travel,mobile_app,0,0.0003,ALLOW,1
2023-11-10 15:54:27,782.39,pharmacy,online,0,1e-04,ALLOW,1
2023-11-10 16:12:30,94.86,electronics,atm,0,1e-04,ALLOW,1
2023-11-10 16:52:03,15.55,restaurant,atm,0,1e-04,ALLOW,1
2023-11-10 16:54:03,231.84,restaurant,mobile_app,0,0.0005,ALLOW,1
2023-11-10 16:54:26,1134.22,pharmacy,in_store,0,0.0,ALLOW,1
2023-11-10 16:58:33,3042.51,clothing,atm,0,1e-04,ALLOW,1
2023-11-10 17:13:00,98.37,clothing,mobile_app,0,0.0003,ALLOW,1
2023-11-10 17:15:27,968.73,fuel,in_store,0,1e-04,ALLOW,1
2023-11-10 17:33:05,3187.94,travel,atm,0,0.0008,ALLOW,1
2023-11-10 17:35:18,2952.66,grocery,in_store,0,0.0025,ALLOW,1
2023-11-10 17:37:21,2806.67,jewelry,atm,0,0.0002,ALLOW,1
2023-11-10 17:38:07,395.65,grocery,in_store,0,0.0,ALLOW,1
2023-11-10 17:46:22,244.19,pharmacy,atm,0,0.0011,ALLOW,1
2023-11-10 18:14:53,2383.51,online_gaming,in_store,0,1e-04,ALLOW,1
2023-11-10 18:21:44,3171.17,clothing,online,0,0.0,ALLOW,1
2023-11-10 18:39:32,443.83,travel,atm,0,0.0002,ALLOW,1
2023-11-10 18:45:59,1255.43,grocery,atm,0,0.0,ALLOW,1
2023-11-10 18:50:11,1472.65,restaurant,atm,0,1e-04,ALLOW,1
2023-11-10 18:50:12,4381.55,jewelry,online,0,0.0,ALLOW,1
2023-11-10 18:54:51,412.8,online_gaming,online,0,0.0007,ALLOW,1
2023-11-10 18:55:04,262.9,clothing,atm,0,1e-04,ALLOW,1
2023-11-10 18:55:20,726.14,travel,atm,0,0.0003,ALLOW,1
2023-11-10 19:03:56,1432.18,grocery,atm,0,0.0002,ALLOW,1
2023-11-10 19:12:35,1421.13,fuel,mobile_app,0,1e-04,ALLOW,1
2023-11-10 19:12:41,1287.4,restaurant,online,0,0.0003,ALLOW,1
2023-11-10 19:24:33,1543.18,pharmacy,in_store,0,0.0002,ALLOW,1
2023-11-10 20:08:37,628.16,clothing,mobile_app,0,1e-04,ALLOW,1
2023-11-10 20:12:17,90.25,entertainment,atm,0,1e-04,ALLOW,1
2023-11-10 20:27:52,596.11,online_gaming,in_store,0,0.0002,ALLOW,1
2023-11-10 20:30:44,1567.63,clothing,mobile_app,0,0.0029,ALLOW,1
2023-11-10 20:39:23,953.01,entertainment,online,0,0.0,ALLOW,1
2023-11-10 20:42:12,780.38,clothing,in_store,0,1e-04,ALLOW,1
2023-11-10 20:46:41,649.79,fuel,atm,0,1e-04,ALLOW,1
2023-11-10 21:01:51,6709.1,restaurant,atm,0,0.6381,REVIEW,0
2023-11-10 21:19:44,5128.86,pharmacy,mobile_app,0,0.0003,ALLOW,1
2023-11-10 21:27:32,18.26,pharmacy,in_store,0,1e-04,ALLOW,1
2023-11-10 21:33:27,1879.92,entertainment,atm,0,0.0,ALLOW,1
2023-11-10 21:40:00,871.87,fuel,online,0,1e-04,ALLOW,1
2023-11-10 21:44:33,220.76,online_gaming,online,0,1e-04,ALLOW,1
2023-11-10 21:45:15,2468.4,jewelry,in_store,0,0.0,ALLOW,1
2023-11-10 21:45:38,1860.28,fuel,online,0,0.0,ALLOW,1
2023-11-10 21:47:43,941.15,entertainment,in_store,0,0.0005,ALLOW,1
2023-11-10 21:54:12,166.12,electronics,mobile_app,0,0.001,ALLOW,1
2023-11-10 22:00:00,875.93,pharmacy,atm,0,0.0004,ALLOW,1
2023-11-10 22:03:49,2267.93,restaurant,mobile_app,0,0.0002,ALLOW,1
2023-11-10 22:09:59,5493.19,restaurant,in_store,0,0.0002,ALLOW,1
2023-11-10 22:19:58,378.22,travel,atm,0,0.0007,ALLOW,1
2023-11-10 22:44:37,3810.73,grocery,atm,0,0.0018,ALLOW,1
2023-11-10 22:56:13,90.48,entertainment,online,0,0.0,ALLOW,1
2023-11-10 23:12:08,1580.82,jewelry,in_store,0,0.0002,ALLOW,1
2023-11-10 23:20:27,2217.15,online_gaming,online,0,0.0007,ALLOW,1
2023-11-10 23:31:52,1808.06,fuel,in_store,0,0.0,ALLOW,1
2023-11-10 23:49:01,66.39,jewelry,in_store,0,0.0021,ALLOW,1
2023-11-11 00:03:17,3126.93,electronics,in_store,0,1e-04,ALLOW,1
2023-11-11 00:14:39,792.5,electronics,mobile_app,0,0.0005,ALLOW,1
2023-11-11 00:29:18,945.76,clothing,atm,0,0.0002,ALLOW,1
2023-11-11 00:57:24,4305.81,online_gaming,in_store,0,0.0117,ALLOW,1
2023-11-11 01:09:48,3135.87,entertainment,atm,0,0.0048,ALLOW,1
2023-11-11 01:09:50,950.88,pharmacy,in_store,0,0.0002,ALLOW,1
2023-11-11 01:20:10,74.58,pharmacy,in_store,0,0.0005,ALLOW,1
2023-11-11 01:32:33,434.23,travel,atm,0,1e-04,ALLOW,1
2023-11-11 01:37:21,1171.28,electronics,atm,0,1e-04,ALLOW,1
2023-11-11 01:40:27,201.89,electronics,atm,0,0.0002,ALLOW,1
2023-11-11 01:56:13,36.64,pharmacy,mobile_app,0,0.0002,ALLOW,1
2023-11-11 01:58:49,3244.97,grocery,mobile_app,0,0.0,ALLOW,1
2023-11-11 02:06:00,133.28,online_gaming,in_store,0,0.0005,ALLOW,1
2023-11-11 02:16:32,2096.64,pharmacy,online,0,0.0008,ALLOW,1
2023-11-11 02:20:46,1084.3,grocery,atm,0,1e-04,ALLOW,1
2023-11-11 02:38:57,770.07,travel,atm,0,1e-04,ALLOW,1
2023-11-11 03:28:42,1711.78,grocery,in_store,0,1e-04,ALLOW,1
2023-11-11 03:34:35,310.16,pharmacy,mobile_app,0,0.0002,ALLOW,1
2023-11-11 03:36:21,3019.36,fuel,online,0,0.0,ALLOW,1
2023-11-11 03:56:12,4958.05,fuel,in_store,0,1e-04,ALLOW,1
2023-11-11 04:00:19,3548.69,clothing,in_store,0,0.0002,ALLOW,1
2023-11-11 04:03:57,1475.24,travel,in_store,0,0.0004,ALLOW,1
2023-11-11 04:05:42,3155.66,travel,in_store,0,0.0,ALLOW,1
2023-11-11 04:15:52,196.46,online_gaming,in_store,0,0.0002,ALLOW,1
2023-11-11 04:17:27,1674.13,clothing,atm,0,0.0005,ALLOW,1
2023-11-11 04:17:51,3508.14,fuel,in_store,0,0.0004,ALLOW,1
2023-11-11 04:21:11,2031.06,grocery,in_store,0,0.0,ALLOW,1
2023-11-11 04:39:18,1876.8,jewelry,in_store,1,0.7214,REVIEW,1
2023-11-11 04:54:27,817.58,clothing,atm,0,0.0006,ALLOW,1
2023-11-11 04:59:47,626.62,clothing,in_store,0,0.0,ALLOW,1
2023-11-11 05:07:12,450.43,pharmacy,mobile_app,0,1e-04,ALLOW,1
2023-11-11 05:22:54,4260.48,travel,atm,0,1e-04,ALLOW,1
2023-11-11 05:25:37,26.99,clothing,online,0,0.0002,ALLOW,1
2023-11-11 05:39:21,911.67,jewelry,mobile_app,0,0.0004,ALLOW,1
2023-11-11 05:40:31,1416.74,restaurant,in_store,0,1e-04,ALLOW,1
2023-11-11 05:41:10,301.72,electronics,mobile_app,0,0.0003,ALLOW,1
2023-11-11 05:47:52,567.27,clothing,online,0,1e-04,ALLOW,1
2023-11-11 06:23:46,610.79,entertainment,mobile_app,0,0.0,ALLOW,1
2023-11-11 06:34:45,2783.67,pharmacy,atm,0,0.0003,ALLOW,1
2023-11-11 06:40:09,2733.38,grocery,in_store,0,0.0003,ALLOW,1
2023-11-11 06:53:13,390.44,entertainment,in_store,0,0.0002,ALLOW,1
2023-11-11 07:22:15,483.75,fuel,mobile_app,0,1e-04,ALLOW,1
2023-11-11 07:24:46,4969.21,jewelry,in_store,0,1e-04,ALLOW,1
2023-11-11 07:29:28,584.82,clothing,online,0,0.0002,ALLOW,1
2023-11-11 07:39:49,2122.7,jewelry,in_store,0,0.0,ALLOW,1
2023-11-11 07:59:04,429.64,jewelry,online,0,0.0002,ALLOW,1
2023-11-11 08:01:42,407.04,pharmacy,in_store,0,0.0112,ALLOW,1
2023-11-11 08:05:42,787.18,fuel,mobile_app,0,1e-04,ALLOW,1
2023-11-11 08:08:41,339.57,grocery,mobile_app,0,0.0,ALLOW,1
2023-11-11 08:23:57,1481.63,jewelry,mobile_app,0,0.0002,ALLOW,1
2023-11-11 08:33:55,639.63,electronics,in_store,0,0.0,ALLOW,1
2023-11-11 08:36:30,1691.56,entertainment,mobile_app,0,0.0009,ALLOW,1
2023-11-11 08:44:56,567.22,clothing,atm,0,1e-04,ALLOW,1
2023-11-11 08:48:26,1102.7,electronics,mobile_app,0,0.0006,ALLOW,1
2023-11-11 09:14:55,956.74,electronics,mobile_app,0,0.0005,ALLOW,1
2023-11-11 09:33:35,2850.46,fuel,mobile_app,0,0.0002,ALLOW,1
2023-11-11 09:34:05,1682.15,entertainment,mobile_app,0,1e-04,ALLOW,1
2023-11-11 09:35:35,143.38,grocery,online,0,0.0005,ALLOW,1
2023-11-11 09:54:17,2590.08,jewelry,in_store,1,0.9999,REVIEW,1
2023-11-11 09:57:12,151.18,fuel,in_store,0,0.0007,ALLOW,1
2023-11-11 10:08:36,520.78,restaurant,mobile_app,0,0.0007,ALLOW,1
2023-11-11 10:09:13,554.68,jewelry,in_store,0,0.0002,ALLOW,1
2023-11-11 10:16:24,931.31,travel,mobile_app,0,0.0121,ALLOW,1
2023-11-11 10:31:42,442.48,restaurant,mobile_app,0,0.0007,ALLOW,1
2023-11-11 10:45:16,2688.82,entertainment,atm,0,0.0026,ALLOW,1
2023-11-11 11:02:16,2621.72,clothing,atm,0,0.0,ALLOW,1
2023-11-11 11:18:11,2007.42,travel,online,0,0.0015,ALLOW,1
2023-11-11 11:20:38,982.64,restaurant,in_store,0,1e-04,ALLOW,1
2023-11-11 11:27:23,1174.04,restaurant,mobile_app,0,0.0047,ALLOW,1
2023-11-11 11:29:03,599.94,online_gaming,online,0,1e-04,ALLOW,1
2023-11-11 11:38:18,1445.68,jewelry,mobile_app,0,0.0,ALLOW,1
2023-11-11 11:38:54,2657.57,grocery,online,0,0.0002,ALLOW,1
2023-11-11 11:42:58,420.72,electronics,mobile_app,0,1e-04,ALLOW,1
2023-11-11 12:08:52,964.33,grocery,online,0,0.0002,ALLOW,1
2023-11-11 12:13:05,537.29,jewelry,atm,0,0.0004,ALLOW,1
2023-11-11 12:16:12,1681.73,clothing,mobile_app,0,0.0,ALLOW,1
2023-11-11 12:48:05,1108.32,travel,atm,0,1e-04,ALLOW,1
2023-11-11 13:11:47,721.85,restaurant,mobile_app,0,0.0002,ALLOW,1
2023-11-11 13:41:56,852.09,clothing,atm,0,1e-04,ALLOW,1
2023-11-11 14:04:01,1721.65,restaurant,online,0,1e-04,ALLOW,1
2023-11-11 14:04:41,314.1,electronics,atm,0,0.0,ALLOW,1
2023-11-11 14:11:33,112.39,grocery,mobile_app,0,1e-04,ALLOW,1
2023-11-11 14:16:47,10.0,clothing,atm,0,0.0002,ALLOW,1
2023-11-11 14:25:40,1212.49,entertainment,atm,0,0.0,ALLOW,1
2023-11-11 14:27:11,520.96,electronics,atm,0,0.0,ALLOW,1
2023-11-11 14:28:39,235.23,clothing,online,0,0.0009,ALLOW,1
2023-11-11 14:28:59,1148.38,electronics,mobile_app,0,1e-04,ALLOW,1
2023-11-11 14:57:25,1221.52,entertainment,mobile_app,0,1e-04,ALLOW,1
2023-11-11 15:04:04,5057.48,grocery,mobile_app,0,1e-04,ALLOW,1
2023-11-11 15:12:57,3149.51,fuel,online,0,1e-04,ALLOW,1
2023-11-11 15:16:43,1261.97,pharmacy,atm,0,0.0002,ALLOW,1
2023-11-11 15:35:59,286.76,clothing,online,0,1e-04,ALLOW,1
2023-11-11 15:41:39,1294.05,entertainment,mobile_app,0,0.0002,ALLOW,1
2023-11-11 15:54:05,1451.07,entertainment,mobile_app,0,1e-04,ALLOW,1
2023-11-11 15:58:02,247.17,jewelry,mobile_app,0,1e-04,ALLOW,1
2023-11-11 16:22:07,2738.07,online_gaming,mobile_app,0,1e-04,ALLOW,1
2023-11-11 16:26:00,5484.19,travel,mobile_app,0,0.0005,ALLOW,1
2023-11-11 16:42:10,31.58,grocery,in_store,0,0.0,ALLOW,1
2023-11-11 17:01:51,2091.03,entertainment,online,0,1e-04,ALLOW,1
2023-11-11 17:14:40,2538.69,entertainment,in_store,0,1e-04,ALLOW,1
2023-11-11 17:31:52,1127.16,fuel,online,0,0.0,ALLOW,1
2023-11-11 17:36:48,2621.57,restaurant,online,0,1e-04,ALLOW,1
2023-11-11 17:37:46,602.73,grocery,atm,0,0.0007,ALLOW,1
2023-11-11 17:42:58,1343.48,entertainment,mobile_app,0,0.0006,ALLOW,1
2023-11-11 17:52:23,2409.67,online_gaming,in_store,0,1e-04,ALLOW,1
2023-11-11 18:00:27,446.17,online_gaming,atm,0,0.0009,ALLOW,1
2023-11-11 18:40:20,705.76,restaurant,atm,0,0.0002,ALLOW,1
2023-11-11 19:00:16,631.23,travel,in_store,0,0.0022,ALLOW,1
2023-11-11 19:12:08,75.5,fuel,mobile_app,0,0.0006,ALLOW,1
2023-11-11 19:22:53,299.46,fuel,atm,0,1e-04,ALLOW,1
2023-11-11 19:40:06,814.17,travel,in_store,0,0.0007,ALLOW,1
2023-11-11 20:19:55,950.1,jewelry,atm,0,0.0004,ALLOW,1
2023-11-11 20:35:45,209.8,online_gaming,mobile_app,0,0.0042,ALLOW,1
2023-11-11 20:36:27,1164.88,grocery,atm,0,0.0002,ALLOW,1
2023-11-11 21:14:25,1944.03,grocery,online,0,0.0004,ALLOW,1
2023-11-11 21:32:06,263.0,entertainment,atm,0,0.0003,ALLOW,1
2023-11-11 21:36:16,72.57,travel,mobile_app,0,0.0004,ALLOW,1
2023-11-11 21:36:25,2421.98,restaurant,atm,0,0.0002,ALLOW,1
2023-11-11 21:56:04,126.24,pharmacy,online,0,0.0005,ALLOW,1
2023-11-11 22:12:49,603.88,travel,online,0,1e-04,ALLOW,1
2023-11-11 22:14:58,260.54,clothing,mobile_app,0,0.0009,ALLOW,1
2023-11-11 22:19:40,1880.53,grocery,in_store,0,1e-04,ALLOW,1
2023-11-11 22:21:00,902.15,clothing,in_store,0,1e-04,ALLOW,1
2023-11-11 22:46:11,85.0,fuel,online,0,1e-04,ALLOW,1
2023-11-11 22:48:30,2861.18,grocery,in_store,0,0.0,ALLOW,1
2023-11-11 22:49:11,150.16,electronics,in_store,0,0.0004,ALLOW,1
2023-11-11 22:51:04,1439.52,pharmacy,atm,0,1e-04,ALLOW,1
2023-11-11 22:54:57,1498.33,grocery,atm,0,1e-04,ALLOW,1
2023-11-11 22:57:38,443.58,fuel,atm,0,0.0,ALLOW,1
2023-11-11 23:03:37,1698.8,restaurant,online,0,0.0003,ALLOW,1
2023-11-11 23:30:18,3046.53,fuel,in_store,0,0.0,ALLOW,1
2023-11-11 23:39:36,1511.55,clothing,in_store,0,1e-04,ALLOW,1
2023-11-11 23:49:41,1875.03,pharmacy,online,0,0.0005,ALLOW,1
2023-11-11 23:59:26,2356.11,electronics,in_store,0,0.0,ALLOW,1
2023-11-12 00:09:45,1486.53,online_gaming,atm,0,0.0004,ALLOW,1
2023-11-12 00:16:01,408.83,clothing,atm,0,0.0002,ALLOW,1
2023-11-12 00:20:06,7982.38,fuel,in_store,0,0.0,ALLOW,1
2023-11-12 00:38:56,1456.15,entertainment,online,0,0.0,ALLOW,1
2023-11-12 00:42:26,1306.16,jewelry,mobile_app,0,1e-04,ALLOW,1
2023-11-12 00:43:14,3219.04,travel,atm,0,0.0006,ALLOW,1
2023-11-12 00:45:25,2883.71,fuel,in_store,0,0.0006,ALLOW,1
2023-11-12 01:15:31,2414.52,jewelry,atm,0,1e-04,ALLOW,1
2023-11-12 01:48:22,245.85,electronics,online,0,0.0012,ALLOW,1
2023-11-12 01:51:35,96.92,pharmacy,mobile_app,0,0.0009,ALLOW,1
2023-11-12 02:15:18,508.2,fuel,online,0,0.0003,ALLOW,1
2023-11-12 02:22:49,5417.61,electronics,atm,0,0.0004,ALLOW,1
2023-11-12 02:22:59,348.38,clothing,in_store,0,0.0012,ALLOW,1
2023-11-12 02:25:12,1222.38,entertainment,mobile_app,0,0.0,ALLOW,1
2023-11-12 02:35:51,1909.09,online_gaming,online,0,1e-04,ALLOW,1
2023-11-12 02:36:15,52.55,grocery,mobile_app,0,0.0013,ALLOW,1
2023-11-12 02:40:51,3075.38,grocery,mobile_app,0,0.0007,ALLOW,1
2023-11-12 02:43:26,1543.86,clothing,mobile_app,0,0.0,ALLOW,1
2023-11-12 03:02:56,2935.63,electronics,mobile_app,0,0.0005,ALLOW,1
2023-11-12 03:11:13,850.31,online_gaming,atm,0,1e-04,ALLOW,1
2023-11-12 03:16:44,2320.25,entertainment,in_store,0,0.0,ALLOW,1
2023-11-12 03:35:42,297.29,clothing,atm,0,1e-04,ALLOW,1
2023-11-12 03:50:43,394.98,restaurant,in_store,0,1e-04,ALLOW,1
2023-11-12 04:33:37,161.44,electronics,in_store,0,0.0003,ALLOW,1
2023-11-12 04:52:40,2359.07,grocery,online,0,0.0003,ALLOW,1
2023-11-12 05:02:17,4935.19,pharmacy,atm,0,1e-04,ALLOW,1
2023-11-12 05:12:57,175.5,pharmacy,mobile_app,0,1e-04,ALLOW,1
2023-11-12 05:32:54,422.51,clothing,atm,0,0.0015,ALLOW,1
2023-11-12 05:34:16,1325.66,electronics,in_store,0,0.0,ALLOW,1
2023-11-12 06:05:27,1031.09,online_gaming,online,0,0.0014,ALLOW,1
2023-11-12 06:12:54,3731.85,restaurant,mobile_app,1,0.9659,REVIEW,1
2023-11-12 06:14:52,2482.76,jewelry,mobile_app,0,1e-04,ALLOW,1
2023-11-12 06:29:37,835.75,pharmacy,mobile_app,0,0.0005,ALLOW,1
2023-11-12 07:00:37,969.28,clothing,online,0,0.0006,ALLOW,1
2023-11-12 07:04:06,2281.92,entertainment,mobile_app,0,0.0072,ALLOW,1
2023-11-12 07:06:48,369.57,grocery,online,0,0.0006,ALLOW,1
2023-11-12 07:12:11,562.19,restaurant,atm,0,0.001,ALLOW,1
2023-11-12 07:13:44,877.76,jewelry,mobile_app,0,0.0014,ALLOW,1
2023-11-12 07:23:23,821.45,pharmacy,in_store,0,0.0002,ALLOW,1
2023-11-12 07:33:53,1254.71,online_gaming,in_store,0,0.0,ALLOW,1
2023-11-12 08:12:00,4053.11,travel,atm,0,0.0016,ALLOW,1
2023-11-12 08:23:06,3399.17,entertainment,online,0,1e-04,ALLOW,1
2023-11-12 08:29:31,3014.27,clothing,in_store,0,0.0,ALLOW,1
2023-11-12 08:33:46,72.65,jewelry,atm,0,0.0008,ALLOW,1
2023-11-12 08:35:02,1783.66,fuel,mobile_app,0,1e-04,ALLOW,1
2023-11-12 08:39:13,3342.89,electronics,online,0,0.0,ALLOW,1
2023-11-12 08:48:42,1595.12,entertainment,atm,0,1e-04,ALLOW,1
2023-11-12 08:49:59,191.26,travel,mobile_app,0,1e-04,ALLOW,1
2023-11-12 09:04:40,1853.73,restaurant,atm,0,0.0038,ALLOW,1
2023-11-12 09:10:58,94.36,fuel,mobile_app,0,0.0002,ALLOW,1
2023-11-12 09:15:36,5361.87,pharmacy,atm,0,0.0011,ALLOW,1
2023-11-12 09:16:58,194.59,jewelry,atm,0,0.0006,ALLOW,1
2023-11-12 09:39:41,624.76,restaurant,in_store,0,0.0007,ALLOW,1
2023-11-12 09:45:49,2292.47,pharmacy,online,0,0.0,ALLOW,1
2023-11-12 10:07:27,679.01,entertainment,online,0,0.0,ALLOW,1
2023-11-12 10:42:13,54.56,travel,online,0,0.001,ALLOW,1
2023-11-12 10:58:57,872.48,pharmacy,online,0,0.0009,ALLOW,1
2023-11-12 11:11:32,127.92,travel,online,0,1e-04,ALLOW,1
2023-11-12 11:21:12,176.52,electronics,mobile_app,0,0.0002,ALLOW,1
2023-11-12 11:22:52,757.33,online_gaming,mobile_app,0,1e-04,ALLOW,1
2023-11-12 11:23:35,289.81,grocery,in_store,0,0.0005,ALLOW,1
2023-11-12 11:40:40,1528.72,travel,mobile_app,0,0.0005,ALLOW,1
2023-11-12 11:46:29,199.69,restaurant,mobile_app,0,0.0004,ALLOW,1
2023-11-12 11:55:43,310.25,travel,in_store,0,0.0029,ALLOW,1
2023-11-12 11:56:46,2201.57,travel,atm,0,1e-04,ALLOW,1
2023-11-12 11:58:58,2066.96,electronics,in_store,1,0.9992,REVIEW,1
2023-11-12 12:01:35,260.1,online_gaming,mobile_app,0,0.0476,ALLOW,1
2023-11-12 12:08:22,2797.03,jewelry,atm,0,1e-04,ALLOW,1
2023-11-12 12:08:43,871.84,fuel,online,0,1e-04,ALLOW,1
2023-11-12 12:18:53,506.73,clothing,atm,0,0.0,ALLOW,1
2023-11-12 12:19:49,1001.32,travel,mobile_app,0,1e-04,ALLOW,1
2023-11-12 12:34:16,2353.72,grocery,in_store,0,0.0,ALLOW,1
2023-11-12 12:47:16,117.15,pharmacy,atm,0,0.0002,ALLOW,1
2023-11-12 12:49:32,756.48,grocery,in_store,0,1e-04,ALLOW,1
2023-11-12 13:00:05,900.53,entertainment,in_store,0,1e-04,ALLOW,1
2023-11-12 13:02:43,120.21,travel,in_store,0,0.001,ALLOW,1
2023-11-12 13:12:33,737.32,entertainment,online,0,1e-04,ALLOW,1
2023-11-12 13:38:05,10.0,pharmacy,atm,0,1e-04,ALLOW,1
2023-11-12 13:43:23,886.79,clothing,in_store,0,0.0,ALLOW,1
2023-11-12 14:00:11,1616.09,grocery,mobile_app,0,0.0002,ALLOW,1
2023-11-12 14:04:04,1773.48,jewelry,mobile_app,0,0.0003,ALLOW,1
2023-11-12 14:15:28,4903.55,travel,online,0,0.0019,ALLOW,1
2023-11-12 14:26:46,2222.3,pharmacy,online,0,0.0124,ALLOW,1
2023-11-12 14:32:09,130.04,electronics,online,0,0.0002,ALLOW,1
2023-11-12 14:38:52,1041.8,entertainment,in_store,0,0.0,ALLOW,1
2023-11-12 14:50:35,97.17,restaurant,online,0,0.0002,ALLOW,1
2023-11-12 15:02:38,1204.23,restaurant,atm,0,0.0013,ALLOW,1
2023-11-12 15:04:52,658.63,restaurant,online,0,1e-04,ALLOW,1
2023-11-12 15:08:09,88.85,jewelry,in_store,0,0.0007,ALLOW,1
2023-11-12 15:33:08,1014.8,pharmacy,in_store,0,0.0,ALLOW,1
2023-11-12 15:45:16,3120.92,online_gaming,in_store,0,1e-04,ALLOW,1
2023-11-12 15:58:50,93.54,restaurant,in_store,0,0.0003,ALLOW,1
2023-11-12 16:02:22,1888.96,grocery,atm,0,1e-04,ALLOW,1
2023-11-12 16:31:25,2737.28,online_gaming,mobile_app,0,0.0012,ALLOW,1
2023-11-12 16:39:31,313.89,travel,mobile_app,0,1e-04,ALLOW,1
2023-11-12 16:41:00,62.41,entertainment,in_store,0,0.0006,ALLOW,1
2023-11-12 17:05:43,4051.56,jewelry,in_store,0,0.0005,ALLOW,1
2023-11-12 17:17:26,2086.04,clothing,mobile_app,0,0.0009,ALLOW,1
2023-11-12 17:45:15,980.58,grocery,mobile_app,0,0.0002,ALLOW,1
2023-11-12 17:49:23,1705.29,travel,in_store,0,1e-04,ALLOW,1
2023-11-12 17:56:05,436.32,fuel,in_store,0,1e-04,ALLOW,1
2023-11-12 17:58:10,3612.7,electronics,online,0,0.0009,ALLOW,1
2023-11-12 18:01:56,1069.25,entertainment,atm,0,0.0,ALLOW,1
2023-11-12 18:47:33,2006.24,online_gaming,mobile_app,0,0.0002,ALLOW,1
2023-11-12 18:49:57,102.16,online_gaming,atm,0,1e-04,ALLOW,1
2023-11-12 19:07:02,623.24,clothing,mobile_app,0,0.0016,ALLOW,1
2023-11-12 19:20:22,2570.76,jewelry,atm,0,0.0002,ALLOW,1
2023-11-12 19:20:56,2810.76,restaurant,mobile_app,0,0.0014,ALLOW,1
2023-11-12 19:25:23,1771.61,travel,atm,0,0.0,ALLOW,1
2023-11-12 19:39:33,788.78,pharmacy,online,0,0.0,ALLOW,1
2023-11-12 19:39:41,2395.48,jewelry,atm,0,0.0,ALLOW,1
2023-11-12 19:45:44,10.0,fuel,mobile_app,0,0.0008,ALLOW,1
2023-11-12 19:55:36,489.57,jewelry,atm,0,1e-04,ALLOW,1
2023-11-12 19:59:15,1151.7,clothing,mobile_app,0,1e-04,ALLOW,1
2023-11-12 20:06:53,660.26,travel,in_store,0,0.0002,ALLOW,1
2023-11-12 20:10:56,2061.96,clothing,in_store,0,0.0002,ALLOW,1
2023-11-12 20:18:35,449.86,fuel,in_store,0,1e-04,ALLOW,1
2023-11-12 20:24:09,2564.34,pharmacy,online,0,1e-04,ALLOW,1
2023-11-12 20:25:35,2816.01,entertainment,atm,0,0.0,ALLOW,1
2023-11-12 20:44:29,1197.94,travel,mobile_app,0,0.0004,ALLOW,1
2023-11-12 20:45:12,2227.37,clothing,online,0,1e-04,ALLOW,1
2023-11-12 20:46:01,534.33,travel,mobile_app,0,0.0,ALLOW,1
2023-11-12 20:55:35,1706.32,online_gaming,online,0,0.0003,ALLOW,1
2023-11-12 21:01:58,1931.4,fuel,atm,0,0.0004,ALLOW,1
2023-11-12 21:11:15,290.46,online_gaming,online,0,0.0004,ALLOW,1
2023-11-12 21:18:35,2096.29,grocery,in_store,0,0.0,ALLOW,1
2023-11-12 21:33:40,10.08,travel,mobile_app,0,0.0004,ALLOW,1
2023-11-12 21:33:51,416.87,travel,mobile_app,0,1e-04,ALLOW,1
2023-11-12 21:52:20,694.54,fuel,mobile_app,0,0.0,ALLOW,1
2023-11-12 22:05:19,962.13,travel,in_store,0,0.0003,ALLOW,1
2023-11-12 22:08:21,2104.59,travel,mobile_app,0,0.0003,ALLOW,1
2023-11-12 22:11:31,2221.83,electronics,atm,0,1e-04,ALLOW,1
2023-11-12 22:13:54,918.98,clothing,online,0,1e-04,ALLOW,1
2023-11-12 22:14:41,1589.59,grocery,in_store,0,0.0002,ALLOW,1
2023-11-12 22:19:30,2093.55,online_gaming,in_store,0,0.0004,ALLOW,1
2023-11-12 22:21:12,497.58,online_gaming,mobile_app,0,0.0009,ALLOW,1
2023-11-12 22:32:18,414.88,restaurant,mobile_app,0,0.0,ALLOW,1
2023-11-12 22:38:04,151.16,jewelry,in_store,0,0.0008,ALLOW,1
2023-11-12 22:44:48,470.99,jewelry,online,0,1e-04,ALLOW,1
2023-11-12 23:03:59,10.83,clothing,mobile_app,0,0.0002,ALLOW,1
2023-11-13 00:00:10,1279.35,entertainment,online,0,0.0,ALLOW,1
2023-11-13 00:06:26,1160.68,online_gaming,online,0,0.0,ALLOW,1
2023-11-13 00:18:50,531.02,restaurant,in_store,0,0.0002,ALLOW,1
2023-11-13 00:50:10,2302.99,online_gaming,in_store,0,0.0004,ALLOW,1
2023-11-13 01:03:10,128.89,pharmacy,in_store,0,0.0002,ALLOW,1
2023-11-13 01:06:42,1437.8,restaurant,mobile_app,0,0.0005,ALLOW,1
2023-11-13 01:22:55,1036.52,online_gaming,in_store,0,1e-04,ALLOW,1
2023-11-13 01:34:01,1191.98,jewelry,mobile_app,0,1e-04,ALLOW,1
2023-11-13 01:39:50,261.8,entertainment,online,0,0.0003,ALLOW,1
2023-11-13 01:40:58,712.7,restaurant,in_store,0,0.0105,ALLOW,1
2023-11-13 01:42:55,675.95,electronics,mobile_app,0,0.0023,ALLOW,1
2023-11-13 02:55:24,31.37,travel,online,0,0.0012,ALLOW,1
2023-11-13 02:59:31,357.57,entertainment,atm,0,1e-04,ALLOW,1
2023-11-13 03:11:29,878.07,restaurant,atm,0,0.0,ALLOW,1
2023-11-13 03:43:42,674.81,entertainment,online,0,1e-04,ALLOW,1
2023-11-13 03:45:25,1777.58,clothing,atm,0,1e-04,ALLOW,1
2023-11-13 03:49:20,3946.77,clothing,in_store,0,1e-04,ALLOW,1
2023-11-13 03:54:56,4999.27,entertainment,online,0,0.0002,ALLOW,1
2023-11-13 04:06:34,1704.99,restaurant,mobile_app,0,0.0,ALLOW,1
2023-11-13 04:09:58,768.52,clothing,in_store,0,1e-04,ALLOW,1
2023-11-13 04:20:03,2566.36,grocery,online,0,0.0119,ALLOW,1
2023-11-13 04:27:44,1341.87,entertainment,atm,0,1e-04,ALLOW,1
2023-11-13 04:35:50,430.66,restaurant,online,0,1e-04,ALLOW,1
2023-11-13 04:42:31,1996.67,clothing,online,0,0.0006,ALLOW,1
2023-11-13 04:50:58,2322.71,jewelry,online,0,0.0,ALLOW,1
2023-11-13 04:51:14,1237.47,grocery,atm,0,0.0002,ALLOW,1
2023-11-13 04:55:15,871.9,electronics,mobile_app,0,1e-04,ALLOW,1
2023-11-13 05:01:50,661.66,clothing,mobile_app,0,0.0009,ALLOW,1
2023-11-13 05:09:33,4417.67,travel,mobile_app,0,1e-04,ALLOW,1
2023-11-13 05:17:16,498.41,restaurant,atm,0,0.0002,ALLOW,1
2023-11-13 05:53:46,336.09,fuel,mobile_app,0,1e-04,ALLOW,1
2023-11-13 06:04:38,2541.2,travel,online,0,0.0003,ALLOW,1
2023-11-13 06:29:08,666.61,entertainment,in_store,0,1e-04,ALLOW,1
2023-11-13 06:30:02,2980.41,clothing,atm,0,0.0336,ALLOW,1
2023-11-13 06:30:30,1291.74,electronics,atm,0,0.0012,ALLOW,1
2023-11-13 06:47:23,4001.4,restaurant,atm,0,0.0251,ALLOW,1
2023-11-13 06:48:42,226.92,clothing,online,0,1e-04,ALLOW,1
2023-11-13 06:54:35,3715.07,jewelry,online,0,0.0,ALLOW,1
2023-11-13 06:55:20,141.56,travel,mobile_app,0,0.0006,ALLOW,1
2023-11-13 07:08:02,2014.83,electronics,atm,0,1e-04,ALLOW,1
2023-11-13 07:15:17,379.43,clothing,atm,0,0.0003,ALLOW,1
2023-11-13 07:20:55,81.36,online_gaming,in_store,0,1e-04,ALLOW,1
2023-11-13 07:22:35,847.24,grocery,mobile_app,0,1e-04,ALLOW,1
2023-11-13 07:29:20,194.82,jewelry,atm,0,0.0003,ALLOW,1
2023-11-13 07:43:18,971.96,clothing,in_store,0,0.0004,ALLOW,1
2023-11-13 07:52:55,100.94,jewelry,in_store,0,0.0004,ALLOW,1
2023-11-13 08:15:00,542.48,clothing,mobile_app,0,1e-04,ALLOW,1
2023-11-13 09:02:23,2963.02,pharmacy,mobile_app,0,1e-04,ALLOW,1
2023-11-13 09:08:23,329.24,grocery,online,0,1e-04,ALLOW,1
2023-11-13 09:09:32,506.59,pharmacy,online,0,0.0023,ALLOW,1
2023-11-13 09:11:37,534.14,restaurant,in_store,0,1e-04,ALLOW,1
2023-11-13 09:12:53,4346.09,restaurant,mobile_app,0,1e-04,ALLOW,1
2023-11-13 09:21:33,337.68,entertainment,atm,0,0.0002,ALLOW,1
2023-11-13 09:44:07,981.69,restaurant,mobile_app,0,1e-04,ALLOW,1
2023-11-13 09:47:53,3409.2,electronics,atm,0,0.0006,ALLOW,1
2023-11-13 09:53:38,1995.86,restaurant,mobile_app,0,0.0067,ALLOW,1
2023-11-13 10:00:03,318.74,clothing,mobile_app,0,0.0002,ALLOW,1
2023-11-13 10:02:20,952.31,restaurant,online,0,0.0,ALLOW,1
2023-11-13 10:26:20,893.5,jewelry,atm,0,0.0,ALLOW,1
2023-11-13 10:28:16,1062.64,restaurant,online,0,0.002,ALLOW,1
2023-11-13 11:05:28,126.49,clothing,online,0,1e-04,ALLOW,1
2023-11-13 11:17:04,525.49,entertainment,online,0,0.0,ALLOW,1
2023-11-13 11:31:14,405.02,pharmacy,online,0,1e-04,ALLOW,1
2023-11-13 11:46:57,1495.82,restaurant,online,0,0.0,ALLOW,1
2023-11-13 11:47:49,1529.47,clothing,mobile_app,0,0.0002,ALLOW,1
2023-11-13 11:49:26,96.1,clothing,atm,0,1e-04,ALLOW,1
2023-11-13 11:55:52,2337.7,fuel,online,0,1e-04,ALLOW,1
2023-11-13 11:56:09,249.81,electronics,in_store,0,1e-04,ALLOW,1
2023-11-13 11:56:34,107.81,jewelry,in_store,0,1e-04,ALLOW,1
2023-11-13 12:11:18,1316.36,travel,in_store,0,1e-04,ALLOW,1
2023-11-13 12:20:29,1885.88,jewelry,atm,0,0.0004,ALLOW,1
2023-11-13 12:21:57,10.0,online_gaming,online,0,0.0002,ALLOW,1
2023-11-13 12:28:42,2816.87,grocery,atm,0,1e-04,ALLOW,1
2023-11-13 12:46:05,370.42,online_gaming,mobile_app,0,0.0011,ALLOW,1
2023-11-13 12:53:25,665.83,restaurant,online,0,0.0,ALLOW,1
2023-11-13 13:03:07,2357.57,grocery,mobile_app,0,0.0078,ALLOW,1
2023-11-13 13:12:40,1797.77,grocery,mobile_app,0,1e-04,ALLOW,1
2023-11-13 13:15:25,566.74,entertainment,mobile_app,0,0.0,ALLOW,1
2023-11-13 13:28:23,1792.81,online_gaming,in_store,0,0.0,ALLOW,1
2023-11-13 13:34:30,3516.93,grocery,atm,0,0.0037,ALLOW,1
2023-11-13 13:40:59,1014.18,entertainment,in_store,0,0.0007,ALLOW,1
2023-11-13 13:42:16,3246.38,pharmacy,atm,0,0.0,ALLOW,1
2023-11-13 14:21:56,4624.71,restaurant,online,0,0.0007,ALLOW,1
2023-11-13 14:53:17,436.18,pharmacy,in_store,0,0.0002,ALLOW,1
2023-11-13 15:29:09,900.05,restaurant,in_store,0,0.0003,ALLOW,1
2023-11-13 15:34:14,518.94,travel,online,0,1e-04,ALLOW,1
2023-11-13 15:34:42,221.89,pharmacy,atm,0,1e-04,ALLOW,1
2023-11-13 15:35:12,1140.01,electronics,atm,0,1e-04,ALLOW,1
2023-11-13 15:56:30,535.77,fuel,in_store,0,0.0004,ALLOW,1
2023-11-13 16:02:13,2120.31,entertainment,online,0,0.0,ALLOW,1
2023-11-13 16:21:48,52.4,online_gaming,mobile_app,0,1e-04,ALLOW,1
2023-11-13 16:27:08,2217.17,jewelry,atm,0,0.0,ALLOW,1
2023-11-13 16:28:37,1270.3,clothing,mobile_app,0,1e-04,ALLOW,1
2023-11-13 17:04:33,3619.28,travel,mobile_app,0,0.019,ALLOW,1
2023-11-13 17:06:43,1701.86,clothing,atm,0,0.0,ALLOW,1
2023-11-13 17:08:31,1226.92,online_gaming,in_store,0,1e-04,ALLOW,1
2023-11-13 17:09:17,1183.53,clothing,in_store,0,0.001,ALLOW,1
2023-11-13 17:12:48,3596.41,entertainment,in_store,0,0.0,ALLOW,1
2023-11-13 17:17:17,669.24,grocery,atm,0,0.0003,ALLOW,1
2023-11-13 17:26:54,648.64,grocery,atm,0,1e-04,ALLOW,1
2023-11-13 17:31:00,1407.56,grocery,atm,0,0.0,ALLOW,1
2023-11-13 18:03:15,523.16,electronics,atm,0,0.0012,ALLOW,1
2023-11-13 18:11:37,4034.99,electronics,mobile_app,0,0.0033,ALLOW,1
2023-11-13 18:24:15,2964.63,clothing,mobile_app,0,0.0,ALLOW,1
2023-11-13 18:44:36,244.25,online_gaming,atm,0,0.0002,ALLOW,1
2023-11-13 18:51:44,460.73,clothing,online,0,0.0004,ALLOW,1
2023-11-13 18:56:18,306.5,fuel,in_store,0,0.0207,ALLOW,1
2023-11-13 19:19:35,824.7,jewelry,mobile_app,0,0.001,ALLOW,1
2023-11-13 19:24:27,1183.85,travel,in_store,0,0.001,ALLOW,1
2023-11-13 19:43:13,3080.89,pharmacy,in_store,0,0.0,ALLOW,1
2023-11-13 20:03:41,1144.16,pharmacy,online,0,1e-04,ALLOW,1
2023-11-13 20:10:38,670.28,electronics,atm,0,0.0002,ALLOW,1
2023-11-13 20:30:43,193.93,pharmacy,atm,0,1e-04,ALLOW,1
2023-11-13 20:46:41,194.82,electronics,atm,0,0.0003,ALLOW,1
2023-11-13 20:47:53,333.0,fuel,in_store,0,0.0,ALLOW,1
2023-11-13 21:02:32,1834.64,jewelry,online,0,0.0,ALLOW,1
2023-11-13 21:06:24,3072.36,electronics,atm,0,0.0003,ALLOW,1
2023-11-13 21:24:08,641.51,jewelry,online,0,0.0003,ALLOW,1
2023-11-13 21:27:17,1897.1,jewelry,online,0,0.009,ALLOW,1
2023-11-13 21:34:06,95.7,fuel,mobile_app,0,0.0003,ALLOW,1
2023-11-13 21:47:45,5515.92,online_gaming,atm,0,0.0008,ALLOW,1
2023-11-13 22:00:38,168.67,electronics,mobile_app,0,0.0,ALLOW,1
2023-11-13 22:11:05,15.59,pharmacy,atm,0,0.0014,ALLOW,1
2023-11-13 22:23:30,546.22,travel,atm,0,0.0,ALLOW,1
2023-11-13 22:43:01,1526.93,pharmacy,in_store,0,0.0003,ALLOW,1
2023-11-13 23:01:34,2966.78,electronics,online,1,0.9999,REVIEW,1
2023-11-13 23:34:51,221.71,restaurant,in_store,0,0.0003,ALLOW,1
2023-11-13 23:43:02,334.59,online_gaming,mobile_app,0,0.001,ALLOW,1
2023-11-13 23:49:52,470.77,jewelry,atm,0,1e-04,ALLOW,1
2023-11-13 23:51:43,593.18,travel,online,0,0.001,ALLOW,1
2023-11-13 23:54:46,771.38,grocery,atm,0,0.0,ALLOW,1
2023-11-13 23:57:14,1859.0,fuel,online,0,0.0,ALLOW,1
2023-11-14 00:35:44,14830.33,restaurant,in_store,0,0.0092,ALLOW,1
2023-11-14 00:51:32,153.98,pharmacy,in_store,0,0.0002,ALLOW,1
2023-11-14 00:55:07,300.27,jewelry,atm,0,0.0002,ALLOW,1
2023-11-14 01:00:03,2490.55,entertainment,online,0,0.0004,ALLOW,1
2023-11-14 01:09:12,455.34,fuel,mobile_app,0,0.0002,ALLOW,1
2023-11-14 01:09:51,204.5,electronics,mobile_app,0,0.0002,ALLOW,1
2023-11-14 01:12:37,2579.09,travel,online,0,0.0003,ALLOW,1
2023-11-14 01:16:11,861.72,electronics,online,0,0.0038,ALLOW,1
2023-11-14 01:22:47,1263.09,clothing,atm,0,0.0003,ALLOW,1
2023-11-14 01:25:23,122.98,pharmacy,online,0,0.0007,ALLOW,1
2023-11-14 01:36:27,1260.08,fuel,online,0,1e-04,ALLOW,1
2023-11-14 01:38:45,2447.38,restaurant,in_store,0,1e-04,ALLOW,1
2023-11-14 01:40:41,454.09,restaurant,online,0,0.0002,ALLOW,1
2023-11-14 01:43:45,921.41,entertainment,online,0,1e-04,ALLOW,1
2023-11-14 02:01:24,1429.8,electronics,in_store,0,0.0,ALLOW,1
2023-11-14 02:11:29,1613.03,pharmacy,mobile_app,0,0.0024,ALLOW,1
2023-11-14 02:37:27,718.37,jewelry,online,0,0.01,ALLOW,1
2023-11-14 02:37:53,1908.09,restaurant,mobile_app,0,0.0,ALLOW,1
2023-11-14 02:39:45,2040.69,fuel,mobile_app,0,0.0,ALLOW,1
2023-11-14 02:47:26,186.77,travel,mobile_app,0,0.0006,ALLOW,1
2023-11-14 02:57:18,1078.74,jewelry,in_store,0,1e-04,ALLOW,1
2023-11-14 03:05:45,552.39,pharmacy,atm,0,0.0,ALLOW,1
2023-11-14 03:10:12,332.81,clothing,in_store,0,0.0009,ALLOW,1
2023-11-14 03:15:44,772.57,jewelry,online,0,0.0002,ALLOW,1
2023-11-14 03:20:01,10.37,online_gaming,atm,0,0.0003,ALLOW,1
2023-11-14 03:40:01,1878.93,fuel,online,0,0.0004,ALLOW,1
2023-11-14 03:44:48,54.35,electronics,mobile_app,0,1e-04,ALLOW,1
2023-11-14 03:50:51,615.92,entertainment,atm,0,0.0003,ALLOW,1
2023-11-14 04:04:43,1426.43,grocery,mobile_app,0,1e-04,ALLOW,1
2023-11-14 04:21:39,751.09,jewelry,atm,0,0.0005,ALLOW,1
2023-11-14 04:27:53,288.05,clothing,mobile_app,0,0.0002,ALLOW,1
2023-11-14 04:53:39,2344.35,clothing,mobile_app,0,0.0,ALLOW,1
2023-11-14 05:05:21,1348.77,restaurant,mobile_app,0,0.0002,ALLOW,1
2023-11-14 05:07:08,3461.05,electronics,atm,0,0.001,ALLOW,1
2023-11-14 05:28:14,18.05,restaurant,mobile_app,0,0.0004,ALLOW,1
2023-11-14 05:52:21,127.93,jewelry,mobile_app,0,0.0004,ALLOW,1
2023-11-14 05:52:46,984.35,restaurant,online,0,0.0,ALLOW,1
2023-11-14 06:12:27,3798.07,online_gaming,online,0,1e-04,ALLOW,1
2023-11-14 06:14:18,2348.75,restaurant,online,0,0.0003,ALLOW,1
2023-11-14 06:17:28,3394.55,pharmacy,atm,0,0.0002,ALLOW,1
2023-11-14 06:36:34,3382.78,pharmacy,in_store,0,0.0,ALLOW,1
2023-11-14 06:58:00,974.65,entertainment,atm,0,0.0007,ALLOW,1
2023-11-14 07:02:46,989.67,electronics,in_store,0,0.0002,ALLOW,1
2023-11-14 07:04:36,914.99,pharmacy,mobile_app,0,1e-04,ALLOW,1
2023-11-14 07:05:06,763.78,fuel,mobile_app,0,0.0,ALLOW,1
2023-11-14 07:14:23,297.71,clothing,online,0,0.0003,ALLOW,1
2023-11-14 07:18:08,631.17,clothing,mobile_app,0,0.01,ALLOW,1
2023-11-14 07:21:25,1040.06,restaurant,in_store,0,0.0062,ALLOW,1
2023-11-14 07:28:28,268.93,jewelry,atm,0,0.0003,ALLOW,1
2023-11-14 07:41:38,7267.04,fuel,mobile_app,0,0.0003,ALLOW,1
2023-11-14 07:43:32,1744.26,restaurant,online,0,0.0004,ALLOW,1
2023-11-14 07:56:57,222.8,pharmacy,online,0,0.0012,ALLOW,1
2023-11-14 08:08:00,1156.11,restaurant,atm,0,0.0,ALLOW,1
2023-11-14 08:14:01,1992.84,entertainment,online,0,0.0007,ALLOW,1
2023-11-14 08:29:58,579.58,jewelry,atm,0,0.0002,ALLOW,1
2023-11-14 08:46:39,2319.79,pharmacy,online,0,1e-04,ALLOW,1
2023-11-14 08:53:36,459.6,travel,atm,0,0.0002,ALLOW,1
2023-11-14 08:58:46,1203.28,travel,atm,0,0.0045,ALLOW,1
2023-11-14 08:59:25,1559.78,clothing,atm,0,0.0009,ALLOW,1
2023-11-14 09:18:08,2276.73,grocery,atm,0,0.0,ALLOW,1
2023-11-14 09:25:40,5350.68,jewelry,online,0,0.0002,ALLOW,1
2023-11-14 09:26:42,998.24,pharmacy,atm,0,0.0,ALLOW,1
2023-11-14 09:42:20,2082.8,pharmacy,mobile_app,0,0.0,ALLOW,1
2023-11-14 09:48:21,211.57,entertainment,online,0,0.0011,ALLOW,1
2023-11-14 09:52:51,85.68,grocery,atm,0,0.0005,ALLOW,1
2023-11-14 09:53:56,238.13,travel,atm,0,1e-04,ALLOW,1
2023-11-14 09:56:04,920.31,travel,atm,0,0.0,ALLOW,1
2023-11-14 10:28:54,1185.27,jewelry,in_store,0,1e-04,ALLOW,1
2023-11-14 10:31:03,2936.36,restaurant,in_store,0,0.0,ALLOW,1
2023-11-14 10:44:17,3076.5,fuel,online,0,0.0,ALLOW,1
2023-11-14 10:48:10,1871.17,electronics,mobile_app,0,0.0,ALLOW,1
2023-11-14 10:53:00,5869.73,electronics,atm,0,0.0,ALLOW,1
2023-11-14 11:16:48,314.06,entertainment,mobile_app,0,0.0113,ALLOW,1
2023-11-14 11:21:09,1991.22,restaurant,atm,0,0.0002,ALLOW,1
2023-11-14 11:28:18,1128.9,restaurant,atm,0,0.0,ALLOW,1
2023-11-14 11:28:54,1341.8,electronics,mobile_app,0,0.0,ALLOW,1
2023-11-14 11:39:27,1876.77,entertainment,mobile_app,0,0.0,ALLOW,1
2023-11-14 11:48:46,3248.18,travel,mobile_app,0,1e-04,ALLOW,1
2023-11-14 12:22:23,742.36,grocery,mobile_app,0,0.0008,ALLOW,1
2023-11-14 12:26:57,1249.53,fuel,in_store,0,0.0,ALLOW,1
2023-11-14 12:30:13,10553.23,entertainment,atm,0,0.007,ALLOW,1
2023-11-14 12:50:57,931.11,electronics,atm,0,0.0002,ALLOW,1
2023-11-14 12:52:34,1623.24,fuel,atm,0,0.0,ALLOW,1
2023-11-14 12:53:17,731.62,grocery,mobile_app,0,0.0002,ALLOW,1
2023-11-14 13:01:09,455.43,clothing,mobile_app,0,1e-04,ALLOW,1
2023-11-14 13:08:39,837.34,jewelry,atm,0,1e-04,ALLOW,1
2023-11-14 13:26:25,1109.25,online_gaming,atm,0,1e-04,ALLOW,1
2023-11-14 13:26:33,644.19,entertainment,atm,0,1e-04,ALLOW,1
2023-11-14 13:33:55,640.8,fuel,mobile_app,0,0.0002,ALLOW,1
2023-11-14 13:53:31,40.98,fuel,mobile_app,0,0.0004,ALLOW,1
2023-11-14 13:53:47,4282.39,restaurant,mobile_app,0,0.0008,ALLOW,1
2023-11-14 13:58:24,1603.61,jewelry,atm,0,1e-04,ALLOW,1
2023-11-14 14:12:09,1074.57,jewelry,mobile_app,0,1e-04,ALLOW,1
2023-11-14 14:20:41,1348.41,travel,mobile_app,0,0.001,ALLOW,1
2023-11-14 14:54:29,903.48,clothing,atm,0,0.0,ALLOW,1
2023-11-14 15:12:57,1061.78,restaurant,in_store,0,0.0002,ALLOW,1
2023-11-14 15:57:30,94.18,travel,online,0,0.0004,ALLOW,1
2023-11-14 16:21:13,5514.3,restaurant,atm,0,0.0006,ALLOW,1
2023-11-14 16:29:36,677.83,restaurant,in_store,0,0.0,ALLOW,1
2023-11-14 16:48:02,495.64,clothing,mobile_app,0,0.0,ALLOW,1
2023-11-14 16:56:00,1507.39,jewelry,online,0,0.0,ALLOW,1
2023-11-14 16:58:43,3022.84,pharmacy,atm,0,0.0002,ALLOW,1
2023-11-14 17:10:10,445.65,entertainment,atm,0,1e-04,ALLOW,1
2023-11-14 17:11:59,2751.38,grocery,mobile_app,0,0.0,ALLOW,1
2023-11-14 17:40:51,1235.5,entertainment,atm,0,0.0003,ALLOW,1
2023-11-14 18:06:18,624.99,pharmacy,online,0,0.0,ALLOW,1
2023-11-14 18:11:20,1740.04,online_gaming,in_store,0,1e-04,ALLOW,1
2023-11-14 18:38:16,942.75,fuel,in_store,0,1e-04,ALLOW,1
2023-11-14 18:40:43,2064.12,grocery,mobile_app,0,0.0,ALLOW,1
2023-11-14 18:54:12,2273.9,online_gaming,in_store,0,0.0249,ALLOW,1
2023-11-14 19:00:02,1362.22,jewelry,mobile_app,0,1e-04,ALLOW,1
2023-11-14 19:09:02,4439.17,travel,atm,1,0.999,REVIEW,1
2023-11-14 19:49:40,10.0,fuel,atm,0,0.0004,ALLOW,1
2023-11-14 19:59:26,2408.52,entertainment,atm,0,0.0023,ALLOW,1
2023-11-14 20:01:58,88.02,entertainment,mobile_app,0,0.0002,ALLOW,1
2023-11-14 20:27:11,1137.74,fuel,mobile_app,0,0.0004,ALLOW,1
2023-11-14 20:31:09,581.21,entertainment,atm,0,0.0013,ALLOW,1
2023-11-14 20:50:39,1795.91,pharmacy,atm,0,0.0,ALLOW,1
2023-11-14 21:09:43,558.44,grocery,mobile_app,0,0.0,ALLOW,1
2023-11-14 21:21:13,472.62,electronics,atm,0,0.0002,ALLOW,1
2023-11-14 21:28:31,1676.96,jewelry,atm,0,1e-04,ALLOW,1
2023-11-14 21:32:24,2033.06,restaurant,atm,0,1e-04,ALLOW,1
2023-11-14 21:36:28,1403.82,online_gaming,mobile_app,0,0.0,ALLOW,1
2023-11-14 21:57:58,1433.67,restaurant,in_store,0,0.0002,ALLOW,1
2023-11-14 22:06:34,5127.95,restaurant,in_store,0,0.0169,ALLOW,1
2023-11-14 22:08:29,2573.4,jewelry,in_store,0,1e-04,ALLOW,1
2023-11-14 22:59:10,362.69,pharmacy,online,0,1e-04,ALLOW,1
2023-11-14 23:37:43,698.24,pharmacy,in_store,0,0.0,ALLOW,1
2023-11-15 00:20:32,637.93,entertainment,mobile_app,0,0.0002,ALLOW,1
2023-11-15 00:22:47,950.18,entertainment,online,0,1e-04,ALLOW,1
2023-11-15 00:24:54,213.56,clothing,atm,0,0.0003,ALLOW,1
2023-11-15 00:46:23,289.23,entertainment,online,0,0.0002,ALLOW,1
2023-11-15 00:53:38,3280.55,restaurant,atm,0,0.0249,ALLOW,1
2023-11-15 01:07:23,1541.74,travel,atm,0,0.0,ALLOW,1
2023-11-15 01:09:58,3258.71,grocery,mobile_app,0,1e-04,ALLOW,1
2023-11-15 01:20:47,12.32,pharmacy,in_store,0,1e-04,ALLOW,1
2023-11-15 01:25:54,116.7,fuel,mobile_app,0,0.0007,ALLOW,1
2023-11-15 01:28:05,313.1,online_gaming,in_store,0,1e-04,ALLOW,1
2023-11-15 01:40:05,6041.2,travel,mobile_app,1,0.9917,REVIEW,1
2023-11-15 01:48:17,5209.75,online_gaming,in_store,0,0.0017,ALLOW,1
2023-11-15 01:51:29,503.48,entertainment,online,0,0.0059,ALLOW,1
2023-11-15 02:03:04,1124.53,fuel,in_store,0,0.0007,ALLOW,1
2023-11-15 02:05:03,287.27,jewelry,atm,0,0.0007,ALLOW,1
2023-11-15 02:06:39,285.16,travel,atm,0,0.0012,ALLOW,1
2023-11-15 02:12:11,526.33,grocery,atm,0,0.0,ALLOW,1
2023-11-15 02:23:08,1056.31,online_gaming,atm,0,1e-04,ALLOW,1
2023-11-15 02:24:48,1433.24,pharmacy,in_store,0,0.0019,ALLOW,1
2023-11-15 02:33:03,105.06,restaurant,atm,0,0.0005,ALLOW,1
2023-11-15 03:07:35,3263.89,jewelry,in_store,0,0.0006,ALLOW,1
2023-11-15 03:07:55,315.01,fuel,atm,0,0.0043,ALLOW,1
2023-11-15 03:20:24,1008.28,grocery,in_store,0,1e-04,ALLOW,1
2023-11-15 03:33:21,258.92,online_gaming,online,0,0.0102,ALLOW,1
2023-11-15 03:37:42,4476.59,restaurant,atm,0,0.0,ALLOW,1
2023-11-15 03:56:53,2253.12,restaurant,in_store,0,0.0004,ALLOW,1
2023-11-15 04:40:20,1202.16,grocery,mobile_app,0,0.0,ALLOW,1
2023-11-15 05:07:10,1123.04,restaurant,atm,0,1e-04,ALLOW,1
2023-11-15 05:07:37,3979.52,pharmacy,atm,0,0.0004,ALLOW,1
2023-11-15 05:08:56,1771.87,restaurant,mobile_app,0,0.0002,ALLOW,1
2023-11-15 05:21:13,906.3,clothing,online,0,0.0002,ALLOW,1
2023-11-15 05:21:40,327.29,grocery,online,0,1e-04,ALLOW,1
2023-11-15 05:40:03,117.17,online_gaming,in_store,0,0.0002,ALLOW,1
2023-11-15 05:44:30,482.42,jewelry,in_store,0,0.0002,ALLOW,1
2023-11-15 05:51:28,1908.28,clothing,online,0,0.0007,ALLOW,1
2023-11-15 05:55:18,3222.65,jewelry,atm,0,0.0002,ALLOW,1
2023-11-15 06:03:28,13249.1,online_gaming,mobile_app,1,0.9951,REVIEW,1
2023-11-15 06:20:47,405.91,entertainment,in_store,0,0.0214,ALLOW,1
2023-11-15 06:25:30,5541.75,jewelry,mobile_app,1,0.9998,REVIEW,1
2023-11-15 07:07:20,913.23,entertainment,online,0,0.0006,ALLOW,1
2023-11-15 07:19:06,122.25,restaurant,in_store,0,0.0005,ALLOW,1
2023-11-15 07:26:07,1693.26,electronics,atm,0,0.0,ALLOW,1
2023-11-15 07:28:37,912.45,grocery,online,0,0.0002,ALLOW,1
2023-11-15 07:31:40,1227.56,entertainment,mobile_app,0,1e-04,ALLOW,1
2023-11-15 07:41:18,1005.86,entertainment,online,0,1e-04,ALLOW,1
2023-11-15 07:48:38,1251.05,travel,mobile_app,0,0.0008,ALLOW,1
2023-11-15 08:03:50,368.92,electronics,in_store,0,1e-04,ALLOW,1
2023-11-15 08:06:24,331.97,pharmacy,atm,0,0.0007,ALLOW,1
2023-11-15 08:13:11,5004.16,travel,atm,0,0.0004,ALLOW,1
2023-11-15 08:23:08,2316.0,clothing,online,0,0.0005,ALLOW,1
2023-11-15 08:30:44,2279.12,pharmacy,mobile_app,0,1e-04,ALLOW,1
2023-11-15 08:37:10,312.12,entertainment,in_store,0,0.001,ALLOW,1
2023-11-15 08:38:27,1147.34,entertainment,mobile_app,0,0.0003,ALLOW,1
2023-11-15 08:38:57,191.27,electronics,mobile_app,0,0.0005,ALLOW,1
2023-11-15 08:50:48,994.64,online_gaming,online,0,0.0002,ALLOW,1
2023-11-15 08:51:19,4700.69,travel,online,0,0.0002,ALLOW,1
2023-11-15 08:52:05,1425.36,pharmacy,in_store,0,0.0008,ALLOW,1
2023-11-15 08:55:36,4253.98,online_gaming,atm,0,0.0007,ALLOW,1
2023-11-15 08:55:55,383.38,clothing,mobile_app,0,0.0,ALLOW,1
2023-11-15 09:09:10,490.57,restaurant,online,0,0.0003,ALLOW,1
2023-11-15 09:16:24,884.91,entertainment,atm,0,0.0,ALLOW,1
2023-11-15 09:46:58,1195.35,electronics,atm,0,0.0005,ALLOW,1
2023-11-15 10:01:15,2814.36,online_gaming,online,0,0.0,ALLOW,1
2023-11-15 10:24:55,2397.09,jewelry,online,0,0.0009,ALLOW,1
2023-11-15 10:53:29,1250.05,fuel,mobile_app,0,0.0003,ALLOW,1
2023-11-15 11:07:49,4517.16,jewelry,mobile_app,0,0.001,ALLOW,1
2023-11-15 11:08:21,282.83,entertainment,mobile_app,0,0.0018,ALLOW,1
2023-11-15 11:14:49,3675.24,online_gaming,online,0,0.0026,ALLOW,1
2023-11-15 11:27:09,687.37,clothing,online,0,1e-04,ALLOW,1
2023-11-15 11:40:36,1761.23,pharmacy,atm,0,0.0009,ALLOW,1
2023-11-15 11:44:41,265.81,restaurant,atm,0,0.0005,ALLOW,1
2023-11-15 11:46:47,3687.92,jewelry,mobile_app,0,0.0003,ALLOW,1
2023-11-15 11:50:24,1324.14,fuel,atm,0,1e-04,ALLOW,1
2023-11-15 11:54:56,261.01,electronics,atm,0,1e-04,ALLOW,1
2023-11-15 12:05:25,338.83,jewelry,mobile_app,0,0.0007,ALLOW,1
2023-11-15 12:07:12,431.21,restaurant,in_store,0,0.0,ALLOW,1
2023-11-15 12:45:33,1484.99,fuel,mobile_app,0,0.0,ALLOW,1
2023-11-15 13:00:05,1012.41,online_gaming,online,0,0.0,ALLOW,1
2023-11-15 13:24:19,2791.69,grocery,mobile_app,0,1e-04,ALLOW,1
2023-11-15 13:24:48,2839.46,clothing,mobile_app,0,0.001,ALLOW,1
2023-11-15 13:45:05,2744.28,travel,in_store,0,1e-04,ALLOW,1
2023-11-15 14:02:18,1337.94,travel,mobile_app,0,0.0,ALLOW,1
2023-11-15 14:10:27,1065.53,travel,mobile_app,0,0.0,ALLOW,1
2023-11-15 14:52:21,1743.03,entertainment,atm,0,0.0,ALLOW,1
2023-11-15 14:55:40,476.82,pharmacy,atm,0,1e-04,ALLOW,1
2023-11-15 14:56:38,4944.24,jewelry,atm,0,0.0006,ALLOW,1
2023-11-15 15:14:23,1588.9,restaurant,online,0,1e-04,ALLOW,1
2023-11-15 15:16:50,3961.27,jewelry,mobile_app,0,0.0003,ALLOW,1
2023-11-15 15:29:41,274.67,online_gaming,in_store,0,0.0007,ALLOW,1
2023-11-15 15:42:38,3213.91,online_gaming,mobile_app,0,0.0,ALLOW,1
2023-11-15 15:46:30,442.54,electronics,atm,0,0.0,ALLOW,1
2023-11-15 16:05:00,479.37,clothing,mobile_app,0,0.001,ALLOW,1
2023-11-15 16:31:51,6172.89,grocery,atm,0,0.0003,ALLOW,1
2023-11-15 16:39:36,1633.42,pharmacy,online,0,0.0028,ALLOW,1
2023-11-15 16:52:37,1108.64,entertainment,atm,0,1e-04,ALLOW,1
2023-11-15 17:09:05,44.14,restaurant,atm,0,1e-04,ALLOW,1
2023-11-15 17:16:16,225.2,travel,online,0,0.0005,ALLOW,1
2023-11-15 17:25:51,10270.72,online_gaming,in_store,0,0.006,ALLOW,1
2023-11-15 17:42:55,328.11,pharmacy,atm,0,1e-04,ALLOW,1
2023-11-15 17:52:48,1391.97,electronics,atm,0,0.0,ALLOW,1
2023-11-15 18:00:53,1364.93,travel,mobile_app,0,0.0,ALLOW,1
2023-11-15 18:04:55,6569.35,online_gaming,mobile_app,1,1.0,REVIEW,1
2023-11-15 18:45:36,954.33,restaurant,atm,0,0.0023,ALLOW,1
2023-11-15 18:55:30,746.78,clothing,in_store,0,1e-04,ALLOW,1
2023-11-15 19:11:24,2140.46,jewelry,in_store,0,0.0,ALLOW,1
2023-11-15 19:18:25,1006.13,online_gaming,atm,0,0.0002,ALLOW,1
2023-11-15 19:38:48,2206.25,electronics,online,0,0.0,ALLOW,1
2023-11-15 19:55:37,1306.66,electronics,atm,0,1e-04,ALLOW,1
2023-11-15 19:57:01,261.79,electronics,atm,0,1e-04,ALLOW,1
2023-11-15 20:14:42,2913.78,clothing,mobile_app,0,0.0005,ALLOW,1
2023-11-15 20:17:40,2570.06,online_gaming,mobile_app,0,0.0,ALLOW,1
2023-11-15 20:30:35,606.72,clothing,mobile_app,0,1e-04,ALLOW,1
2023-11-15 20:31:44,320.54,online_gaming,atm,0,1e-04,ALLOW,1
2023-11-15 20:45:01,531.7,grocery,online,0,0.0002,ALLOW,1
2023-11-15 20:51:47,2370.36,clothing,online,1,0.9996,REVIEW,1
2023-11-15 20:55:22,1042.13,entertainment,atm,0,0.0072,ALLOW,1
2023-11-15 20:55:46,547.88,restaurant,in_store,0,0.0,ALLOW,1
2023-11-15 20:57:08,10.0,travel,online,0,0.0,ALLOW,1
2023-11-15 20:58:01,1057.76,pharmacy,mobile_app,0,0.0013,ALLOW,1
2023-11-15 21:09:50,5157.06,jewelry,mobile_app,0,1e-04,ALLOW,1
2023-11-15 21:12:06,4541.28,clothing,in_store,0,0.0002,ALLOW,1
2023-11-15 21:18:46,6607.57,clothing,atm,0,0.0,ALLOW,1
2023-11-15 21:29:19,942.03,fuel,online,0,0.0004,ALLOW,1
2023-11-15 21:35:35,136.93,jewelry,in_store,0,0.0002,ALLOW,1
2023-11-15 21:42:02,1141.07,online_gaming,in_store,0,0.0003,ALLOW,1
2023-11-15 21:57:45,2868.29,fuel,in_store,0,0.0011,ALLOW,1
2023-11-15 21:59:05,913.12,grocery,in_store,0,0.0003,ALLOW,1
2023-11-15 22:03:31,132.97,restaurant,atm,0,0.0025,ALLOW,1
2023-11-15 22:09:03,2874.44,grocery,online,0,0.0002,ALLOW,1
2023-11-15 22:41:12,2382.18,online_gaming,atm,0,0.0009,ALLOW,1
2023-11-15 22:46:31,3246.87,online_gaming,atm,0,0.0004,ALLOW,1
2023-11-15 22:56:32,33.79,jewelry,online,0,1e-04,ALLOW,1
2023-11-15 23:12:59,1011.09,electronics,online,0,0.0006,ALLOW,1
2023-11-15 23:24:43,165.21,fuel,atm,0,1e-04,ALLOW,1
2023-11-15 23:33:26,865.92,pharmacy,mobile_app,0,0.0002,ALLOW,1
2023-11-15 23:43:33,856.58,electronics,atm,0,1e-04,ALLOW,1
2023-11-15 23:47:06,4618.73,pharmacy,mobile_app,0,0.0004,ALLOW,1
2023-11-15 23:50:15,1948.44,electronics,atm,0,1e-04,ALLOW,1
2023-11-16 00:00:54,2301.31,entertainment,online,0,0.0,ALLOW,1
2023-11-16 00:19:48,157.8,restaurant,atm,0,0.0007,ALLOW,1
2023-11-16 00:38:22,3158.95,electronics,in_store,0,1e-04,ALLOW,1
2023-11-16 00:54:49,1233.96,grocery,in_store,0,1e-04,ALLOW,1
2023-11-16 01:03:25,63.29,online_gaming,online,0,0.0005,ALLOW,1
2023-11-16 01:17:24,999.06,travel,online,0,0.0085,ALLOW,1
2023-11-16 01:22:20,5329.0,restaurant,online,0,0.0,ALLOW,1
2023-11-16 01:29:36,810.52,electronics,mobile_app,0,0.0023,ALLOW,1
2023-11-16 01:37:18,216.55,travel,in_store,0,0.0002,ALLOW,1
2023-11-16 01:39:47,1909.13,entertainment,in_store,0,0.0004,ALLOW,1
2023-11-16 01:45:27,1088.83,jewelry,mobile_app,0,0.0002,ALLOW,1
2023-11-16 02:05:04,278.32,fuel,in_store,0,1e-04,ALLOW,1
2023-11-16 02:06:25,579.16,pharmacy,atm,0,1e-04,ALLOW,1
2023-11-16 02:19:10,937.06,entertainment,atm,0,0.003,ALLOW,1
2023-11-16 02:46:09,1192.69,restaurant,mobile_app,0,1e-04,ALLOW,1
2023-11-16 02:49:39,465.47,entertainment,atm,0,1e-04,ALLOW,1
2023-11-16 02:59:54,1738.07,electronics,in_store,0,0.0,ALLOW,1
2023-11-16 03:10:07,693.47,restaurant,in_store,0,0.0005,ALLOW,1
2023-11-16 03:16:21,2358.73,clothing,atm,0,0.0,ALLOW,1
2023-11-16 03:49:32,3693.34,clothing,in_store,0,0.0003,ALLOW,1
2023-11-16 03:57:08,39.73,travel,online,0,0.0004,ALLOW,1
2023-11-16 04:05:11,13.53,grocery,atm,0,1e-04,ALLOW,1
2023-11-16 04:05:43,164.86,clothing,mobile_app,0,0.0011,ALLOW,1
2023-11-16 04:14:12,4654.18,online_gaming,mobile_app,0,0.0019,ALLOW,1
2023-11-16 04:23:43,1399.3,restaurant,mobile_app,0,1e-04,ALLOW,1
2023-11-16 04:23:44,999.07,restaurant,mobile_app,0,0.0018,ALLOW,1
2023-11-16 04:35:31,1077.28,electronics,online,0,0.0,ALLOW,1
2023-11-16 04:38:35,10951.17,travel,online,0,0.0,ALLOW,1
2023-11-16 04:38:54,662.37,clothing,atm,0,0.0013,ALLOW,1
2023-11-16 04:45:19,90.33,pharmacy,online,0,0.0039,ALLOW,1
2023-11-16 04:47:47,242.01,entertainment,mobile_app,0,0.0,ALLOW,1
2023-11-16 05:10:00,7559.53,grocery,mobile_app,0,1e-04,ALLOW,1
2023-11-16 05:44:40,10.0,pharmacy,in_store,0,1e-04,ALLOW,1
2023-11-16 05:46:19,1433.44,online_gaming,in_store,0,0.0,ALLOW,1
2023-11-16 06:01:50,1774.1,restaurant,mobile_app,0,1e-04,ALLOW,1
2023-11-16 06:26:13,214.58,clothing,atm,0,0.0002,ALLOW,1
2023-11-16 06:31:25,2165.18,clothing,mobile_app,0,0.0253,ALLOW,1
2023-11-16 06:33:18,1563.39,electronics,online,0,0.0002,ALLOW,1
2023-11-16 06:38:32,1408.89,travel,online,0,0.0,ALLOW,1
2023-11-16 06:42:34,192.8,entertainment,online,0,0.0002,ALLOW,1
2023-11-16 06:43:32,948.2,fuel,online,0,0.0004,ALLOW,1
2023-11-16 06:48:46,6136.17,online_gaming,mobile_app,0,0.0002,ALLOW,1
2023-11-16 07:07:28,47.14,electronics,atm,0,0.0002,ALLOW,1
2023-11-16 07:12:09,897.24,clothing,mobile_app,0,0.0002,ALLOW,1
2023-11-16 07:16:24,286.35,jewelry,atm,0,0.0002,ALLOW,1
2023-11-16 07:30:31,350.92,travel,online,0,0.0002,ALLOW,1
2023-11-16 07:50:42,5312.72,entertainment,online,0,0.005,ALLOW,1
2023-11-16 08:00:18,2122.26,jewelry,in_store,0,0.0,ALLOW,1
2023-11-16 08:01:51,9043.45,electronics,in_store,0,0.0004,ALLOW,1
2023-11-16 08:22:28,57.38,electronics,atm,0,0.0002,ALLOW,1
2023-11-16 08:31:20,3108.26,travel,atm,0,1e-04,ALLOW,1
2023-11-16 08:36:51,1594.37,restaurant,online,0,0.0006,ALLOW,1
2023-11-16 08:39:21,157.58,clothing,mobile_app,0,0.0006,ALLOW,1
2023-11-16 08:39:46,814.15,jewelry,mobile_app,0,0.0011,ALLOW,1
2023-11-16 09:13:01,123.33,clothing,online,0,0.0002,ALLOW,1
2023-11-16 09:23:54,1210.4,electronics,atm,0,0.0002,ALLOW,1
2023-11-16 09:45:06,1930.64,pharmacy,online,0,0.0008,ALLOW,1
2023-11-16 10:13:32,2049.51,travel,in_store,0,0.0002,ALLOW,1
2023-11-16 10:27:09,657.62,entertainment,in_store,0,0.0,ALLOW,1
2023-11-16 10:43:56,1524.45,grocery,online,0,0.001,ALLOW,1
2023-11-16 11:03:53,685.52,travel,in_store,0,1e-04,ALLOW,1
2023-11-16 11:11:28,87.25,fuel,in_store,0,0.001,ALLOW,1
2023-11-16 11:15:17,780.76,grocery,atm,0,0.0131,ALLOW,1
2023-11-16 11:19:53,332.56,fuel,online,0,0.0003,ALLOW,1
2023-11-16 11:28:42,803.25,entertainment,in_store,0,1e-04,ALLOW,1
2023-11-16 11:51:09,191.44,grocery,in_store,0,0.0002,ALLOW,1
2023-11-16 11:52:03,1352.85,entertainment,online,0,0.0,ALLOW,1
2023-11-16 11:54:18,1296.53,jewelry,online,0,1e-04,ALLOW,1
2023-11-16 12:32:13,3429.25,pharmacy,in_store,0,0.0004,ALLOW,1
2023-11-16 12:39:36,100.66,travel,mobile_app,0,0.0002,ALLOW,1
2023-11-16 12:41:52,317.61,travel,mobile_app,0,0.0027,ALLOW,1
2023-11-16 13:05:42,822.44,grocery,atm,0,1e-04,ALLOW,1
2023-11-16 13:08:01,101.14,electronics,atm,0,1e-04,ALLOW,1
2023-11-16 13:34:44,1478.93,entertainment,atm,0,1e-04,ALLOW,1
2023-11-16 13:52:53,2600.22,travel,mobile_app,0,1e-04,ALLOW,1
2023-11-16 13:53:30,1116.36,pharmacy,atm,0,0.0,ALLOW,1
2023-11-16 13:58:33,168.96,entertainment,online,0,0.0003,ALLOW,1
2023-11-16 14:02:44,818.22,travel,mobile_app,0,1e-04,ALLOW,1
2023-11-16 14:59:48,273.09,fuel,mobile_app,0,1e-04,ALLOW,1
2023-11-16 15:02:05,4987.54,travel,mobile_app,0,0.0142,ALLOW,1
2023-11-16 15:07:02,350.15,entertainment,atm,0,0.0002,ALLOW,1
2023-11-16 15:16:21,306.58,pharmacy,in_store,0,1e-04,ALLOW,1
2023-11-16 15:20:11,306.81,fuel,mobile_app,0,0.0,ALLOW,1
2023-11-16 15:29:09,493.85,travel,atm,0,0.0003,ALLOW,1
2023-11-16 15:42:19,1765.53,travel,mobile_app,0,0.0,ALLOW,1
2023-11-16 16:11:23,2321.38,travel,in_store,0,0.0,ALLOW,1
2023-11-16 16:23:30,960.85,jewelry,atm,0,0.0019,ALLOW,1
2023-11-16 16:36:51,556.77,grocery,mobile_app,0,0.0,ALLOW,1
2023-11-16 16:38:38,84.61,online_gaming,atm,0,1e-04,ALLOW,1
2023-11-16 16:40:01,423.46,fuel,in_store,0,0.0002,ALLOW,1
2023-11-16 16:51:38,1072.96,pharmacy,atm,0,0.0027,ALLOW,1
2023-11-16 16:51:58,1681.6,grocery,in_store,0,1e-04,ALLOW,1
2023-11-16 16:54:06,2010.46,restaurant,in_store,0,0.0003,ALLOW,1
2023-11-16 16:59:07,152.35,entertainment,in_store,0,0.0005,ALLOW,1
2023-11-16 17:04:36,1075.7,travel,online,0,0.0002,ALLOW,1
2023-11-16 17:15:07,2983.92,jewelry,online,0,0.0,ALLOW,1
2023-11-16 17:19:17,3335.0,jewelry,mobile_app,0,0.0002,ALLOW,1
2023-11-16 17:33:51,2559.91,clothing,atm,0,0.0002,ALLOW,1
2023-11-16 17:38:11,1120.27,restaurant,mobile_app,0,0.0003,ALLOW,1
2023-11-16 17:59:48,626.3,electronics,online,0,0.001,ALLOW,1
2023-11-16 18:00:19,162.11,clothing,atm,0,0.0006,ALLOW,1
2023-11-16 18:04:00,181.22,clothing,online,0,0.0006,ALLOW,1
2023-11-16 18:13:26,87.41,clothing,atm,0,1e-04,ALLOW,1
2023-11-16 18:41:59,191.93,pharmacy,in_store,0,1e-04,ALLOW,1
2023-11-16 18:49:22,357.71,restaurant,atm,0,1e-04,ALLOW,1
2023-11-16 19:26:57,2005.22,entertainment,in_store,0,0.0002,ALLOW,1
2023-11-16 19:28:22,5097.07,entertainment,atm,0,0.0005,ALLOW,1
2023-11-16 19:29:42,305.0,travel,in_store,0,1e-04,ALLOW,1
2023-11-16 19:32:59,3574.64,entertainment,in_store,0,0.0,ALLOW,1
2023-11-16 19:33:49,2157.65,restaurant,mobile_app,0,1e-04,ALLOW,1
2023-11-16 19:36:37,1168.3,clothing,in_store,0,0.0009,ALLOW,1
2023-11-16 19:40:54,849.02,travel,mobile_app,0,0.0013,ALLOW,1
2023-11-16 19:43:14,533.35,fuel,online,0,0.0,ALLOW,1
2023-11-16 20:24:48,2974.72,electronics,in_store,0,0.0002,ALLOW,1
2023-11-16 20:26:16,364.81,fuel,in_store,0,1e-04,ALLOW,1
2023-11-16 20:38:35,279.94,clothing,atm,0,0.0002,ALLOW,1
2023-11-16 20:40:30,1844.54,restaurant,atm,0,0.0038,ALLOW,1
2023-11-16 20:48:50,969.99,jewelry,in_store,0,0.0003,ALLOW,1
2023-11-16 20:54:12,557.91,entertainment,atm,0,0.0002,ALLOW,1
2023-11-16 21:00:24,447.14,electronics,in_store,0,0.0,ALLOW,1
2023-11-16 21:08:24,159.81,clothing,online,0,0.0005,ALLOW,1
2023-11-16 21:13:52,941.91,travel,atm,0,1e-04,ALLOW,1
2023-11-16 21:17:07,1244.46,entertainment,atm,0,1e-04,ALLOW,1
2023-11-16 21:33:26,274.1,grocery,in_store,0,0.0023,ALLOW,1
2023-11-16 22:05:28,434.11,fuel,mobile_app,0,0.0053,ALLOW,1
2023-11-16 22:13:12,5566.02,electronics,atm,0,0.0007,ALLOW,1
2023-11-16 22:21:30,33.07,entertainment,online,0,1e-04,ALLOW,1
2023-11-16 22:29:25,1151.33,jewelry,in_store,0,0.0,ALLOW,1
2023-11-16 23:01:07,1885.39,clothing,online,0,0.0,ALLOW,1
2023-11-16 23:17:30,781.5,grocery,atm,0,0.0002,ALLOW,1
2023-11-16 23:21:34,1346.42,grocery,mobile_app,0,0.0,ALLOW,1
2023-11-16 23:23:59,387.08,electronics,atm,0,0.0137,ALLOW,1
2023-11-16 23:46:44,526.64,electronics,in_store,0,0.0002,ALLOW,1
2023-11-16 23:49:22,2038.71,pharmacy,mobile_app,0,1e-04,ALLOW,1
2023-11-16 23:51:44,979.38,pharmacy,online,0,0.0007,ALLOW,1
2023-11-16 23:57:25,2150.17,entertainment,atm,0,0.0002,ALLOW,1
2023-11-17 00:25:49,331.13,pharmacy,mobile_app,0,1e-04,ALLOW,1
2023-11-17 00:29:39,88.05,entertainment,online,0,0.0,ALLOW,1
2023-11-17 00:41:43,2959.85,restaurant,in_store,0,0.0006,ALLOW,1
2023-11-17 00:42:46,244.65,jewelry,online,0,1e-04,ALLOW,1
2023-11-17 01:03:55,3822.52,clothing,atm,0,0.0,ALLOW,1
2023-11-17 01:07:47,13.66,entertainment,mobile_app,0,1e-04,ALLOW,1
2023-11-17 01:11:33,3917.05,grocery,online,0,0.0004,ALLOW,1
2023-11-17 01:14:48,627.7,jewelry,mobile_app,0,0.0006,ALLOW,1
2023-11-17 01:19:58,2430.78,pharmacy,online,0,0.0004,ALLOW,1
2023-11-17 01:38:12,299.71,restaurant,atm,0,0.0006,ALLOW,1
2023-11-17 01:40:01,589.6,electronics,atm,0,0.0012,ALLOW,1
2023-11-17 01:43:37,1184.52,online_gaming,mobile_app,0,0.0004,ALLOW,1
2023-11-17 02:07:12,221.23,travel,in_store,0,1e-04,ALLOW,1
2023-11-17 02:16:44,876.46,jewelry,mobile_app,0,1e-04,ALLOW,1
2023-11-17 02:19:54,1798.99,entertainment,mobile_app,0,1e-04,ALLOW,1
2023-11-17 02:34:35,1839.82,clothing,online,0,0.0003,ALLOW,1
2023-11-17 02:36:08,31.06,fuel,online,0,1e-04,ALLOW,1
2023-11-17 02:44:02,269.0,jewelry,in_store,0,0.0003,ALLOW,1
2023-11-17 02:44:28,846.12,clothing,in_store,0,1e-04,ALLOW,1
2023-11-17 03:02:54,1242.23,fuel,in_store,0,0.0005,ALLOW,1
2023-11-17 03:05:58,228.15,electronics,atm,0,0.0006,ALLOW,1
2023-11-17 03:11:28,112.37,entertainment,online,0,0.0002,ALLOW,1
2023-11-17 03:22:20,1731.0,grocery,atm,0,1e-04,ALLOW,1
2023-11-17 03:34:44,251.1,travel,mobile_app,0,0.0003,ALLOW,1
2023-11-17 03:50:51,1953.84,pharmacy,atm,0,1e-04,ALLOW,1
2023-11-17 04:00:24,2889.3,entertainment,mobile_app,0,1e-04,ALLOW,1
2023-11-17 04:02:41,258.26,clothing,mobile_app,0,0.0004,ALLOW,1
2023-11-17 04:17:18,548.79,fuel,atm,0,0.0,ALLOW,1
2023-11-17 04:20:48,4416.94,restaurant,online,1,0.9999,REVIEW,1
2023-11-17 04:21:10,4830.43,pharmacy,in_store,0,1e-04,ALLOW,1
2023-11-17 04:40:15,2977.71,jewelry,online,0,0.0002,ALLOW,1
2023-11-17 04:53:49,551.45,entertainment,atm,0,0.003,ALLOW,1
2023-11-17 04:58:33,5502.15,travel,atm,1,0.9999,REVIEW,1
2023-11-17 05:13:53,314.69,online_gaming,atm,0,0.0002,ALLOW,1
2023-11-17 05:15:11,4487.28,travel,atm,0,1e-04,ALLOW,1
2023-11-17 05:15:21,1178.42,travel,online,1,0.9977,REVIEW,1
2023-11-17 05:16:49,278.16,travel,atm,0,0.0,ALLOW,1
2023-11-17 05:23:57,2646.8,clothing,atm,0,0.0007,ALLOW,1
2023-11-17 05:32:05,353.1,electronics,in_store,0,1e-04,ALLOW,1
2023-11-17 05:48:47,164.04,fuel,atm,0,1e-04,ALLOW,1
2023-11-17 05:57:17,603.66,restaurant,mobile_app,0,0.0,ALLOW,1
2023-11-17 05:58:25,1089.72,fuel,mobile_app,0,0.0032,ALLOW,1
2023-11-17 06:21:21,16021.19,travel,atm,1,0.9981,REVIEW,1
2023-11-17 06:24:26,961.26,clothing,in_store,0,0.001,ALLOW,1
2023-11-17 06:25:19,1705.43,jewelry,mobile_app,0,0.0002,ALLOW,1
2023-11-17 06:31:31,1442.81,travel,in_store,0,0.0002,ALLOW,1
2023-11-17 06:31:40,135.28,travel,atm,0,1e-04,ALLOW,1
2023-11-17 06:37:39,175.48,fuel,atm,0,1e-04,ALLOW,1
2023-11-17 06:58:05,1144.95,clothing,online,0,0.0006,ALLOW,1
2023-11-17 07:06:19,1844.06,entertainment,mobile_app,0,1e-04,ALLOW,1
2023-11-17 07:26:37,463.64,clothing,mobile_app,0,0.0137,ALLOW,1
2023-11-17 07:26:40,605.39,online_gaming,in_store,0,1e-04,ALLOW,1
2023-11-17 07:36:42,2697.36,restaurant,atm,0,0.0095,ALLOW,1
2023-11-17 07:38:27,1332.57,electronics,atm,0,0.0,ALLOW,1
2023-11-17 07:53:50,1467.26,pharmacy,mobile_app,0,1e-04,ALLOW,1
2023-11-17 07:56:08,120.36,electronics,online,0,1e-04,ALLOW,1
2023-11-17 08:01:28,1250.12,pharmacy,atm,0,0.0002,ALLOW,1
2023-11-17 08:03:38,1306.11,jewelry,mobile_app,0,0.0,ALLOW,1
2023-11-17 08:06:42,362.59,restaurant,atm,0,0.0005,ALLOW,1
2023-11-17 08:11:39,1255.72,travel,atm,0,1e-04,ALLOW,1
2023-11-17 08:37:29,155.69,clothing,atm,0,0.0005,ALLOW,1
2023-11-17 08:46:21,3806.91,electronics,mobile_app,0,0.0278,ALLOW,1
2023-11-17 09:07:11,1748.85,online_gaming,in_store,0,1e-04,ALLOW,1
2023-11-17 09:07:21,478.0,restaurant,online,0,1e-04,ALLOW,1
2023-11-17 09:07:25,1310.62,electronics,mobile_app,0,0.0,ALLOW,1
2023-11-17 09:09:14,861.06,fuel,atm,0,0.0006,ALLOW,1
2023-11-17 09:23:19,1123.74,clothing,in_store,0,1e-04,ALLOW,1
2023-11-17 09:25:24,3478.06,entertainment,mobile_app,0,1e-04,ALLOW,1
2023-11-17 09:39:08,1342.94,entertainment,atm,0,0.0003,ALLOW,1
2023-11-17 09:51:20,2651.48,online_gaming,in_store,0,1e-04,ALLOW,1
2023-11-17 09:52:50,4928.14,entertainment,online,0,0.0,ALLOW,1
2023-11-17 09:57:27,177.07,online_gaming,in_store,0,1e-04,ALLOW,1
2023-11-17 10:59:24,1186.87,online_gaming,online,0,0.0002,ALLOW,1
2023-11-17 11:10:41,1487.27,entertainment,mobile_app,0,0.0,ALLOW,1
2023-11-17 11:24:05,1422.8,restaurant,online,0,0.0,ALLOW,1
2023-11-17 11:24:30,2818.86,entertainment,mobile_app,0,1e-04,ALLOW,1
2023-11-17 11:41:10,804.83,clothing,mobile_app,0,0.0,ALLOW,1
2023-11-17 11:41:34,5737.88,entertainment,online,0,0.002,ALLOW,1
2023-11-17 12:04:46,159.86,jewelry,mobile_app,0,0.0005,ALLOW,1
2023-11-17 12:08:36,581.75,clothing,mobile_app,0,0.006,ALLOW,1
2023-11-17 12:20:16,2293.09,clothing,atm,0,0.0,ALLOW,1
2023-11-17 12:45:28,7225.83,fuel,in_store,0,1e-04,ALLOW,1
2023-11-17 13:06:22,1168.2,pharmacy,in_store,0,1e-04,ALLOW,1
2023-11-17 13:16:46,25.37,fuel,in_store,0,1e-04,ALLOW,1
2023-11-17 13:19:13,666.29,clothing,atm,0,0.0009,ALLOW,1
2023-11-17 13:24:34,356.35,grocery,online,0,0.0002,ALLOW,1
2023-11-17 13:25:32,4686.9,online_gaming,mobile_app,0,0.0002,ALLOW,1
2023-11-17 13:26:04,2494.95,entertainment,atm,0,0.0,ALLOW,1
2023-11-17 13:30:45,1053.49,grocery,online,0,1e-04,ALLOW,1
2023-11-17 13:31:17,1863.08,entertainment,mobile_app,0,0.0,ALLOW,1
2023-11-17 13:32:08,1254.18,grocery,in_store,0,0.0,ALLOW,1
2023-11-17 13:34:51,735.61,online_gaming,mobile_app,0,0.0003,ALLOW,1
2023-11-17 13:50:54,3640.95,pharmacy,in_store,0,0.0004,ALLOW,1
2023-11-17 14:06:42,159.31,grocery,mobile_app,0,0.0003,ALLOW,1
2023-11-17 14:10:46,253.01,online_gaming,atm,0,0.0002,ALLOW,1
2023-11-17 14:28:49,89.09,online_gaming,online,0,0.0003,ALLOW,1
2023-11-17 14:44:44,6768.26,travel,in_store,0,0.014,ALLOW,1
2023-11-17 14:51:24,1645.55,electronics,online,0,0.0,ALLOW,1
2023-11-17 14:53:39,295.57,electronics,mobile_app,0,0.0002,ALLOW,1
2023-11-17 15:04:13,139.0,restaurant,atm,0,0.0,ALLOW,1
2023-11-17 15:05:59,344.26,fuel,atm,0,0.0,ALLOW,1
2023-11-17 15:10:46,257.35,clothing,mobile_app,0,0.0005,ALLOW,1
2023-11-17 15:14:21,4201.54,jewelry,mobile_app,1,0.9346,REVIEW,1
2023-11-17 15:15:47,1193.88,electronics,atm,0,0.0,ALLOW,1
2023-11-17 15:50:21,1944.01,grocery,mobile_app,0,0.0,ALLOW,1
2023-11-17 15:51:56,1836.93,online_gaming,atm,0,1e-04,ALLOW,1
2023-11-17 15:55:46,1848.51,restaurant,mobile_app,0,1e-04,ALLOW,1
2023-11-17 15:59:40,1827.46,restaurant,in_store,0,1e-04,ALLOW,1
2023-11-17 16:01:39,1785.02,jewelry,atm,0,0.0009,ALLOW,1
2023-11-17 16:15:10,1390.17,entertainment,online,0,1e-04,ALLOW,1
2023-11-17 16:23:44,1606.2,travel,atm,0,1e-04,ALLOW,1
2023-11-17 16:26:15,40.19,electronics,in_store,0,0.0003,ALLOW,1
2023-11-17 16:26:41,990.07,online_gaming,in_store,0,1e-04,ALLOW,1
2023-11-17 16:50:01,1528.62,fuel,atm,0,1e-04,ALLOW,1
2023-11-17 17:50:00,579.32,travel,online,0,1e-04,ALLOW,1
2023-11-17 17:53:28,538.99,clothing,mobile_app,0,0.0004,ALLOW,1
2023-11-17 17:58:13,718.61,restaurant,in_store,0,0.0005,ALLOW,1
2023-11-17 18:04:04,332.6,entertainment,online,0,0.0,ALLOW,1
2023-11-17 18:07:03,1044.22,travel,mobile_app,0,0.0,ALLOW,1
2023-11-17 18:08:01,1050.12,jewelry,in_store,0,0.0009,ALLOW,1
2023-11-17 18:35:34,4207.44,online_gaming,mobile_app,0,0.0006,ALLOW,1
2023-11-17 18:37:05,760.84,grocery,online,0,0.002,ALLOW,1
2023-11-17 19:09:57,3483.42,entertainment,mobile_app,0,0.0,ALLOW,1
2023-11-17 19:11:01,1245.31,online_gaming,online,0,1e-04,ALLOW,1
2023-11-17 19:31:25,4206.72,grocery,atm,0,1e-04,ALLOW,1
2023-11-17 19:44:38,635.19,jewelry,online,0,0.0002,ALLOW,1
2023-11-17 19:46:05,36.65,restaurant,in_store,0,1e-04,ALLOW,1
2023-11-17 20:02:34,1710.41,fuel,mobile_app,0,1e-04,ALLOW,1
2023-11-17 20:02:39,547.09,grocery,in_store,0,1e-04,ALLOW,1
2023-11-17 20:22:04,33.7,pharmacy,mobile_app,0,0.0016,ALLOW,1
2023-11-17 20:29:00,1901.17,jewelry,in_store,0,0.0002,ALLOW,1
2023-11-17 20:41:52,1884.0,fuel,in_store,0,1e-04,ALLOW,1
2023-11-17 20:56:58,3772.22,fuel,in_store,0,0.0,ALLOW,1
2023-11-17 20:57:49,1984.44,clothing,in_store,0,1e-04,ALLOW,1
2023-11-17 21:13:49,2508.25,pharmacy,mobile_app,0,0.0003,ALLOW,1
2023-11-17 21:24:48,161.84,electronics,online,0,0.0004,ALLOW,1
2023-11-17 21:26:17,855.77,jewelry,mobile_app,0,0.0002,ALLOW,1
2023-11-17 21:48:00,331.29,clothing,atm,0,1e-04,ALLOW,1
2023-11-17 21:54:13,1132.07,clothing,online,0,0.0003,ALLOW,1
2023-11-17 21:59:17,293.73,restaurant,mobile_app,0,0.0008,ALLOW,1
2023-11-17 22:15:07,66.72,jewelry,mobile_app,0,0.0004,ALLOW,1
2023-11-17 22:36:24,1249.4,clothing,online,0,0.0003,ALLOW,1
2023-11-17 22:39:23,222.67,entertainment,mobile_app,0,0.0002,ALLOW,1
2023-11-17 22:42:20,459.55,jewelry,in_store,0,0.0028,ALLOW,1
2023-11-17 22:54:06,775.5,fuel,mobile_app,0,1e-04,ALLOW,1
2023-11-17 22:58:28,677.37,electronics,mobile_app,0,0.0,ALLOW,1
2023-11-17 23:06:38,756.04,online_gaming,atm,0,0.0002,ALLOW,1
2023-11-17 23:17:22,438.76,fuel,mobile_app,0,0.006,ALLOW,1
2023-11-17 23:48:18,4277.76,restaurant,online,0,0.0036,ALLOW,1
2023-11-17 23:52:49,302.72,grocery,atm,0,0.0004,ALLOW,1
2023-11-17 23:59:26,6710.03,pharmacy,in_store,0,0.0,ALLOW,1
2023-11-18 00:05:34,3210.74,entertainment,atm,0,0.0,ALLOW,1
2023-11-18 00:11:59,768.19,clothing,in_store,0,1e-04,ALLOW,1
2023-11-18 00:23:00,713.18,clothing,atm,0,0.0005,ALLOW,1
2023-11-18 00:26:33,583.72,pharmacy,mobile_app,0,0.0005,ALLOW,1
2023-11-18 00:43:28,1620.96,clothing,online,0,0.0,ALLOW,1
2023-11-18 00:53:03,344.14,pharmacy,in_store,0,0.0003,ALLOW,1
2023-11-18 00:56:39,522.69,pharmacy,atm,0,1e-04,ALLOW,1
2023-11-18 01:15:38,4595.8,fuel,atm,0,0.0,ALLOW,1
2023-11-18 01:19:18,1377.93,pharmacy,online,0,1e-04,ALLOW,1
2023-11-18 01:22:39,229.3,entertainment,in_store,0,0.0007,ALLOW,1
2023-11-18 01:32:29,253.75,online_gaming,online,0,0.0005,ALLOW,1
2023-11-18 01:58:44,389.05,restaurant,in_store,0,1e-04,ALLOW,1
2023-11-18 02:10:42,385.87,jewelry,mobile_app,0,0.0002,ALLOW,1
2023-11-18 02:13:36,1680.29,grocery,atm,0,0.0002,ALLOW,1
2023-11-18 02:30:35,213.24,restaurant,mobile_app,0,0.0012,ALLOW,1
2023-11-18 02:30:44,781.09,online_gaming,atm,0,0.0004,ALLOW,1
2023-11-18 02:31:04,812.34,jewelry,mobile_app,0,0.0002,ALLOW,1
2023-11-18 02:34:07,4816.98,pharmacy,mobile_app,0,1e-04,ALLOW,1
2023-11-18 02:51:21,4505.67,online_gaming,mobile_app,0,0.0,ALLOW,1
2023-11-18 03:11:40,437.21,pharmacy,atm,0,1e-04,ALLOW,1
2023-11-18 03:38:00,310.97,fuel,mobile_app,0,0.0002,ALLOW,1
2023-11-18 03:42:22,10.0,jewelry,in_store,0,0.0002,ALLOW,1
2023-11-18 03:47:47,1101.17,fuel,in_store,0,0.0002,ALLOW,1
2023-11-18 03:48:20,1169.54,fuel,online,0,1e-04,ALLOW,1
2023-11-18 03:56:00,1950.54,jewelry,mobile_app,0,0.0019,ALLOW,1
2023-11-18 03:59:43,1247.61,clothing,mobile_app,0,0.0003,ALLOW,1
2023-11-18 04:02:52,158.41,fuel,atm,0,1e-04,ALLOW,1
2023-11-18 04:09:26,20.77,electronics,online,0,0.0003,ALLOW,1
2023-11-18 04:17:07,822.41,fuel,in_store,0,0.0,ALLOW,1
2023-11-18 04:22:46,289.02,grocery,mobile_app,0,0.0014,ALLOW,1
2023-11-18 04:24:33,3982.31,restaurant,atm,0,0.0005,ALLOW,1
2023-11-18 04:34:29,980.36,jewelry,online,0,0.0021,ALLOW,1
2023-11-18 04:46:03,10.0,online_gaming,atm,0,1e-04,ALLOW,1
2023-11-18 05:00:51,2462.41,fuel,in_store,0,0.0002,ALLOW,1
2023-11-18 05:10:39,1776.74,travel,online,0,0.0013,ALLOW,1
2023-11-18 05:13:21,893.29,jewelry,mobile_app,0,0.0003,ALLOW,1
2023-11-18 05:14:30,1056.58,online_gaming,online,0,0.0003,ALLOW,1
2023-11-18 05:16:58,232.29,grocery,online,0,0.0003,ALLOW,1
2023-11-18 05:17:04,1591.73,online_gaming,atm,0,1e-04,ALLOW,1
2023-11-18 05:23:30,219.2,clothing,atm,0,1e-04,ALLOW,1
2023-11-18 05:27:13,932.88,clothing,atm,0,0.005,ALLOW,1
2023-11-18 05:35:49,4579.6,electronics,online,0,0.0003,ALLOW,1
2023-11-18 05:38:33,459.14,entertainment,in_store,0,0.0003,ALLOW,1
2023-11-18 05:54:09,6100.81,grocery,mobile_app,0,0.0002,ALLOW,1
2023-11-18 06:07:46,347.76,fuel,online,0,0.0003,ALLOW,1
2023-11-18 06:27:20,38.62,grocery,mobile_app,0,1e-04,ALLOW,1
2023-11-18 06:35:55,2257.45,fuel,atm,0,0.0005,ALLOW,1
2023-11-18 06:36:51,380.64,pharmacy,mobile_app,0,1e-04,ALLOW,1
2023-11-18 06:46:36,3342.44,clothing,atm,0,0.0002,ALLOW,1
2023-11-18 06:49:20,69.65,fuel,mobile_app,0,0.0004,ALLOW,1
2023-11-18 06:51:45,392.57,jewelry,mobile_app,0,1e-04,ALLOW,1
2023-11-18 07:01:00,1312.26,restaurant,online,0,1e-04,ALLOW,1
2023-11-18 07:08:44,2887.37,entertainment,mobile_app,0,0.0004,ALLOW,1
2023-11-18 07:10:57,153.97,grocery,atm,0,0.0002,ALLOW,1
2023-11-18 07:16:40,1148.14,restaurant,in_store,0,0.0,ALLOW,1
2023-11-18 07:19:19,1261.34,restaurant,in_store,0,0.0003,ALLOW,1
2023-11-18 07:29:49,701.1,restaurant,in_store,0,0.0013,ALLOW,1
2023-11-18 07:29:51,496.67,restaurant,online,0,0.0007,ALLOW,1
2023-11-18 07:40:04,250.67,restaurant,online,0,0.0003,ALLOW,1
2023-11-18 07:41:01,1684.74,pharmacy,in_store,0,0.0,ALLOW,1
2023-11-18 07:43:09,637.21,pharmacy,mobile_app,0,0.0,ALLOW,1
2023-11-18 07:57:20,697.77,grocery,atm,0,0.0,ALLOW,1
2023-11-18 08:11:45,71.56,online_gaming,in_store,0,0.0003,ALLOW,1
2023-11-18 08:20:31,2102.44,clothing,in_store,0,0.001,ALLOW,1
2023-11-18 08:24:39,5184.96,restaurant,online,0,0.0,ALLOW,1
2023-11-18 08:25:07,1407.31,jewelry,mobile_app,0,0.0137,ALLOW,1
2023-11-18 08:53:14,463.34,fuel,mobile_app,0,0.0004,ALLOW,1
2023-11-18 08:59:59,1885.12,electronics,atm,0,0.0,ALLOW,1
2023-11-18 09:01:00,1553.98,fuel,atm,0,0.0,ALLOW,1
2023-11-18 09:02:31,3294.97,restaurant,in_store,0,0.0002,ALLOW,1
2023-11-18 09:21:27,1094.37,clothing,mobile_app,0,0.0017,ALLOW,1
2023-11-18 09:30:35,804.53,fuel,atm,0,0.0,ALLOW,1
2023-11-18 09:46:12,927.02,fuel,atm,0,1e-04,ALLOW,1
2023-11-18 09:58:54,199.15,entertainment,in_store,0,0.0,ALLOW,1
2023-11-18 10:04:12,1417.28,electronics,atm,0,0.0046,ALLOW,1
2023-11-18 10:15:46,420.25,electronics,atm,0,0.0003,ALLOW,1
2023-11-18 10:20:38,2107.45,fuel,mobile_app,0,1e-04,ALLOW,1
2023-11-18 10:24:33,107.29,clothing,atm,0,1e-04,ALLOW,1
2023-11-18 10:30:09,82.16,travel,online,0,1e-04,ALLOW,1
2023-11-18 10:39:02,434.61,grocery,mobile_app,0,0.0004,ALLOW,1
2023-11-18 10:45:13,212.43,fuel,mobile_app,0,0.0006,ALLOW,1
2023-11-18 10:57:53,95.17,grocery,in_store,0,1e-04,ALLOW,1
2023-11-18 11:05:30,2252.54,electronics,in_store,0,0.0,ALLOW,1
2023-11-18 11:13:47,246.3,clothing,mobile_app,0,0.0002,ALLOW,1
2023-11-18 11:24:44,529.34,entertainment,in_store,0,0.0009,ALLOW,1
2023-11-18 11:25:09,2039.27,jewelry,mobile_app,0,0.0,ALLOW,1
2023-11-18 11:28:30,28.22,online_gaming,atm,0,0.0002,ALLOW,1
2023-11-18 11:29:09,337.65,grocery,mobile_app,0,0.0002,ALLOW,1
2023-11-18 11:35:26,435.68,clothing,atm,0,0.0075,ALLOW,1
2023-11-18 12:18:17,4299.44,clothing,online,0,0.0002,ALLOW,1
2023-11-18 12:18:54,568.14,online_gaming,atm,0,0.0,ALLOW,1
2023-11-18 12:30:32,33.24,entertainment,online,0,1e-04,ALLOW,1
2023-11-18 13:01:38,113.0,electronics,in_store,0,0.0002,ALLOW,1
2023-11-18 13:05:27,3904.17,clothing,online,0,1e-04,ALLOW,1
2023-11-18 13:09:52,52.35,restaurant,in_store,0,0.0002,ALLOW,1
2023-11-18 13:10:04,59.69,clothing,atm,0,0.0002,ALLOW,1
2023-11-18 13:22:49,2237.55,electronics,mobile_app,0,0.0002,ALLOW,1
2023-11-18 13:36:53,1560.69,restaurant,mobile_app,0,0.0,ALLOW,1
2023-11-18 13:52:45,14.29,jewelry,atm,0,0.0008,ALLOW,1
2023-11-18 13:55:06,442.01,pharmacy,atm,0,1e-04,ALLOW,1
2023-11-18 14:23:46,1429.1,grocery,online,0,0.0,ALLOW,1
2023-11-18 14:36:48,214.25,grocery,online,0,0.0013,ALLOW,1
2023-11-18 14:39:23,5019.14,clothing,in_store,1,0.9999,REVIEW,1
2023-11-18 14:41:00,5760.37,travel,mobile_app,0,0.0,ALLOW,1
2023-11-18 14:43:41,882.69,jewelry,in_store,0,0.0,ALLOW,1
2023-11-18 14:47:11,642.99,grocery,online,0,1e-04,ALLOW,1
2023-11-18 14:53:17,1033.0,clothing,online,0,0.0,ALLOW,1
2023-11-18 15:20:58,2803.9,restaurant,mobile_app,0,0.0004,ALLOW,1
2023-11-18 15:35:42,1169.93,fuel,online,0,0.0042,ALLOW,1
2023-11-18 15:56:41,151.39,online_gaming,atm,0,0.0003,ALLOW,1
2023-11-18 16:05:52,600.51,electronics,mobile_app,0,0.0497,ALLOW,1
2023-11-18 16:23:17,4105.16,entertainment,in_store,0,0.0002,ALLOW,1
2023-11-18 16:23:22,590.22,jewelry,online,0,0.0002,ALLOW,1
2023-11-18 16:33:14,1083.87,grocery,mobile_app,0,0.0,ALLOW,1
2023-11-18 16:47:31,1245.27,restaurant,atm,0,0.0002,ALLOW,1
2023-11-18 16:54:12,95.34,pharmacy,online,0,1e-04,ALLOW,1
2023-11-18 17:01:32,890.96,pharmacy,mobile_app,0,0.0003,ALLOW,1
2023-11-18 17:24:34,806.1,entertainment,atm,0,0.0,ALLOW,1
2023-11-18 17:35:26,302.85,jewelry,online,0,0.0013,ALLOW,1
2023-11-18 17:56:34,381.24,restaurant,in_store,0,1e-04,ALLOW,1
2023-11-18 18:07:39,159.74,restaurant,mobile_app,0,0.001,ALLOW,1
2023-11-18 18:13:15,2049.51,fuel,atm,0,0.0002,ALLOW,1
2023-11-18 18:15:54,728.19,grocery,online,0,0.0002,ALLOW,1
2023-11-18 18:19:40,2143.74,grocery,atm,0,0.002,ALLOW,1
2023-11-18 18:19:49,340.07,jewelry,mobile_app,0,0.0,ALLOW,1
2023-11-18 18:22:00,250.17,pharmacy,atm,0,0.0003,ALLOW,1
2023-11-18 18:23:23,4689.76,pharmacy,mobile_app,0,0.0002,ALLOW,1
2023-11-18 18:31:29,582.78,fuel,in_store,0,0.0,ALLOW,1
2023-11-18 18:36:57,728.87,grocery,mobile_app,0,1e-04,ALLOW,1
2023-11-18 19:02:08,457.18,fuel,atm,0,1e-04,ALLOW,1
2023-11-18 19:09:54,131.18,travel,atm,0,0.0002,ALLOW,1
2023-11-18 19:10:48,2910.01,entertainment,atm,0,0.0005,ALLOW,1
2023-11-18 19:12:12,1407.87,entertainment,online,0,1e-04,ALLOW,1
2023-11-18 19:26:14,179.37,restaurant,atm,0,1e-04,ALLOW,1
2023-11-18 19:51:44,1065.78,electronics,atm,0,1e-04,ALLOW,1
2023-11-18 19:57:33,10.0,clothing,in_store,0,0.0008,ALLOW,1
2023-11-18 20:00:21,728.57,grocery,online,0,0.0,ALLOW,1
2023-11-18 20:07:47,244.76,electronics,online,0,1e-04,ALLOW,1
2023-11-18 20:30:08,1563.76,restaurant,online,0,0.0,ALLOW,1
2023-11-18 21:02:00,1546.44,jewelry,atm,0,0.0,ALLOW,1
2023-11-18 21:20:59,403.55,travel,online,0,0.0004,ALLOW,1
2023-11-18 21:48:36,2673.86,pharmacy,mobile_app,0,0.0,ALLOW,1
2023-11-18 22:16:01,276.39,restaurant,in_store,0,0.0004,ALLOW,1
2023-11-18 22:19:57,1129.75,entertainment,in_store,0,0.0,ALLOW,1
2023-11-18 22:22:24,983.45,clothing,online,0,0.0002,ALLOW,1
2023-11-18 22:26:04,684.87,pharmacy,atm,0,0.0,ALLOW,1
2023-11-18 22:33:52,993.5,travel,in_store,0,1e-04,ALLOW,1
2023-11-18 22:37:08,1131.45,jewelry,mobile_app,0,0.002,ALLOW,1
2023-11-18 22:40:48,1812.7,jewelry,atm,0,0.0,ALLOW,1
2023-11-18 22:48:54,490.04,restaurant,online,0,1e-04,ALLOW,1
2023-11-18 22:53:48,309.28,restaurant,atm,0,1e-04,ALLOW,1
2023-11-18 23:37:20,683.59,travel,in_store,0,1e-04,ALLOW,1
2023-11-18 23:58:26,2594.93,entertainment,atm,0,0.0013,ALLOW,1
2023-11-19 00:05:01,2477.93,travel,online,0,0.0,ALLOW,1
2023-11-19 00:10:04,1819.9,pharmacy,mobile_app,0,1e-04,ALLOW,1
2023-11-19 00:19:03,1362.68,electronics,in_store,0,1e-04,ALLOW,1
2023-11-19 00:27:42,2005.56,clothing,atm,0,0.0013,ALLOW,1
2023-11-19 00:27:57,19.3,online_gaming,in_store,0,0.0004,ALLOW,1
2023-11-19 00:34:31,525.15,restaurant,mobile_app,0,0.0003,ALLOW,1
2023-11-19 00:34:32,3539.64,pharmacy,mobile_app,0,0.0003,ALLOW,1
2023-11-19 00:35:37,257.78,restaurant,in_store,0,1e-04,ALLOW,1
2023-11-19 00:45:45,3384.79,entertainment,online,0,0.0002,ALLOW,1
2023-11-19 00:46:15,1091.49,entertainment,mobile_app,0,0.0005,ALLOW,1
2023-11-19 00:48:18,567.3,online_gaming,online,0,0.0,ALLOW,1
2023-11-19 00:51:09,810.52,fuel,in_store,0,1e-04,ALLOW,1
2023-11-19 01:09:24,1581.67,fuel,online,0,0.0,ALLOW,1
2023-11-19 01:34:14,864.87,grocery,atm,0,0.0,ALLOW,1
2023-11-19 01:37:29,1624.92,travel,mobile_app,0,0.0029,ALLOW,1
2023-11-19 01:41:44,1805.45,fuel,atm,0,0.0,ALLOW,1
2023-11-19 01:50:40,18.32,electronics,atm,0,0.0,ALLOW,1
2023-11-19 02:03:29,5210.21,entertainment,online,0,1e-04,ALLOW,1
2023-11-19 02:14:32,633.46,pharmacy,in_store,0,1e-04,ALLOW,1
2023-11-19 02:14:58,3747.55,electronics,mobile_app,0,0.0,ALLOW,1
2023-11-19 02:28:13,1685.56,electronics,online,0,1e-04,ALLOW,1
2023-11-19 02:34:33,159.4,entertainment,in_store,0,0.0,ALLOW,1
2023-11-19 02:43:14,139.19,restaurant,atm,0,0.0002,ALLOW,1
2023-11-19 02:43:32,69.96,jewelry,atm,0,0.0002,ALLOW,1
2023-11-19 02:53:39,565.85,jewelry,in_store,0,0.0002,ALLOW,1
2023-11-19 02:54:05,1118.42,restaurant,online,0,0.0006,ALLOW,1
2023-11-19 03:24:26,131.41,jewelry,online,0,0.0038,ALLOW,1
2023-11-19 03:25:21,631.33,fuel,online,0,0.0002,ALLOW,1
2023-11-19 03:45:22,3143.63,fuel,in_store,0,1e-04,ALLOW,1
2023-11-19 03:55:42,776.99,travel,online,0,0.0004,ALLOW,1
2023-11-19 03:57:26,226.83,online_gaming,atm,0,1e-04,ALLOW,1
2023-11-19 04:01:12,2525.86,pharmacy,mobile_app,0,0.001,ALLOW,1
2023-11-19 04:13:24,2659.15,travel,atm,0,0.0009,ALLOW,1
2023-11-19 04:19:42,4517.67,grocery,atm,0,1e-04,ALLOW,1
2023-11-19 04:34:44,1698.65,pharmacy,in_store,0,0.0,ALLOW,1
2023-11-19 04:52:03,1527.46,grocery,atm,0,0.0,ALLOW,1
2023-11-19 04:54:05,1426.44,online_gaming,online,0,1e-04,ALLOW,1
2023-11-19 05:00:32,1048.97,entertainment,atm,0,0.0,ALLOW,1
2023-11-19 05:07:48,3477.3,grocery,atm,0,1e-04,ALLOW,1
2023-11-19 05:12:51,2928.22,electronics,in_store,0,1e-04,ALLOW,1
2023-11-19 05:20:53,10.0,grocery,atm,0,1e-04,ALLOW,1
2023-11-19 05:23:12,2012.58,travel,mobile_app,0,0.0,ALLOW,1
2023-11-19 05:38:47,1772.25,restaurant,in_store,0,0.0025,ALLOW,1
2023-11-19 05:47:20,2999.5,entertainment,in_store,0,0.0006,ALLOW,1
2023-11-19 05:57:44,704.55,fuel,mobile_app,0,0.0022,ALLOW,1
2023-11-19 06:06:47,1053.0,electronics,online,0,0.0003,ALLOW,1
2023-11-19 06:07:48,1317.14,restaurant,atm,0,0.0004,ALLOW,1
2023-11-19 06:14:07,993.02,jewelry,atm,0,0.0042,ALLOW,1
2023-11-19 06:24:58,1236.4,online_gaming,atm,0,0.0,ALLOW,1
2023-11-19 06:26:08,1030.63,pharmacy,atm,0,0.0,ALLOW,1
2023-11-19 06:48:15,1304.68,restaurant,in_store,0,0.0,ALLOW,1
2023-11-19 06:56:26,196.66,fuel,mobile_app,0,0.0,ALLOW,1
2023-11-19 07:41:32,798.72,electronics,mobile_app,0,1e-04,ALLOW,1
2023-11-19 07:43:47,1764.2,fuel,atm,0,0.0002,ALLOW,1
2023-11-19 07:46:56,1356.37,entertainment,atm,0,0.0002,ALLOW,1
2023-11-19 08:20:51,2037.24,jewelry,mobile_app,0,1e-04,ALLOW,1
2023-11-19 08:30:18,1237.69,restaurant,atm,0,0.0003,ALLOW,1
2023-11-19 08:44:48,171.59,entertainment,atm,0,0.0002,ALLOW,1
2023-11-19 08:50:35,370.81,electronics,atm,0,1e-04,ALLOW,1
2023-11-19 08:53:34,1380.23,entertainment,atm,0,0.0003,ALLOW,1
2023-11-19 09:07:36,1919.97,entertainment,atm,0,0.0,ALLOW,1
2023-11-19 09:16:44,42.85,entertainment,atm,0,1e-04,ALLOW,1
2023-11-19 09:21:04,1576.89,travel,in_store,0,1e-04,ALLOW,1
2023-11-19 09:24:42,2983.89,jewelry,in_store,0,0.0004,ALLOW,1
2023-11-19 09:44:25,609.55,jewelry,online,0,0.0003,ALLOW,1
2023-11-19 10:05:03,1600.25,jewelry,in_store,0,0.0009,ALLOW,1
2023-11-19 10:08:09,110.48,fuel,online,0,1e-04,ALLOW,1
2023-11-19 10:12:58,1035.3,jewelry,atm,0,0.0011,ALLOW,1
2023-11-19 10:20:36,1185.67,electronics,in_store,0,0.0002,ALLOW,1
2023-11-19 10:41:37,2213.47,entertainment,atm,0,0.0,ALLOW,1
2023-11-19 10:51:31,2490.23,entertainment,atm,0,0.0008,ALLOW,1
2023-11-19 11:32:18,741.43,pharmacy,atm,0,0.0,ALLOW,1
2023-11-19 12:14:28,910.31,fuel,in_store,0,0.0146,ALLOW,1
2023-11-19 12:33:37,3173.36,clothing,mobile_app,0,1e-04,ALLOW,1
2023-11-19 12:39:16,861.95,fuel,in_store,0,0.0004,ALLOW,1
2023-11-19 13:11:56,3167.04,pharmacy,atm,0,0.0003,ALLOW,1
2023-11-19 13:14:14,878.51,jewelry,online,0,1e-04,ALLOW,1
2023-11-19 13:23:03,271.75,jewelry,online,0,1e-04,ALLOW,1
2023-11-19 13:23:55,1956.26,jewelry,in_store,0,1e-04,ALLOW,1
2023-11-19 13:32:25,388.44,pharmacy,atm,0,0.0005,ALLOW,1
2023-11-19 13:57:01,2130.49,restaurant,atm,0,1e-04,ALLOW,1
2023-11-19 14:13:17,4827.44,travel,atm,0,0.0282,ALLOW,1
2023-11-19 14:22:28,1278.03,pharmacy,online,0,0.0003,ALLOW,1
2023-11-19 14:28:50,4119.56,online_gaming,atm,0,0.0002,ALLOW,1
2023-11-19 14:29:24,384.65,travel,atm,0,0.0002,ALLOW,1
2023-11-19 14:32:27,161.34,pharmacy,online,0,0.0011,ALLOW,1
2023-11-19 14:40:17,3082.1,fuel,online,0,1e-04,ALLOW,1
2023-11-19 14:49:29,513.22,restaurant,mobile_app,0,0.0002,ALLOW,1
2023-11-19 14:58:39,22.36,fuel,in_store,0,0.0003,ALLOW,1
2023-11-19 15:28:03,1607.66,travel,in_store,0,0.0003,ALLOW,1
2023-11-19 15:28:18,406.98,grocery,in_store,0,1e-04,ALLOW,1
2023-11-19 15:39:16,837.75,travel,atm,0,0.0002,ALLOW,1
2023-11-19 15:47:40,1732.7,grocery,in_store,0,0.0004,ALLOW,1
2023-11-19 15:48:56,175.6,pharmacy,in_store,0,0.0009,ALLOW,1
2023-11-19 16:00:15,524.99,online_gaming,atm,0,0.0,ALLOW,1
2023-11-19 16:01:20,949.89,jewelry,online,0,0.0045,ALLOW,1
2023-11-19 16:25:08,2456.59,grocery,in_store,0,1e-04,ALLOW,1
2023-11-19 16:41:38,157.39,jewelry,in_store,0,0.0009,ALLOW,1
2023-11-19 17:00:02,422.82,jewelry,in_store,0,0.0002,ALLOW,1
2023-11-19 17:04:56,501.94,restaurant,atm,0,0.0021,ALLOW,1
2023-11-19 17:24:55,181.11,travel,mobile_app,0,0.0003,ALLOW,1
2023-11-19 17:34:12,841.55,travel,in_store,0,0.0007,ALLOW,1
2023-11-19 17:41:33,1941.48,pharmacy,mobile_app,0,0.0,ALLOW,1
2023-11-19 17:54:47,276.64,clothing,in_store,0,1e-04,ALLOW,1
2023-11-19 17:57:19,870.5,electronics,in_store,0,0.0051,ALLOW,1
2023-11-19 18:08:17,267.83,restaurant,mobile_app,0,0.0002,ALLOW,1
2023-11-19 18:09:58,3559.9,travel,atm,0,0.0818,ALLOW,1
2023-11-19 18:13:14,813.55,restaurant,mobile_app,0,0.0003,ALLOW,1
2023-11-19 18:13:54,3758.27,clothing,mobile_app,0,0.0004,ALLOW,1
2023-11-19 18:22:47,212.41,pharmacy,mobile_app,0,0.0097,ALLOW,1
2023-11-19 18:31:32,3625.12,electronics,atm,0,0.0004,ALLOW,1
2023-11-19 18:31:45,1885.67,pharmacy,online,0,0.0,ALLOW,1
2023-11-19 18:32:45,393.4,travel,in_store,0,0.0002,ALLOW,1
2023-11-19 18:51:08,1811.64,restaurant,in_store,0,0.0002,ALLOW,1
2023-11-19 18:52:50,2422.29,grocery,atm,0,0.0041,ALLOW,1
2023-11-19 18:58:10,259.77,online_gaming,online,0,0.0039,ALLOW,1
2023-11-19 18:58:56,22.44,restaurant,mobile_app,0,1e-04,ALLOW,1
2023-11-19 19:02:53,462.81,travel,mobile_app,0,0.0004,ALLOW,1
2023-11-19 19:20:02,1416.66,entertainment,mobile_app,0,0.0005,ALLOW,1
2023-11-19 19:24:48,386.94,fuel,in_store,0,0.0002,ALLOW,1
2023-11-19 19:26:05,1372.97,jewelry,atm,0,0.0,ALLOW,1
2023-11-19 19:26:27,2831.96,restaurant,mobile_app,0,0.0,ALLOW,1
2023-11-19 19:27:00,2421.68,travel,online,0,1e-04,ALLOW,1
2023-11-19 19:35:35,276.65,grocery,atm,0,0.0053,ALLOW,1
2023-11-19 19:40:05,976.12,clothing,mobile_app,0,1e-04,ALLOW,1
2023-11-19 19:52:03,571.27,fuel,in_store,0,1e-04,ALLOW,1
2023-11-19 19:57:27,10.0,entertainment,online,0,0.0,ALLOW,1
2023-11-19 20:10:56,356.96,clothing,mobile_app,0,0.0,ALLOW,1
2023-11-19 20:13:33,994.15,jewelry,mobile_app,0,0.0003,ALLOW,1
2023-11-19 20:28:35,998.39,clothing,online,0,1e-04,ALLOW,1
2023-11-19 20:33:14,433.53,online_gaming,online,0,0.0003,ALLOW,1
2023-11-19 20:39:07,118.87,clothing,atm,0,0.0003,ALLOW,1
2023-11-19 20:50:33,2467.82,fuel,atm,0,0.0003,ALLOW,1
2023-11-19 20:57:46,21.36,jewelry,atm,0,0.0,ALLOW,1
2023-11-19 21:15:02,1359.45,entertainment,in_store,0,1e-04,ALLOW,1
2023-11-19 21:30:28,3122.18,electronics,in_store,0,0.0009,ALLOW,1
2023-11-19 21:31:28,535.57,travel,mobile_app,0,0.0552,ALLOW,1
2023-11-19 21:34:50,971.73,electronics,mobile_app,0,0.0002,ALLOW,1
2023-11-19 21:42:19,2471.13,grocery,atm,0,0.0002,ALLOW,1
2023-11-19 21:43:24,4420.63,pharmacy,in_store,0,0.0002,ALLOW,1
2023-11-19 21:52:20,4812.57,pharmacy,online,0,0.0003,ALLOW,1
2023-11-19 22:07:09,4771.53,clothing,mobile_app,0,0.0019,ALLOW,1
2023-11-19 22:15:40,3598.55,travel,online,0,0.0005,ALLOW,1
2023-11-19 22:33:36,349.42,restaurant,in_store,0,0.0003,ALLOW,1
2023-11-19 22:39:00,424.37,electronics,online,0,0.0002,ALLOW,1
2023-11-19 23:21:35,4731.11,travel,in_store,0,0.0006,ALLOW,1
2023-11-19 23:24:54,877.89,travel,mobile_app,0,1e-04,ALLOW,1
2023-11-19 23:29:58,675.4,online_gaming,atm,0,1e-04,ALLOW,1
2023-11-19 23:54:29,382.6,grocery,mobile_app,0,0.0006,ALLOW,1
2023-11-20 00:00:44,2738.9,entertainment,in_store,0,0.0,ALLOW,1
2023-11-20 00:03:53,632.95,online_gaming,online,0,0.0015,ALLOW,1
2023-11-20 00:12:13,392.67,entertainment,in_store,0,1e-04,ALLOW,1
2023-11-20 00:19:38,1673.67,fuel,atm,0,0.0,ALLOW,1
2023-11-20 00:23:54,432.6,pharmacy,online,0,0.0003,ALLOW,1
2023-11-20 00:27:35,151.97,pharmacy,mobile_app,0,0.0003,ALLOW,1
2023-11-20 00:28:15,1089.78,electronics,online,0,0.0,ALLOW,1
2023-11-20 00:34:47,435.04,restaurant,in_store,0,0.0,ALLOW,1
2023-11-20 00:45:25,2278.74,grocery,mobile_app,0,1e-04,ALLOW,1
2023-11-20 01:08:44,494.2,jewelry,mobile_app,0,1e-04,ALLOW,1
2023-11-20 01:45:47,70.92,online_gaming,online,0,0.0009,ALLOW,1
2023-11-20 01:48:16,52.21,clothing,online,0,0.0003,ALLOW,1
2023-11-20 01:49:34,2683.33,fuel,online,0,0.0,ALLOW,1
2023-11-20 02:03:27,995.37,online_gaming,mobile_app,0,0.0,ALLOW,1
2023-11-20 02:22:57,532.31,restaurant,atm,0,0.0011,ALLOW,1
2023-11-20 02:30:57,1411.46,jewelry,in_store,0,0.0004,ALLOW,1
2023-11-20 03:05:44,638.63,fuel,online,0,0.0005,ALLOW,1
2023-11-20 03:21:22,3322.22,restaurant,online,0,0.0,ALLOW,1
2023-11-20 03:29:54,825.16,restaurant,online,0,0.002,ALLOW,1
2023-11-20 03:40:18,365.44,entertainment,mobile_app,0,0.0003,ALLOW,1
2023-11-20 03:40:49,3472.8,fuel,mobile_app,0,1e-04,ALLOW,1
2023-11-20 03:44:46,1019.57,clothing,in_store,0,0.0009,ALLOW,1
2023-11-20 03:47:29,6025.14,grocery,in_store,0,1e-04,ALLOW,1
2023-11-20 03:52:36,2451.07,jewelry,in_store,0,1e-04,ALLOW,1
2023-11-20 04:40:16,902.92,clothing,in_store,0,0.0009,ALLOW,1
2023-11-20 04:50:37,3527.76,fuel,mobile_app,0,0.0,ALLOW,1
2023-11-20 05:13:48,10.0,entertainment,in_store,0,1e-04,ALLOW,1
2023-11-20 05:15:03,665.29,clothing,mobile_app,0,1e-04,ALLOW,1
2023-11-20 05:27:25,4647.8,pharmacy,in_store,0,1e-04,ALLOW,1
2023-11-20 05:32:53,640.37,travel,in_store,0,1e-04,ALLOW,1
2023-11-20 05:35:01,151.66,grocery,in_store,0,1e-04,ALLOW,1
2023-11-20 05:37:49,307.29,restaurant,online,0,1e-04,ALLOW,1
2023-11-20 06:02:33,83.31,grocery,online,0,1e-04,ALLOW,1
2023-11-20 06:17:47,500.67,online_gaming,in_store,0,1e-04,ALLOW,1
2023-11-20 06:25:57,881.73,restaurant,in_store,0,0.0003,ALLOW,1
2023-11-20 06:32:42,404.55,pharmacy,in_store,0,1e-04,ALLOW,1
2023-11-20 07:21:08,3955.7,entertainment,atm,0,0.0,ALLOW,1
2023-11-20 07:34:07,1674.34,grocery,online,0,1e-04,ALLOW,1
2023-11-20 07:43:44,714.1,online_gaming,mobile_app,0,0.0004,ALLOW,1
2023-11-20 07:53:00,1099.43,pharmacy,atm,0,1e-04,ALLOW,1
2023-11-20 08:00:56,204.94,clothing,mobile_app,0,0.0002,ALLOW,1
2023-11-20 08:13:56,3902.41,clothing,mobile_app,1,0.9987,REVIEW,1
2023-11-20 08:19:34,1050.63,pharmacy,in_store,0,1e-04,ALLOW,1
2023-11-20 08:20:29,2130.75,fuel,in_store,0,0.0,ALLOW,1
2023-11-20 08:21:12,2399.79,travel,mobile_app,0,0.0003,ALLOW,1
2023-11-20 08:28:33,1126.41,clothing,mobile_app,0,0.0014,ALLOW,1
2023-11-20 08:38:08,2259.25,grocery,in_store,0,0.0,ALLOW,1
2023-11-20 08:40:47,1589.19,clothing,in_store,0,0.0002,ALLOW,1
2023-11-20 08:58:24,93.05,clothing,mobile_app,0,0.0005,ALLOW,1
2023-11-20 09:32:34,2315.28,online_gaming,atm,0,0.0003,ALLOW,1
2023-11-20 09:33:18,1051.73,online_gaming,mobile_app,0,1e-04,ALLOW,1
2023-11-20 09:49:34,167.47,travel,atm,0,1e-04,ALLOW,1
2023-11-20 09:53:03,1334.93,restaurant,in_store,0,1e-04,ALLOW,1
2023-11-20 09:54:41,3022.43,entertainment,mobile_app,0,0.0002,ALLOW,1
2023-11-20 10:04:26,1933.88,jewelry,in_store,0,0.0,ALLOW,1
2023-11-20 10:18:06,531.58,travel,mobile_app,0,1e-04,ALLOW,1
2023-11-20 10:26:20,841.7,jewelry,mobile_app,0,0.0003,ALLOW,1
2023-11-20 10:37:07,376.5,clothing,in_store,0,1e-04,ALLOW,1
2023-11-20 10:42:01,5036.98,fuel,in_store,0,0.0002,ALLOW,1
2023-11-20 11:02:44,1608.83,restaurant,in_store,0,0.0004,ALLOW,1
2023-11-20 11:11:29,2293.8,entertainment,online,0,0.0032,ALLOW,1
2023-11-20 11:23:11,1722.99,jewelry,atm,0,0.0243,ALLOW,1
2023-11-20 11:23:22,114.66,restaurant,online,0,0.0002,ALLOW,1
2023-11-20 11:23:57,1829.77,travel,atm,0,1e-04,ALLOW,1
2023-11-20 11:24:57,1570.75,fuel,mobile_app,0,0.0,ALLOW,1
2023-11-20 11:42:53,3241.17,pharmacy,online,0,1e-04,ALLOW,1
2023-11-20 12:23:05,1889.3,travel,mobile_app,0,0.0002,ALLOW,1
2023-11-20 12:35:09,108.87,restaurant,atm,0,1e-04,ALLOW,1
2023-11-20 12:49:06,695.64,clothing,mobile_app,0,0.0002,ALLOW,1
2023-11-20 13:03:31,1422.76,clothing,in_store,0,0.0011,ALLOW,1
2023-11-20 13:14:02,627.8,online_gaming,atm,1,0.9998,REVIEW,1
2023-11-20 13:16:16,1887.19,travel,in_store,0,1e-04,ALLOW,1
2023-11-20 13:35:14,495.23,online_gaming,online,0,1e-04,ALLOW,1
2023-11-20 13:40:00,264.13,online_gaming,in_store,0,1e-04,ALLOW,1
2023-11-20 13:46:43,1443.44,jewelry,atm,0,0.0003,ALLOW,1
2023-11-20 13:49:37,680.62,jewelry,atm,0,0.0004,ALLOW,1
2023-11-20 13:57:36,2438.85,electronics,atm,0,0.0044,ALLOW,1
2023-11-20 14:17:13,669.5,travel,atm,0,1e-04,ALLOW,1
2023-11-20 14:26:17,1553.18,entertainment,online,0,1e-04,ALLOW,1
2023-11-20 14:26:56,1047.85,entertainment,atm,0,0.0018,ALLOW,1
2023-11-20 14:30:44,2735.12,grocery,online,0,0.0008,ALLOW,1
2023-11-20 14:35:07,2490.39,grocery,atm,0,0.001,ALLOW,1
2023-11-20 14:51:30,12.97,pharmacy,mobile_app,0,0.0003,ALLOW,1
2023-11-20 14:55:08,1959.33,jewelry,atm,0,0.0004,ALLOW,1
2023-11-20 14:55:32,3390.5,fuel,in_store,0,1e-04,ALLOW,1
2023-11-20 14:57:39,731.15,restaurant,online,0,1e-04,ALLOW,1
2023-11-20 15:20:28,1999.64,electronics,mobile_app,0,1e-04,ALLOW,1
2023-11-20 15:26:58,353.23,electronics,in_store,0,1e-04,ALLOW,1
2023-11-20 15:28:01,2341.17,entertainment,online,0,0.0007,ALLOW,1
2023-11-20 15:42:14,4348.16,clothing,mobile_app,0,1e-04,ALLOW,1
2023-11-20 16:13:15,2430.74,jewelry,in_store,0,0.0101,ALLOW,1
2023-11-20 16:16:30,544.07,jewelry,online,0,0.0003,ALLOW,1
2023-11-20 16:32:38,1433.28,jewelry,online,0,0.0003,ALLOW,1
2023-11-20 16:35:25,712.85,travel,atm,0,0.0002,ALLOW,1
2023-11-20 16:40:39,3399.57,fuel,mobile_app,0,0.0002,ALLOW,1
2023-11-20 16:45:08,336.33,travel,mobile_app,0,0.0003,ALLOW,1
2023-11-20 16:59:10,3762.36,fuel,in_store,0,0.0005,ALLOW,1
2023-11-20 17:05:47,1333.19,travel,online,0,0.0,ALLOW,1
2023-11-20 17:16:22,2416.35,online_gaming,mobile_app,0,0.0002,ALLOW,1
2023-11-20 17:18:18,946.91,electronics,online,0,0.0002,ALLOW,1
2023-11-20 17:19:06,882.6,pharmacy,online,0,0.0002,ALLOW,1
2023-11-20 17:24:42,412.75,jewelry,in_store,0,1e-04,ALLOW,1
2023-11-20 17:30:24,3019.86,jewelry,mobile_app,0,0.0003,ALLOW,1
2023-11-20 17:44:31,754.71,travel,atm,0,0.0,ALLOW,1
2023-11-20 17:54:14,1540.37,restaurant,in_store,0,0.0,ALLOW,1
2023-11-20 18:07:40,535.31,grocery,online,0,0.0,ALLOW,1
2023-11-20 18:59:34,2312.85,electronics,atm,0,1e-04,ALLOW,1
2023-11-20 19:10:53,209.74,fuel,atm,0,0.0002,ALLOW,1
2023-11-20 19:12:55,1593.63,entertainment,in_store,0,0.0002,ALLOW,1
2023-11-20 19:40:32,809.65,entertainment,online,0,0.0022,ALLOW,1
2023-11-20 19:40:53,1194.48,travel,in_store,0,1e-04,ALLOW,1
2023-11-20 19:49:45,1087.88,restaurant,online,0,0.0022,ALLOW,1
2023-11-20 19:54:37,1611.33,clothing,atm,0,0.0,ALLOW,1
2023-11-20 20:22:32,668.44,clothing,mobile_app,0,0.0002,ALLOW,1
2023-11-20 20:22:35,10.0,pharmacy,online,0,0.0003,ALLOW,1
2023-11-20 21:34:48,2071.85,clothing,atm,0,0.0002,ALLOW,1
2023-11-20 21:41:13,356.69,online_gaming,mobile_app,0,1e-04,ALLOW,1
2023-11-20 21:43:05,1838.76,online_gaming,in_store,0,0.0,ALLOW,1
2023-11-20 21:45:56,2896.07,travel,in_store,0,0.0,ALLOW,1
2023-11-20 21:50:31,2623.26,restaurant,in_store,0,0.0007,ALLOW,1
2023-11-20 22:20:26,2492.36,entertainment,online,0,0.0004,ALLOW,1
2023-11-20 22:35:17,5945.04,jewelry,atm,0,0.0009,ALLOW,1
2023-11-20 22:36:36,2977.75,fuel,online,0,1e-04,ALLOW,1
2023-11-20 22:38:26,337.41,entertainment,in_store,0,0.0022,ALLOW,1
2023-11-20 22:45:31,138.32,electronics,mobile_app,0,1e-04,ALLOW,1
2023-11-20 22:47:32,620.78,online_gaming,mobile_app,0,0.0003,ALLOW,1
2023-11-20 22:56:55,6855.1,pharmacy,mobile_app,0,0.0015,ALLOW,1
2023-11-20 22:59:19,526.12,entertainment,mobile_app,0,0.0004,ALLOW,1
2023-11-20 23:06:52,6029.14,restaurant,in_store,0,0.0004,ALLOW,1
2023-11-20 23:33:32,1392.88,electronics,online,0,1e-04,ALLOW,1
2023-11-20 23:52:09,1167.86,travel,atm,0,0.0002,ALLOW,1
2023-11-20 23:56:26,641.67,jewelry,in_store,0,0.0011,ALLOW,1
2023-11-21 00:14:55,940.47,entertainment,online,0,0.0004,ALLOW,1
2023-11-21 00:39:25,496.88,restaurant,in_store,0,1e-04,ALLOW,1
2023-11-21 00:52:47,1099.91,grocery,atm,0,0.0,ALLOW,1
2023-11-21 01:35:12,2141.01,entertainment,in_store,0,1e-04,ALLOW,1
2023-11-21 01:35:56,871.39,grocery,atm,0,1e-04,ALLOW,1
2023-11-21 01:55:24,1152.21,fuel,online,0,0.0003,ALLOW,1
2023-11-21 02:07:49,5890.47,fuel,online,0,1e-04,ALLOW,1
2023-11-21 02:08:24,10339.93,entertainment,atm,0,0.1995,ALLOW,1
2023-11-21 02:28:34,1444.25,travel,online,0,0.0,ALLOW,1
2023-11-21 02:31:34,4266.03,entertainment,mobile_app,0,0.0005,ALLOW,1
2023-11-21 02:40:27,4327.3,jewelry,in_store,0,1e-04,ALLOW,1
2023-11-21 02:44:39,4188.25,pharmacy,in_store,0,1e-04,ALLOW,1
2023-11-21 02:47:02,345.86,jewelry,atm,0,0.0002,ALLOW,1
2023-11-21 02:50:01,2272.33,fuel,online,0,0.0,ALLOW,1
2023-11-21 02:52:16,574.78,entertainment,in_store,0,1e-04,ALLOW,1
2023-11-21 03:03:17,8418.51,online_gaming,in_store,0,0.1173,ALLOW,1
2023-11-21 03:13:00,2303.7,grocery,in_store,0,1e-04,ALLOW,1
2023-11-21 03:22:13,375.89,electronics,in_store,0,0.0005,ALLOW,1
2023-11-21 03:34:22,527.58,grocery,atm,0,0.0004,ALLOW,1
2023-11-21 03:37:22,3337.78,clothing,atm,0,0.0,ALLOW,1
2023-11-21 04:07:12,1359.31,pharmacy,online,0,1e-04,ALLOW,1
2023-11-21 04:20:14,928.36,electronics,mobile_app,0,1e-04,ALLOW,1
2023-11-21 04:22:04,10.0,online_gaming,mobile_app,0,0.0002,ALLOW,1
2023-11-21 04:42:29,2483.03,clothing,mobile_app,0,0.0008,ALLOW,1
2023-11-21 04:56:30,12.33,grocery,mobile_app,0,0.0002,ALLOW,1
2023-11-21 05:00:49,383.57,pharmacy,mobile_app,0,1e-04,ALLOW,1
2023-11-21 05:01:53,446.69,travel,atm,0,0.0014,ALLOW,1
2023-11-21 05:02:32,1922.62,clothing,online,0,1e-04,ALLOW,1
2023-11-21 05:12:12,1303.29,travel,in_store,0,0.0002,ALLOW,1
2023-11-21 05:41:48,30.96,jewelry,online,0,0.0005,ALLOW,1
2023-11-21 05:55:10,1107.82,entertainment,mobile_app,0,0.0,ALLOW,1
2023-11-21 06:18:48,1883.53,jewelry,in_store,0,1e-04,ALLOW,1
2023-11-21 06:31:56,636.99,restaurant,in_store,0,0.0,ALLOW,1
2023-11-21 06:33:25,11015.47,online_gaming,online,1,0.9999,REVIEW,1
2023-11-21 06:53:40,1270.88,fuel,mobile_app,0,0.0,ALLOW,1
2023-11-21 07:01:19,121.0,entertainment,mobile_app,0,1e-04,ALLOW,1
2023-11-21 07:16:07,2321.91,fuel,in_store,0,0.0002,ALLOW,1
2023-11-21 07:16:35,4323.51,restaurant,in_store,0,1e-04,ALLOW,1
2023-11-21 07:30:14,19.63,entertainment,mobile_app,0,0.0002,ALLOW,1
2023-11-21 07:33:18,3196.66,entertainment,online,0,1e-04,ALLOW,1
2023-11-21 07:40:12,1808.69,jewelry,online,0,0.0003,ALLOW,1
2023-11-21 07:48:28,3848.24,entertainment,mobile_app,0,1e-04,ALLOW,1
2023-11-21 08:07:39,3229.59,restaurant,atm,0,0.0004,ALLOW,1
2023-11-21 08:11:37,2852.68,jewelry,in_store,0,1e-04,ALLOW,1
2023-11-21 08:18:14,129.72,grocery,in_store,0,0.0,ALLOW,1
2023-11-21 08:44:05,1082.3,fuel,in_store,0,1e-04,ALLOW,1
2023-11-21 08:57:43,330.46,travel,mobile_app,0,0.0,ALLOW,1
2023-11-21 09:07:57,1192.51,travel,mobile_app,0,0.001,ALLOW,1
2023-11-21 09:19:22,405.85,jewelry,mobile_app,0,0.0008,ALLOW,1
2023-11-21 09:20:49,798.04,fuel,atm,0,0.0002,ALLOW,1
2023-11-21 09:22:52,559.41,entertainment,in_store,0,0.0,ALLOW,1
2023-11-21 09:29:31,551.89,pharmacy,in_store,0,1e-04,ALLOW,1
2023-11-21 09:38:37,492.07,grocery,in_store,0,0.0002,ALLOW,1
2023-11-21 09:39:37,1440.35,online_gaming,online,0,0.0015,ALLOW,1
2023-11-21 09:44:07,1065.26,grocery,in_store,0,1e-04,ALLOW,1
2023-11-21 09:50:55,2827.68,grocery,online,0,0.0,ALLOW,1
2023-11-21 09:57:59,964.94,travel,in_store,0,1e-04,ALLOW,1
2023-11-21 10:09:15,1136.22,fuel,online,0,0.0007,ALLOW,1
2023-11-21 10:20:45,1326.43,pharmacy,mobile_app,0,0.0,ALLOW,1
2023-11-21 10:48:41,1170.48,grocery,in_store,0,0.0,ALLOW,1
2023-11-21 11:12:25,4390.51,entertainment,online,0,0.0003,ALLOW,1
2023-11-21 11:19:11,632.33,electronics,online,0,0.0,ALLOW,1
2023-11-21 11:39:33,372.78,clothing,online,0,0.0007,ALLOW,1
2023-11-21 12:01:35,1899.73,grocery,in_store,0,0.0002,ALLOW,1
2023-11-21 12:04:13,2542.43,entertainment,atm,0,0.0006,ALLOW,1
2023-11-21 12:56:05,150.04,electronics,online,0,0.0015,ALLOW,1
2023-11-21 13:19:05,1116.29,grocery,online,0,0.002,ALLOW,1
2023-11-21 13:22:44,1620.37,electronics,atm,0,1e-04,ALLOW,1
2023-11-21 13:26:26,996.0,clothing,atm,0,0.0004,ALLOW,1
2023-11-21 13:27:19,2572.49,entertainment,online,0,0.0,ALLOW,1
2023-11-21 13:28:20,1750.38,grocery,in_store,0,0.0003,ALLOW,1
2023-11-21 13:44:09,58.06,pharmacy,online,0,0.0,ALLOW,1
2023-11-21 13:52:40,221.63,travel,mobile_app,0,1e-04,ALLOW,1
2023-11-21 13:56:45,1011.65,restaurant,atm,0,0.0,ALLOW,1
2023-11-21 14:11:10,651.97,pharmacy,mobile_app,0,0.0002,ALLOW,1
2023-11-21 14:17:06,491.17,electronics,atm,0,0.0003,ALLOW,1
2023-11-21 14:23:33,1150.72,grocery,online,0,0.0,ALLOW,1
2023-11-21 14:43:01,212.8,entertainment,atm,0,1e-04,ALLOW,1
2023-11-21 14:52:23,90.66,electronics,mobile_app,0,1e-04,ALLOW,1
2023-11-21 15:00:54,491.3,electronics,atm,0,0.0021,ALLOW,1
2023-11-21 15:05:40,768.33,electronics,online,0,0.0002,ALLOW,1
2023-11-21 15:09:56,706.89,fuel,online,0,0.0,ALLOW,1
2023-11-21 15:11:47,531.96,fuel,mobile_app,0,0.0,ALLOW,1
2023-11-21 15:20:38,95.18,clothing,mobile_app,0,0.0002,ALLOW,1
2023-11-21 15:21:44,605.8,electronics,atm,0,0.0037,ALLOW,1
2023-11-21 15:23:54,2388.44,restaurant,in_store,0,1e-04,ALLOW,1
2023-11-21 15:25:18,606.34,electronics,mobile_app,0,0.0008,ALLOW,1
2023-11-21 15:25:41,909.22,travel,mobile_app,0,0.0041,ALLOW,1
2023-11-21 15:39:56,608.8,travel,atm,0,1e-04,ALLOW,1
2023-11-21 16:00:03,274.76,electronics,in_store,0,0.0058,ALLOW,1
2023-11-21 16:09:12,2443.77,clothing,online,0,0.0002,ALLOW,1
2023-11-21 16:11:29,1196.92,clothing,atm,0,1e-04,ALLOW,1
2023-11-21 16:18:36,2735.08,pharmacy,atm,0,0.0,ALLOW,1
2023-11-21 16:21:59,2198.46,jewelry,mobile_app,0,0.0002,ALLOW,1
2023-11-21 16:24:59,2147.6,electronics,atm,0,0.0013,ALLOW,1
2023-11-21 16:25:07,304.6,electronics,atm,0,1e-04,ALLOW,1
2023-11-21 16:31:17,169.12,clothing,online,0,0.0004,ALLOW,1
2023-11-21 16:38:17,510.16,fuel,atm,0,1e-04,ALLOW,1
2023-11-21 16:57:07,159.67,clothing,mobile_app,0,1e-04,ALLOW,1
2023-11-21 17:18:28,2449.71,online_gaming,in_store,0,0.0542,ALLOW,1
2023-11-21 17:26:59,81.68,electronics,atm,0,0.0003,ALLOW,1
2023-11-21 17:36:13,1652.78,online_gaming,in_store,0,0.0003,ALLOW,1
2023-11-21 17:49:51,2556.99,travel,mobile_app,0,1e-04,ALLOW,1
2023-11-21 17:50:19,4082.62,electronics,atm,0,0.2477,REVIEW,0
2023-11-21 18:00:13,951.86,electronics,atm,0,1e-04,ALLOW,1
2023-11-21 18:06:49,3824.75,restaurant,atm,0,0.0,ALLOW,1
2023-11-21 18:18:24,869.87,fuel,atm,0,0.0006,ALLOW,1
2023-11-21 18:19:32,3062.76,entertainment,in_store,0,0.0024,ALLOW,1
2023-11-21 18:32:21,549.45,jewelry,mobile_app,0,0.0004,ALLOW,1
2023-11-21 18:39:10,2118.06,grocery,atm,0,0.0,ALLOW,1
2023-11-21 18:51:58,993.31,travel,in_store,0,0.0,ALLOW,1
2023-11-21 19:05:21,2228.74,travel,atm,0,1e-04,ALLOW,1
2023-11-21 19:17:29,1639.5,grocery,online,0,0.0,ALLOW,1
2023-11-21 19:19:37,2608.32,fuel,mobile_app,0,0.0002,ALLOW,1
2023-11-21 19:23:54,285.96,electronics,online,0,1e-04,ALLOW,1
2023-11-21 19:40:13,2799.32,entertainment,online,0,0.0017,ALLOW,1
2023-11-21 19:54:29,1273.82,jewelry,in_store,0,0.0002,ALLOW,1
2023-11-21 20:08:43,170.23,electronics,mobile_app,0,1e-04,ALLOW,1
2023-11-21 20:24:57,64.38,restaurant,mobile_app,0,0.0003,ALLOW,1
2023-11-21 20:28:20,670.25,travel,online,0,0.0004,ALLOW,1
2023-11-21 20:29:54,480.77,fuel,in_store,0,0.0012,ALLOW,1
2023-11-21 20:33:52,177.62,grocery,atm,0,0.0003,ALLOW,1
2023-11-21 20:34:25,1950.08,clothing,mobile_app,0,0.0056,ALLOW,1
2023-11-21 20:45:14,1244.75,clothing,atm,0,1e-04,ALLOW,1
2023-11-21 21:11:54,979.98,grocery,in_store,0,0.0003,ALLOW,1
2023-11-21 21:18:46,25.33,travel,mobile_app,0,0.0002,ALLOW,1
2023-11-21 21:22:28,1040.36,clothing,atm,0,0.0007,ALLOW,1
2023-11-21 21:31:22,1000.6,entertainment,atm,0,1e-04,ALLOW,1
2023-11-21 21:38:19,1480.3,online_gaming,in_store,0,1e-04,ALLOW,1
2023-11-21 21:41:08,1566.68,jewelry,in_store,0,1e-04,ALLOW,1
2023-11-21 21:44:04,371.04,clothing,online,0,0.0002,ALLOW,1
2023-11-21 22:13:48,672.84,clothing,online,0,1e-04,ALLOW,1
2023-11-21 22:17:46,348.47,jewelry,in_store,0,0.0002,ALLOW,1
2023-11-21 22:30:27,3846.93,electronics,mobile_app,0,0.0004,ALLOW,1
2023-11-21 22:34:51,372.08,jewelry,online,0,0.0003,ALLOW,1
2023-11-21 22:52:06,866.43,electronics,online,0,0.0007,ALLOW,1
2023-11-21 23:21:29,2483.09,jewelry,in_store,0,0.0,ALLOW,1
2023-11-21 23:36:20,436.6,online_gaming,online,0,0.0002,ALLOW,1
2023-11-21 23:59:19,2974.18,electronics,atm,0,1e-04,ALLOW,1
2023-11-22 00:30:10,682.43,electronics,in_store,0,0.0033,ALLOW,1
2023-11-22 01:03:41,1305.35,pharmacy,mobile_app,0,0.0002,ALLOW,1
2023-11-22 01:07:49,690.84,restaurant,mobile_app,0,1e-04,ALLOW,1
2023-11-22 01:10:55,1467.14,travel,online,0,0.0,ALLOW,1
2023-11-22 01:21:06,163.98,jewelry,atm,0,0.0008,ALLOW,1
2023-11-22 01:22:48,1670.08,travel,online,0,0.0,ALLOW,1
2023-11-22 01:31:39,1836.15,fuel,atm,0,1e-04,ALLOW,1
2023-11-22 01:32:15,1325.63,clothing,online,0,0.0008,ALLOW,1
2023-11-22 01:37:57,344.32,jewelry,mobile_app,0,0.0007,ALLOW,1
2023-11-22 01:42:56,508.25,online_gaming,in_store,0,0.0002,ALLOW,1
2023-11-22 01:56:44,2166.85,online_gaming,atm,0,1e-04,ALLOW,1
2023-11-22 02:05:45,2284.5,electronics,in_store,1,0.9998,REVIEW,1
2023-11-22 02:05:55,915.81,restaurant,online,0,1e-04,ALLOW,1
2023-11-22 02:15:08,1828.39,restaurant,atm,0,0.0,ALLOW,1
2023-11-22 02:42:44,2245.41,clothing,online,0,1e-04,ALLOW,1
2023-11-22 02:52:12,764.13,electronics,mobile_app,0,1e-04,ALLOW,1
2023-11-22 02:54:48,5404.67,electronics,in_store,0,0.0,ALLOW,1
2023-11-22 03:00:17,217.63,jewelry,atm,0,0.0019,ALLOW,1
2023-11-22 03:03:44,1040.67,grocery,in_store,0,1e-04,ALLOW,1
2023-11-22 03:21:37,2355.17,electronics,mobile_app,0,0.0006,ALLOW,1
2023-11-22 03:32:20,3904.69,fuel,in_store,0,0.0006,ALLOW,1
2023-11-22 04:08:45,4519.68,grocery,online,0,0.0004,ALLOW,1
2023-11-22 04:34:32,2473.25,fuel,mobile_app,0,0.0,ALLOW,1
2023-11-22 04:43:33,1639.57,travel,online,0,1e-04,ALLOW,1
2023-11-22 04:54:00,3559.06,entertainment,in_store,0,0.002,ALLOW,1
2023-11-22 05:05:35,540.2,travel,atm,0,0.0006,ALLOW,1
2023-11-22 05:09:54,669.05,electronics,online,0,0.0042,ALLOW,1
2023-11-22 05:23:27,562.57,travel,atm,0,0.0003,ALLOW,1
2023-11-22 05:57:58,124.1,electronics,atm,0,0.0002,ALLOW,1
2023-11-22 06:01:26,1394.04,pharmacy,online,0,0.0002,ALLOW,1
2023-11-22 06:14:08,454.61,online_gaming,mobile_app,0,1e-04,ALLOW,1
2023-11-22 06:17:23,273.8,jewelry,in_store,0,0.0008,ALLOW,1
2023-11-22 06:26:50,2610.97,electronics,mobile_app,0,1e-04,ALLOW,1
2023-11-22 06:36:23,1490.24,travel,online,0,0.0002,ALLOW,1
2023-11-22 07:00:31,979.24,travel,online,0,0.0006,ALLOW,1
2023-11-22 07:57:50,2965.95,online_gaming,online,0,1e-04,ALLOW,1
2023-11-22 07:59:40,655.94,grocery,in_store,0,0.0002,ALLOW,1
2023-11-22 08:08:15,164.08,pharmacy,mobile_app,0,0.0014,ALLOW,1
2023-11-22 08:10:05,284.36,clothing,mobile_app,0,0.0027,ALLOW,1
2023-11-22 08:13:47,166.35,pharmacy,online,0,1e-04,ALLOW,1
2023-11-22 08:16:01,2596.68,electronics,in_store,0,0.0002,ALLOW,1
2023-11-22 08:22:16,1031.45,online_gaming,atm,0,1e-04,ALLOW,1
2023-11-22 08:27:28,281.46,grocery,in_store,0,0.0002,ALLOW,1
2023-11-22 08:45:40,3999.85,electronics,in_store,0,0.0002,ALLOW,1
2023-11-22 08:51:04,1160.9,jewelry,in_store,0,1e-04,ALLOW,1
2023-11-22 08:53:18,1620.65,jewelry,mobile_app,0,1e-04,ALLOW,1
2023-11-22 08:54:28,2879.71,restaurant,in_store,0,0.0003,ALLOW,1
2023-11-22 08:56:15,979.02,jewelry,in_store,0,1e-04,ALLOW,1
2023-11-22 09:01:05,1624.99,jewelry,atm,0,1e-04,ALLOW,1
2023-11-22 09:16:38,3285.58,grocery,atm,0,0.0002,ALLOW,1
2023-11-22 09:27:29,8098.0,grocery,mobile_app,0,1e-04,ALLOW,1
2023-11-22 09:33:04,669.04,entertainment,atm,0,0.0006,ALLOW,1
2023-11-22 09:33:16,929.97,clothing,online,0,0.0002,ALLOW,1
2023-11-22 09:34:04,323.7,clothing,mobile_app,0,0.0004,ALLOW,1
2023-11-22 09:42:55,2929.8,pharmacy,online,0,1e-04,ALLOW,1
2023-11-22 09:47:49,538.68,online_gaming,atm,0,0.0137,ALLOW,1
2023-11-22 10:03:56,816.47,grocery,atm,0,1e-04,ALLOW,1
2023-11-22 10:09:47,297.76,travel,mobile_app,0,1e-04,ALLOW,1
2023-11-22 10:27:02,3881.73,restaurant,online,0,1e-04,ALLOW,1
2023-11-22 10:36:03,504.03,clothing,online,0,1e-04,ALLOW,1
2023-11-22 10:45:06,614.19,online_gaming,atm,0,0.0006,ALLOW,1
2023-11-22 10:48:01,5754.36,entertainment,mobile_app,0,0.0076,ALLOW,1
2023-11-22 10:51:29,34.7,fuel,atm,0,0.0003,ALLOW,1
2023-11-22 11:00:39,978.98,entertainment,atm,0,1e-04,ALLOW,1
2023-11-22 11:04:14,503.02,pharmacy,in_store,0,1e-04,ALLOW,1
2023-11-22 11:05:21,483.04,fuel,online,0,0.0007,ALLOW,1
2023-11-22 11:39:35,3093.12,online_gaming,in_store,0,0.0006,ALLOW,1
2023-11-22 11:40:40,406.44,clothing,online,0,0.0004,ALLOW,1
2023-11-22 11:59:17,664.1,travel,in_store,0,1e-04,ALLOW,1
2023-11-22 12:04:26,4825.23,travel,online,0,1e-04,ALLOW,1
2023-11-22 12:10:49,621.7,clothing,in_store,0,1e-04,ALLOW,1
2023-11-22 12:11:38,1990.38,fuel,online,0,0.0002,ALLOW,1
2023-11-22 12:15:06,55.22,jewelry,in_store,0,0.0003,ALLOW,1
2023-11-22 12:15:16,1670.51,online_gaming,atm,0,0.0002,ALLOW,1
2023-11-22 12:49:58,202.0,travel,online,0,0.0002,ALLOW,1
2023-11-22 13:03:13,135.45,jewelry,mobile_app,0,0.0002,ALLOW,1
2023-11-22 13:09:25,1044.21,fuel,mobile_app,0,1e-04,ALLOW,1
2023-11-22 13:18:51,2622.7,pharmacy,atm,0,0.0007,ALLOW,1
2023-11-22 13:33:47,662.37,electronics,online,0,1e-04,ALLOW,1
2023-11-22 13:57:45,32.98,electronics,in_store,0,0.0002,ALLOW,1
2023-11-22 14:17:48,2224.99,electronics,mobile_app,0,0.0003,ALLOW,1
2023-11-22 14:25:13,1564.37,fuel,online,0,0.0019,ALLOW,1
2023-11-22 14:26:09,750.56,pharmacy,online,0,1e-04,ALLOW,1
2023-11-22 14:40:32,1603.8,electronics,online,0,0.0,ALLOW,1
2023-11-22 14:42:32,622.95,clothing,mobile_app,0,0.0008,ALLOW,1
2023-11-22 14:47:18,311.48,entertainment,mobile_app,0,0.0025,ALLOW,1
2023-11-22 14:53:02,3384.65,online_gaming,mobile_app,0,0.0,ALLOW,1
2023-11-22 14:56:18,255.44,online_gaming,online,0,0.0011,ALLOW,1
2023-11-22 14:58:17,165.31,entertainment,online,0,0.0004,ALLOW,1
2023-11-22 15:01:10,651.76,grocery,online,0,1e-04,ALLOW,1
2023-11-22 15:03:11,6089.34,fuel,in_store,0,0.0013,ALLOW,1
2023-11-22 15:13:54,7181.19,clothing,online,0,0.0016,ALLOW,1
2023-11-22 15:14:06,435.67,online_gaming,atm,0,1e-04,ALLOW,1
2023-11-22 15:15:05,733.3,clothing,in_store,0,1e-04,ALLOW,1
2023-11-22 15:41:24,692.59,travel,atm,0,0.0002,ALLOW,1
2023-11-22 15:46:14,190.71,grocery,atm,0,1e-04,ALLOW,1
2023-11-22 15:57:34,513.95,jewelry,atm,0,0.0006,ALLOW,1
2023-11-22 16:13:55,12.79,jewelry,mobile_app,0,0.0003,ALLOW,1
2023-11-22 16:16:41,2038.45,pharmacy,mobile_app,0,1e-04,ALLOW,1
2023-11-22 16:54:39,106.86,travel,in_store,0,0.0002,ALLOW,1
2023-11-22 17:22:42,2486.41,travel,online,0,1e-04,ALLOW,1
2023-11-22 17:24:26,2467.0,fuel,in_store,0,0.0013,ALLOW,1
2023-11-22 17:30:52,592.79,pharmacy,in_store,0,1e-04,ALLOW,1
2023-11-22 17:55:23,556.58,travel,atm,0,0.0002,ALLOW,1
2023-11-22 17:59:45,278.53,clothing,in_store,0,0.0007,ALLOW,1
2023-11-22 18:04:40,2165.13,entertainment,atm,0,0.0003,ALLOW,1
2023-11-22 18:06:48,5508.82,jewelry,in_store,0,0.0003,ALLOW,1
2023-11-22 18:10:17,2654.94,restaurant,atm,0,0.0006,ALLOW,1
2023-11-22 18:30:17,2518.29,pharmacy,online,0,0.0,ALLOW,1
2023-11-22 18:56:10,1990.47,online_gaming,online,0,0.0,ALLOW,1
2023-11-22 19:02:53,764.66,clothing,atm,0,0.0004,ALLOW,1
2023-11-22 19:09:46,2005.24,grocery,online,0,1e-04,ALLOW,1
2023-11-22 19:12:08,3234.01,pharmacy,mobile_app,0,0.0009,ALLOW,1
2023-11-22 19:34:55,688.42,jewelry,online,0,0.0,ALLOW,1
2023-11-22 20:01:32,104.89,entertainment,in_store,0,1e-04,ALLOW,1
2023-11-22 20:10:22,1888.91,electronics,atm,0,0.0004,ALLOW,1
2023-11-22 20:13:54,741.36,electronics,online,0,1e-04,ALLOW,1
2023-11-22 20:39:18,3125.05,jewelry,mobile_app,0,0.0013,ALLOW,1
2023-11-22 20:44:09,998.89,electronics,atm,0,1e-04,ALLOW,1
2023-11-22 20:49:09,59.26,entertainment,online,0,0.0003,ALLOW,1
2023-11-22 20:49:52,656.67,pharmacy,online,0,0.0008,ALLOW,1
2023-11-22 20:53:44,928.64,grocery,atm,0,0.0004,ALLOW,1
2023-11-22 21:04:13,403.42,travel,in_store,0,1e-04,ALLOW,1
2023-11-22 21:11:59,4234.56,grocery,atm,0,0.0,ALLOW,1
2023-11-22 21:41:30,3291.13,online_gaming,in_store,0,0.0002,ALLOW,1
2023-11-22 21:49:12,3296.83,jewelry,online,0,0.0776,ALLOW,1
2023-11-22 21:55:43,174.32,clothing,atm,0,1e-04,ALLOW,1
2023-11-22 21:59:41,2057.65,fuel,mobile_app,0,0.0002,ALLOW,1
2023-11-22 22:50:42,2075.11,fuel,online,0,0.0002,ALLOW,1
2023-11-22 23:08:44,517.13,entertainment,in_store,0,0.0002,ALLOW,1
2023-11-22 23:34:01,16.44,clothing,mobile_app,0,0.0002,ALLOW,1
2023-11-23 00:06:24,108.34,entertainment,atm,0,0.0003,ALLOW,1
2023-11-23 00:25:59,182.92,electronics,online,0,0.0004,ALLOW,1
2023-11-23 00:29:04,1046.43,restaurant,online,0,0.0003,ALLOW,1
2023-11-23 00:29:36,270.16,jewelry,online,0,1e-04,ALLOW,1
2023-11-23 00:33:14,309.54,pharmacy,mobile_app,0,0.0,ALLOW,1
2023-11-23 00:46:44,1547.14,clothing,atm,0,0.0,ALLOW,1
2023-11-23 00:49:08,2656.17,online_gaming,online,0,0.0,ALLOW,1
2023-11-23 00:53:02,4956.27,travel,atm,0,1e-04,ALLOW,1
2023-11-23 00:56:08,1385.96,travel,in_store,1,1.0,REVIEW,1
2023-11-23 00:58:52,28.58,pharmacy,in_store,0,0.0007,ALLOW,1
2023-11-23 01:08:02,1562.1,electronics,mobile_app,0,1e-04,ALLOW,1
2023-11-23 01:12:49,354.87,entertainment,mobile_app,0,0.0003,ALLOW,1
2023-11-23 01:20:23,1731.12,grocery,atm,0,1e-04,ALLOW,1
2023-11-23 01:42:23,99.41,electronics,in_store,0,0.0002,ALLOW,1
2023-11-23 01:48:10,76.68,clothing,online,0,1e-04,ALLOW,1
2023-11-23 01:57:05,1185.38,grocery,in_store,0,1e-04,ALLOW,1
2023-11-23 02:27:38,666.95,travel,in_store,0,0.0004,ALLOW,1
2023-11-23 02:49:44,5502.68,grocery,online,0,0.009,ALLOW,1
2023-11-23 03:06:01,1495.37,pharmacy,online,0,0.0,ALLOW,1
2023-11-23 03:12:12,129.51,online_gaming,online,0,1e-04,ALLOW,1
2023-11-23 03:21:33,1183.49,entertainment,atm,0,1e-04,ALLOW,1
2023-11-23 03:47:05,890.77,online_gaming,online,0,1e-04,ALLOW,1
2023-11-23 04:08:16,2388.55,fuel,in_store,0,0.0008,ALLOW,1
2023-11-23 04:32:55,85.65,grocery,mobile_app,0,0.0002,ALLOW,1
2023-11-23 04:58:23,309.32,travel,atm,0,0.0017,ALLOW,1
2023-11-23 05:15:21,1486.73,fuel,in_store,0,0.0,ALLOW,1
2023-11-23 05:28:43,171.02,jewelry,online,0,1e-04,ALLOW,1
2023-11-23 06:21:07,4567.17,electronics,atm,0,0.0003,ALLOW,1
2023-11-23 06:24:49,287.53,pharmacy,online,0,0.0,ALLOW,1
2023-11-23 06:58:38,1546.1,online_gaming,atm,0,0.0016,ALLOW,1
2023-11-23 07:01:13,12.21,online_gaming,in_store,0,1e-04,ALLOW,1
2023-11-23 07:02:33,1952.85,grocery,in_store,0,0.0,ALLOW,1
2023-11-23 07:05:14,2973.04,electronics,online,0,1e-04,ALLOW,1
2023-11-23 07:11:46,839.89,pharmacy,online,0,0.0005,ALLOW,1
2023-11-23 07:16:15,18.1,pharmacy,atm,0,0.0068,ALLOW,1
2023-11-23 07:18:53,704.96,pharmacy,atm,0,1e-04,ALLOW,1
2023-11-23 07:19:47,1944.99,entertainment,in_store,0,0.0,ALLOW,1
2023-11-23 07:26:07,3059.18,entertainment,online,0,0.0007,ALLOW,1
2023-11-23 07:28:22,200.03,pharmacy,mobile_app,0,0.0003,ALLOW,1
2023-11-23 07:42:43,272.39,jewelry,in_store,0,1e-04,ALLOW,1
2023-11-23 07:44:43,3024.78,entertainment,mobile_app,0,0.0002,ALLOW,1
2023-11-23 07:57:55,3336.14,fuel,atm,0,0.0003,ALLOW,1
2023-11-23 08:01:42,207.63,online_gaming,online,0,0.0,ALLOW,1
2023-11-23 08:11:25,2752.92,jewelry,mobile_app,0,0.0,ALLOW,1
2023-11-23 08:11:57,251.83,fuel,in_store,0,0.001,ALLOW,1
2023-11-23 08:32:42,1646.7,online_gaming,mobile_app,0,0.0,ALLOW,1
2023-11-23 08:49:39,354.43,pharmacy,online,0,1e-04,ALLOW,1
2023-11-23 08:51:21,739.26,electronics,online,0,1e-04,ALLOW,1
2023-11-23 09:00:11,518.98,electronics,online,0,0.0004,ALLOW,1
2023-11-23 09:08:33,1097.42,entertainment,atm,0,1e-04,ALLOW,1
2023-11-23 09:12:11,217.61,online_gaming,atm,1,0.9998,REVIEW,1
2023-11-23 09:22:54,1007.31,pharmacy,online,0,0.0,ALLOW,1
2023-11-23 09:31:28,1405.41,online_gaming,mobile_app,0,0.001,ALLOW,1
2023-11-23 09:31:31,1645.01,fuel,online,0,0.0002,ALLOW,1
2023-11-23 10:02:58,1687.19,clothing,online,0,1e-04,ALLOW,1
2023-11-23 10:08:06,1075.37,fuel,mobile_app,0,0.0017,ALLOW,1
2023-11-23 10:17:35,1063.91,fuel,mobile_app,0,0.0,ALLOW,1
2023-11-23 10:34:39,3901.25,restaurant,mobile_app,1,0.9999,REVIEW,1
2023-11-23 10:39:24,365.34,grocery,mobile_app,0,1e-04,ALLOW,1
2023-11-23 10:45:42,1061.35,grocery,online,0,0.0,ALLOW,1
2023-11-23 10:59:51,1188.58,online_gaming,online,0,0.0007,ALLOW,1
2023-11-23 11:18:31,2623.39,restaurant,mobile_app,0,0.0005,ALLOW,1
2023-11-23 11:25:18,3389.63,travel,mobile_app,0,0.0,ALLOW,1
2023-11-23 11:31:34,3201.52,fuel,mobile_app,0,0.0002,ALLOW,1
2023-11-23 11:40:44,504.89,grocery,online,0,0.0002,ALLOW,1
2023-11-23 11:57:01,1524.18,fuel,online,0,1e-04,ALLOW,1
2023-11-23 12:02:16,745.44,restaurant,in_store,0,0.0015,ALLOW,1
2023-11-23 12:29:05,1933.11,electronics,online,0,0.0,ALLOW,1
2023-11-23 12:33:36,1844.8,grocery,mobile_app,0,1e-04,ALLOW,1
2023-11-23 12:35:44,122.33,fuel,atm,0,1e-04,ALLOW,1
2023-11-23 12:36:09,218.92,electronics,mobile_app,0,1e-04,ALLOW,1
2023-11-23 12:36:20,1649.7,grocery,in_store,0,0.0,ALLOW,1
2023-11-23 12:54:31,67.41,travel,in_store,0,1e-04,ALLOW,1
2023-11-23 12:55:50,281.5,online_gaming,atm,0,1e-04,ALLOW,1
2023-11-23 12:58:02,1798.34,electronics,in_store,0,1e-04,ALLOW,1
2023-11-23 12:58:36,9039.94,online_gaming,atm,0,0.0291,ALLOW,1
2023-11-23 13:16:16,4221.63,entertainment,atm,0,0.0014,ALLOW,1
2023-11-23 13:28:11,178.43,grocery,atm,0,0.0002,ALLOW,1
2023-11-23 13:43:11,184.63,restaurant,mobile_app,0,0.0005,ALLOW,1
2023-11-23 13:43:22,621.98,entertainment,in_store,0,0.0002,ALLOW,1
2023-11-23 13:49:41,369.01,clothing,atm,0,1e-04,ALLOW,1
2023-11-23 14:15:40,1158.03,entertainment,in_store,0,0.0002,ALLOW,1
2023-11-23 14:28:21,24.55,pharmacy,atm,0,1e-04,ALLOW,1
2023-11-23 14:45:09,28.63,clothing,online,0,0.0,ALLOW,1
2023-11-23 14:52:38,1114.62,entertainment,online,0,0.0027,ALLOW,1
2023-11-23 15:00:15,2343.02,pharmacy,mobile_app,0,1e-04,ALLOW,1
2023-11-23 15:08:30,980.97,grocery,in_store,0,0.0083,ALLOW,1
2023-11-23 15:10:03,1420.45,electronics,mobile_app,1,1.0,REVIEW,1
2023-11-23 15:36:25,126.77,restaurant,mobile_app,0,0.0,ALLOW,1
2023-11-23 15:38:44,102.75,clothing,atm,0,1e-04,ALLOW,1
2023-11-23 15:41:44,2766.35,pharmacy,in_store,0,0.0,ALLOW,1
2023-11-23 15:58:51,166.04,fuel,mobile_app,0,0.0012,ALLOW,1
2023-11-23 16:02:47,2863.38,clothing,mobile_app,0,0.0,ALLOW,1
2023-11-23 16:42:34,2168.03,travel,in_store,0,0.0024,ALLOW,1
2023-11-23 17:09:16,397.81,grocery,online,0,0.0,ALLOW,1
2023-11-23 17:10:09,374.18,online_gaming,atm,0,0.0004,ALLOW,1
2023-11-23 17:11:05,240.14,entertainment,online,0,1e-04,ALLOW,1
2023-11-23 17:47:10,439.51,online_gaming,online,0,1e-04,ALLOW,1
2023-11-23 17:48:55,853.01,clothing,online,0,1e-04,ALLOW,1
2023-11-23 17:55:45,389.19,jewelry,in_store,0,1e-04,ALLOW,1
2023-11-23 18:06:33,1984.74,online_gaming,online,0,0.0002,ALLOW,1
2023-11-23 18:09:51,2668.8,travel,mobile_app,0,0.0,ALLOW,1
2023-11-23 18:19:44,1833.4,travel,mobile_app,0,0.0,ALLOW,1
2023-11-23 18:59:49,6646.2,clothing,in_store,0,0.0003,ALLOW,1
2023-11-23 19:16:23,886.8,travel,in_store,0,1e-04,ALLOW,1
2023-11-23 19:26:57,1625.69,fuel,atm,0,0.0015,ALLOW,1
2023-11-23 19:53:36,2022.06,grocery,in_store,0,0.0002,ALLOW,1
2023-11-23 19:55:18,1191.0,restaurant,atm,0,0.0002,ALLOW,1
2023-11-23 19:55:57,299.14,electronics,in_store,0,1e-04,ALLOW,1
2023-11-23 20:09:38,686.5,pharmacy,in_store,0,1e-04,ALLOW,1
2023-11-23 20:12:09,64.41,fuel,in_store,0,1e-04,ALLOW,1
2023-11-23 20:13:14,1124.48,fuel,atm,0,0.0008,ALLOW,1
2023-11-23 20:16:13,975.57,entertainment,mobile_app,0,0.0006,ALLOW,1
2023-11-23 20:31:16,1020.07,travel,mobile_app,0,0.001,ALLOW,1
2023-11-23 20:35:57,817.63,jewelry,mobile_app,0,1e-04,ALLOW,1
2023-11-23 20:44:38,436.41,jewelry,in_store,0,0.0002,ALLOW,1
2023-11-23 20:57:13,1264.39,electronics,online,0,1e-04,ALLOW,1
2023-11-23 21:14:26,826.78,travel,mobile_app,0,0.0006,ALLOW,1
2023-11-23 21:19:23,1433.25,entertainment,online,0,1e-04,ALLOW,1
2023-11-23 21:48:31,2444.22,restaurant,online,0,0.0006,ALLOW,1
2023-11-23 21:55:00,462.53,electronics,online,0,1e-04,ALLOW,1
2023-11-23 22:00:20,437.62,online_gaming,online,0,0.0047,ALLOW,1
2023-11-23 22:10:15,851.75,fuel,atm,0,0.0,ALLOW,1
2023-11-23 22:23:06,2104.52,pharmacy,in_store,0,1e-04,ALLOW,1
2023-11-23 22:32:37,10563.92,electronics,in_store,0,0.0035,ALLOW,1
2023-11-23 22:42:40,1013.97,grocery,online,0,0.0,ALLOW,1
2023-11-23 22:47:10,833.4,fuel,atm,0,1e-04,ALLOW,1
2023-11-23 22:54:19,2185.02,electronics,in_store,0,0.0002,ALLOW,1
2023-11-23 22:56:39,237.17,entertainment,in_store,0,0.0007,ALLOW,1
2023-11-23 22:58:57,1566.26,clothing,atm,0,0.0002,ALLOW,1
2023-11-23 23:06:52,3673.83,travel,in_store,0,0.0012,ALLOW,1
2023-11-23 23:07:22,551.88,electronics,in_store,0,0.0002,ALLOW,1
2023-11-23 23:30:25,581.22,grocery,atm,0,0.0002,ALLOW,1
2023-11-23 23:38:38,1000.15,pharmacy,online,0,1e-04,ALLOW,1
2023-11-24 00:05:09,540.89,fuel,online,0,0.0,ALLOW,1
2023-11-24 00:09:31,848.97,clothing,online,0,0.0007,ALLOW,1
2023-11-24 00:18:24,918.92,grocery,mobile_app,0,0.0002,ALLOW,1
2023-11-24 00:27:53,3619.65,online_gaming,atm,0,1e-04,ALLOW,1
2023-11-24 00:42:15,252.99,restaurant,in_store,0,0.0008,ALLOW,1
2023-11-24 00:45:00,3401.65,entertainment,online,0,0.0004,ALLOW,1
2023-11-24 00:49:01,823.71,electronics,atm,0,1e-04,ALLOW,1
2023-11-24 00:58:48,1003.52,electronics,atm,1,0.9999,REVIEW,1
2023-11-24 01:15:51,354.53,entertainment,atm,0,0.0,ALLOW,1
2023-11-24 01:19:57,950.08,fuel,in_store,0,0.0,ALLOW,1
2023-11-24 01:30:28,284.62,pharmacy,mobile_app,0,0.0006,ALLOW,1
2023-11-24 01:35:05,1997.14,electronics,in_store,0,1e-04,ALLOW,1
2023-11-24 01:41:00,550.0,restaurant,mobile_app,0,0.0003,ALLOW,1
2023-11-24 01:44:44,283.07,clothing,in_store,0,0.0006,ALLOW,1
2023-11-24 01:57:10,1664.87,pharmacy,mobile_app,0,1e-04,ALLOW,1
2023-11-24 02:15:57,5296.25,fuel,atm,0,0.0011,ALLOW,1
2023-11-24 02:16:40,518.83,entertainment,mobile_app,0,1e-04,ALLOW,1
2023-11-24 02:17:19,2023.06,jewelry,online,0,0.0321,ALLOW,1
2023-11-24 03:01:40,342.13,pharmacy,mobile_app,0,0.0005,ALLOW,1
2023-11-24 03:08:18,1869.22,clothing,mobile_app,0,0.0,ALLOW,1
2023-11-24 03:16:26,4395.03,fuel,mobile_app,0,1e-04,ALLOW,1
2023-11-24 03:16:36,1588.65,entertainment,mobile_app,0,0.0,ALLOW,1
2023-11-24 03:18:42,385.48,pharmacy,in_store,0,0.0002,ALLOW,1
2023-11-24 03:19:40,5651.23,grocery,online,0,1e-04,ALLOW,1
2023-11-24 03:25:45,180.11,pharmacy,mobile_app,0,0.0,ALLOW,1
2023-11-24 03:32:19,2918.41,jewelry,in_store,0,0.0,ALLOW,1
2023-11-24 03:32:29,919.37,electronics,atm,0,0.0,ALLOW,1
2023-11-24 03:39:06,928.95,grocery,mobile_app,0,0.0004,ALLOW,1
2023-11-24 03:43:21,930.93,fuel,mobile_app,0,0.0,ALLOW,1
2023-11-24 03:43:43,29.02,jewelry,mobile_app,0,0.0002,ALLOW,1
2023-11-24 03:57:11,71.89,entertainment,in_store,0,1e-04,ALLOW,1
2023-11-24 03:57:33,1207.73,clothing,online,0,0.0,ALLOW,1
2023-11-24 03:57:39,1033.13,entertainment,atm,0,0.0003,ALLOW,1
2023-11-24 04:27:48,512.7,jewelry,online,0,0.0003,ALLOW,1
2023-11-24 04:30:31,385.44,pharmacy,atm,0,1e-04,ALLOW,1
2023-11-24 04:31:36,2001.67,electronics,mobile_app,0,0.0004,ALLOW,1
2023-11-24 04:31:51,1487.43,clothing,in_store,0,0.0005,ALLOW,1
2023-11-24 04:39:43,1910.15,travel,in_store,0,0.0005,ALLOW,1
2023-11-24 04:40:35,348.27,electronics,in_store,1,0.9999,REVIEW,1
2023-11-24 04:58:18,299.51,grocery,mobile_app,0,0.0,ALLOW,1
2023-11-24 05:28:05,1424.39,entertainment,atm,0,0.0003,ALLOW,1
2023-11-24 05:33:46,751.91,electronics,atm,0,1e-04,ALLOW,1
2023-11-24 05:39:01,1189.77,travel,mobile_app,0,0.0002,ALLOW,1
2023-11-24 05:59:48,1776.51,online_gaming,in_store,0,1e-04,ALLOW,1
2023-11-24 06:12:18,577.71,jewelry,in_store,0,0.0139,ALLOW,1
2023-11-24 06:16:18,606.47,jewelry,in_store,0,0.0015,ALLOW,1
2023-11-24 07:57:38,523.2,entertainment,mobile_app,0,0.0,ALLOW,1
2023-11-24 07:58:30,200.0,jewelry,in_store,1,0.764,REVIEW,1
2023-11-24 08:06:17,2854.3,online_gaming,in_store,0,1e-04,ALLOW,1
2023-11-24 08:09:30,505.32,fuel,in_store,0,0.0,ALLOW,1
2023-11-24 08:29:30,2261.2,online_gaming,atm,0,0.0002,ALLOW,1
2023-11-24 08:34:09,785.59,travel,atm,0,1e-04,ALLOW,1
2023-11-24 08:34:21,1449.73,grocery,online,0,0.0002,ALLOW,1
2023-11-24 08:39:48,1363.1,entertainment,in_store,0,1e-04,ALLOW,1
2023-11-24 08:40:08,69.64,clothing,online,0,0.0002,ALLOW,1
2023-11-24 08:46:36,2546.77,grocery,atm,0,1e-04,ALLOW,1
2023-11-24 08:52:15,208.19,jewelry,online,1,0.9975,REVIEW,1
2023-11-24 09:03:12,790.9,pharmacy,in_store,0,0.0,ALLOW,1
2023-11-24 09:46:59,365.34,online_gaming,atm,0,0.0004,ALLOW,1
2023-11-24 09:53:49,1963.1,online_gaming,mobile_app,0,1e-04,ALLOW,1
2023-11-24 10:09:34,422.98,online_gaming,online,0,0.0017,ALLOW,1
2023-11-24 10:12:28,611.5,online_gaming,atm,0,0.0,ALLOW,1
2023-11-24 10:20:21,451.49,grocery,mobile_app,0,0.0003,ALLOW,1
2023-11-24 10:26:01,158.69,entertainment,atm,0,0.0004,ALLOW,1
2023-11-24 10:50:33,7312.26,jewelry,online,0,0.0004,ALLOW,1
2023-11-24 10:58:15,2118.74,fuel,in_store,0,0.002,ALLOW,1
2023-11-24 11:10:57,1615.86,clothing,online,0,0.0003,ALLOW,1
2023-11-24 11:12:24,5580.17,fuel,mobile_app,0,0.0002,ALLOW,1
2023-11-24 11:21:09,4700.06,electronics,in_store,0,1e-04,ALLOW,1
2023-11-24 11:21:59,65.4,online_gaming,mobile_app,0,0.0,ALLOW,1
2023-11-24 11:29:37,957.22,clothing,in_store,0,1e-04,ALLOW,1
2023-11-24 11:44:03,982.03,restaurant,in_store,0,0.0,ALLOW,1
2023-11-24 11:45:58,881.76,clothing,atm,0,0.0045,ALLOW,1
2023-11-24 11:59:22,370.98,entertainment,mobile_app,0,0.0005,ALLOW,1
2023-11-24 12:31:54,275.51,jewelry,in_store,0,0.0004,ALLOW,1
2023-11-24 12:40:01,2053.44,grocery,in_store,0,0.0,ALLOW,1
2023-11-24 12:49:29,450.54,pharmacy,atm,0,1e-04,ALLOW,1
2023-11-24 12:49:58,553.59,online_gaming,atm,0,0.0005,ALLOW,1
2023-11-24 12:59:00,16.48,grocery,in_store,0,1e-04,ALLOW,1
2023-11-24 13:00:47,2061.69,entertainment,online,0,1e-04,ALLOW,1
2023-11-24 13:09:59,1706.37,entertainment,atm,0,0.0005,ALLOW,1
2023-11-24 13:28:04,163.29,electronics,mobile_app,0,0.0002,ALLOW,1
2023-11-24 13:40:21,891.57,clothing,in_store,0,1e-04,ALLOW,1
2023-11-24 13:50:25,7153.14,entertainment,mobile_app,0,0.0,ALLOW,1
2023-11-24 13:52:50,1942.29,online_gaming,in_store,0,0.0,ALLOW,1
2023-11-24 13:59:56,1339.37,online_gaming,in_store,0,0.0002,ALLOW,1
2023-11-24 14:03:40,4112.2,entertainment,online,0,0.0,ALLOW,1
2023-11-24 14:40:08,1409.82,travel,mobile_app,0,0.0,ALLOW,1
2023-11-24 14:43:22,1795.51,restaurant,mobile_app,0,0.0006,ALLOW,1
2023-11-24 15:04:10,3198.95,clothing,in_store,0,0.0002,ALLOW,1
2023-11-24 15:09:19,835.35,entertainment,atm,0,0.0003,ALLOW,1
2023-11-24 15:22:07,821.58,entertainment,atm,0,0.0002,ALLOW,1
2023-11-24 15:34:28,2111.64,travel,online,0,1e-04,ALLOW,1
2023-11-24 15:48:16,1474.54,grocery,atm,0,0.0005,ALLOW,1
2023-11-24 15:56:42,1203.82,entertainment,atm,0,0.0012,ALLOW,1
2023-11-24 16:02:15,695.0,pharmacy,mobile_app,0,0.0,ALLOW,1
2023-11-24 16:07:04,1205.02,restaurant,atm,0,0.003,ALLOW,1
2023-11-24 16:10:01,1816.27,electronics,atm,0,0.0003,ALLOW,1
2023-11-24 16:28:16,2587.83,entertainment,mobile_app,0,0.0,ALLOW,1
2023-11-24 16:53:42,4989.67,clothing,in_store,0,0.048,ALLOW,1
2023-11-24 16:54:04,488.92,fuel,mobile_app,0,0.0003,ALLOW,1
2023-11-24 17:05:59,1418.39,restaurant,mobile_app,0,0.0006,ALLOW,1
2023-11-24 17:20:05,1668.39,clothing,online,0,0.004,ALLOW,1
2023-11-24 17:22:44,351.84,grocery,atm,0,0.0002,ALLOW,1
2023-11-24 17:23:44,233.12,clothing,mobile_app,0,0.0008,ALLOW,1
2023-11-24 17:39:13,1319.27,grocery,mobile_app,0,0.0002,ALLOW,1
2023-11-24 17:42:24,1518.73,electronics,mobile_app,0,0.0004,ALLOW,1
2023-11-24 17:55:49,763.65,restaurant,mobile_app,0,0.0007,ALLOW,1
2023-11-24 18:06:04,885.24,fuel,online,0,1e-04,ALLOW,1
2023-11-24 18:10:35,2551.89,pharmacy,mobile_app,0,1e-04,ALLOW,1
2023-11-24 18:21:59,694.5,electronics,mobile_app,0,1e-04,ALLOW,1
2023-11-24 18:33:21,3571.38,clothing,online,0,0.0002,ALLOW,1
2023-11-24 18:41:58,364.44,fuel,online,0,1e-04,ALLOW,1
2023-11-24 19:08:18,376.85,fuel,mobile_app,0,1e-04,ALLOW,1
2023-11-24 19:11:32,527.48,clothing,mobile_app,0,0.0182,ALLOW,1
2023-11-24 19:38:00,41.66,fuel,in_store,0,1e-04,ALLOW,1
2023-11-24 19:43:17,665.31,electronics,atm,0,0.0,ALLOW,1
2023-11-24 19:46:00,5216.01,clothing,mobile_app,1,0.9997,REVIEW,1
2023-11-24 19:53:49,985.32,fuel,in_store,0,0.0,ALLOW,1
2023-11-24 20:06:19,1029.31,online_gaming,in_store,0,0.001,ALLOW,1
2023-11-24 20:10:05,528.85,fuel,mobile_app,0,0.0017,ALLOW,1
2023-11-24 20:10:31,217.85,pharmacy,in_store,0,0.0003,ALLOW,1
2023-11-24 20:16:19,78.27,grocery,mobile_app,0,1e-04,ALLOW,1
2023-11-24 20:25:12,3746.15,restaurant,online,0,1e-04,ALLOW,1
2023-11-24 20:36:30,937.79,electronics,in_store,0,1e-04,ALLOW,1
2023-11-24 20:40:24,1891.87,travel,mobile_app,0,0.0,ALLOW,1
2023-11-24 21:04:35,2790.69,entertainment,in_store,0,1e-04,ALLOW,1
2023-11-24 21:17:21,200.0,electronics,mobile_app,1,0.9997,REVIEW,1
2023-11-24 21:27:39,775.35,clothing,in_store,0,0.0002,ALLOW,1
2023-11-24 21:57:35,851.91,clothing,atm,0,0.0007,ALLOW,1
2023-11-24 22:15:33,1198.98,pharmacy,in_store,0,1e-04,ALLOW,1
2023-11-24 22:20:14,400.45,restaurant,in_store,0,0.0007,ALLOW,1
2023-11-24 22:20:36,1913.24,fuel,mobile_app,0,0.0007,ALLOW,1
2023-11-24 23:06:10,618.51,restaurant,online,0,0.0,ALLOW,1
2023-11-24 23:51:27,4040.65,fuel,atm,0,0.0039,ALLOW,1
2023-11-24 23:57:07,200.0,travel,mobile_app,1,0.9999,REVIEW,1
2023-11-25 00:01:11,136.68,grocery,mobile_app,0,0.0002,ALLOW,1
2023-11-25 00:13:07,1298.07,restaurant,in_store,0,1e-04,ALLOW,1
2023-11-25 00:18:42,1166.89,pharmacy,mobile_app,0,0.0005,ALLOW,1
2023-11-25 00:20:53,2085.69,travel,mobile_app,0,0.0002,ALLOW,1
2023-11-25 00:31:28,816.89,electronics,mobile_app,0,0.0002,ALLOW,1
2023-11-25 00:44:11,6356.93,entertainment,mobile_app,0,0.0003,ALLOW,1
2023-11-25 00:54:08,1387.05,grocery,in_store,0,0.0,ALLOW,1
2023-11-25 00:55:03,1532.15,pharmacy,atm,0,0.0004,ALLOW,1
2023-11-25 00:57:26,1700.52,online_gaming,mobile_app,0,0.0002,ALLOW,1
2023-11-25 01:00:45,752.71,pharmacy,atm,0,0.0,ALLOW,1
2023-11-25 01:14:44,2401.21,clothing,atm,0,1e-04,ALLOW,1
2023-11-25 01:25:53,1735.14,jewelry,atm,0,0.0004,ALLOW,1
2023-11-25 01:38:52,866.0,travel,online,0,1e-04,ALLOW,1
2023-11-25 01:52:53,986.88,entertainment,mobile_app,0,0.0012,ALLOW,1
2023-11-25 02:03:53,1151.5,electronics,atm,0,0.0002,ALLOW,1
2023-11-25 02:04:25,3787.81,online_gaming,mobile_app,0,0.0003,ALLOW,1
2023-11-25 02:16:00,1241.72,clothing,mobile_app,0,0.0006,ALLOW,1
2023-11-25 02:30:34,2338.86,travel,in_store,0,0.0169,ALLOW,1
2023-11-25 02:30:51,979.16,pharmacy,atm,0,0.0007,ALLOW,1
2023-11-25 03:14:45,257.67,jewelry,in_store,0,0.0011,ALLOW,1
2023-11-25 03:17:13,205.04,entertainment,online,0,0.0005,ALLOW,1
2023-11-25 03:29:34,281.27,clothing,online,0,0.0004,ALLOW,1
2023-11-25 03:34:20,255.93,travel,online,0,0.0009,ALLOW,1
2023-11-25 03:51:14,1838.12,fuel,in_store,0,0.0017,ALLOW,1
2023-11-25 04:25:46,709.73,pharmacy,atm,0,0.0002,ALLOW,1
2023-11-25 04:44:54,761.48,clothing,online,0,1e-04,ALLOW,1
2023-11-25 04:52:59,4387.81,restaurant,mobile_app,0,0.0007,ALLOW,1
2023-11-25 05:20:19,449.01,online_gaming,online,0,0.0008,ALLOW,1
2023-11-25 05:21:14,2167.62,travel,atm,0,0.0,ALLOW,1
2023-11-25 05:35:12,1965.74,pharmacy,atm,0,0.0003,ALLOW,1
2023-11-25 05:38:07,677.82,jewelry,online,0,0.0017,ALLOW,1
2023-11-25 05:59:35,2212.48,grocery,online,0,0.0003,ALLOW,1
2023-11-25 06:01:04,1276.18,grocery,online,0,1e-04,ALLOW,1
2023-11-25 06:11:55,217.39,fuel,atm,0,0.0002,ALLOW,1
2023-11-25 06:14:37,1685.66,clothing,mobile_app,0,0.0,ALLOW,1
2023-11-25 07:03:39,1082.99,jewelry,atm,0,0.0004,ALLOW,1
2023-11-25 07:04:49,4971.73,travel,online,0,0.0,ALLOW,1
2023-11-25 07:07:15,279.86,electronics,atm,0,0.0002,ALLOW,1
2023-11-25 07:21:57,57.55,fuel,online,0,1e-04,ALLOW,1
2023-11-25 07:54:22,901.75,online_gaming,online,0,0.0002,ALLOW,1
2023-11-25 07:54:53,3836.4,entertainment,atm,0,1e-04,ALLOW,1
2023-11-25 08:01:48,188.56,grocery,atm,0,0.0004,ALLOW,1
2023-11-25 08:08:20,288.89,grocery,mobile_app,0,0.0002,ALLOW,1
2023-11-25 08:33:18,1587.7,restaurant,online,0,1e-04,ALLOW,1
2023-11-25 08:46:55,2380.74,restaurant,atm,0,0.0,ALLOW,1
2023-11-25 08:53:57,546.15,entertainment,in_store,0,0.0005,ALLOW,1
2023-11-25 08:56:20,4445.73,jewelry,in_store,0,0.0025,ALLOW,1
2023-11-25 08:56:34,2216.42,electronics,online,0,0.0006,ALLOW,1
2023-11-25 09:07:17,301.16,electronics,atm,0,0.0005,ALLOW,1
2023-11-25 09:21:14,2075.13,fuel,online,0,0.0003,ALLOW,1
2023-11-25 09:31:37,1649.95,jewelry,online,0,1e-04,ALLOW,1
2023-11-25 09:35:53,441.47,jewelry,in_store,0,0.0002,ALLOW,1
2023-11-25 10:02:00,165.88,online_gaming,online,0,0.0003,ALLOW,1
2023-11-25 10:32:54,432.75,clothing,mobile_app,0,0.0069,ALLOW,1
2023-11-25 10:43:56,588.39,online_gaming,in_store,0,0.002,ALLOW,1
2023-11-25 10:46:16,13.0,travel,in_store,0,0.0002,ALLOW,1
2023-11-25 11:16:08,3056.78,jewelry,online,0,0.0,ALLOW,1
2023-11-25 11:16:20,682.83,jewelry,in_store,0,1e-04,ALLOW,1
2023-11-25 11:24:12,3757.37,entertainment,online,0,0.0,ALLOW,1
2023-11-25 11:51:11,84.23,fuel,in_store,0,0.0002,ALLOW,1
2023-11-25 12:00:01,214.22,grocery,atm,0,0.0007,ALLOW,1
2023-11-25 12:00:30,2491.92,restaurant,atm,0,0.0062,ALLOW,1
2023-11-25 12:11:39,458.89,fuel,online,0,0.0034,ALLOW,1
2023-11-25 12:15:38,1421.15,jewelry,online,0,0.0,ALLOW,1
2023-11-25 12:29:50,1180.42,entertainment,atm,0,0.0,ALLOW,1
2023-11-25 12:32:17,259.2,electronics,mobile_app,0,0.0003,ALLOW,1
2023-11-25 12:39:26,378.44,grocery,in_store,0,0.0002,ALLOW,1
2023-11-25 12:46:49,640.04,restaurant,online,0,0.0004,ALLOW,1
2023-11-25 12:49:40,75.55,entertainment,in_store,0,0.0,ALLOW,1
2023-11-25 13:02:25,765.65,clothing,online,0,0.0,ALLOW,1
2023-11-25 13:07:29,955.82,electronics,atm,1,0.9959,REVIEW,1
2023-11-25 13:18:10,584.73,fuel,online,0,1e-04,ALLOW,1
2023-11-25 13:27:22,350.73,jewelry,mobile_app,0,1e-04,ALLOW,1
2023-11-25 13:29:45,60.95,entertainment,mobile_app,0,1e-04,ALLOW,1
2023-11-25 13:41:43,7259.16,grocery,mobile_app,0,0.0002,ALLOW,1
2023-11-25 13:52:24,1718.28,online_gaming,atm,0,1e-04,ALLOW,1
2023-11-25 13:53:24,1125.74,electronics,in_store,0,1e-04,ALLOW,1
2023-11-25 13:58:09,1929.28,travel,in_store,0,1e-04,ALLOW,1
2023-11-25 14:04:47,1634.06,travel,mobile_app,0,1e-04,ALLOW,1
2023-11-25 14:22:07,1979.33,restaurant,atm,0,0.0002,ALLOW,1
2023-11-25 14:24:20,2154.52,electronics,in_store,0,1e-04,ALLOW,1
2023-11-25 14:27:57,194.75,jewelry,atm,0,0.0002,ALLOW,1
2023-11-25 14:30:13,1540.0,travel,in_store,0,0.0004,ALLOW,1
2023-11-25 14:32:05,15.3,jewelry,mobile_app,0,0.0003,ALLOW,1
2023-11-25 14:34:18,146.68,entertainment,in_store,0,0.0002,ALLOW,1
2023-11-25 15:00:07,138.59,electronics,online,0,1e-04,ALLOW,1
2023-11-25 15:08:47,712.31,pharmacy,in_store,0,0.001,ALLOW,1
2023-11-25 15:09:24,839.79,fuel,in_store,0,0.0005,ALLOW,1
2023-11-25 15:09:46,2406.17,fuel,in_store,0,1e-04,ALLOW,1
2023-11-25 15:09:57,1736.59,travel,in_store,0,0.0011,ALLOW,1
2023-11-25 15:16:04,1996.9,grocery,online,0,1e-04,ALLOW,1
2023-11-25 15:25:21,385.36,jewelry,mobile_app,0,0.0003,ALLOW,1
2023-11-25 15:32:30,2374.0,grocery,mobile_app,0,0.0002,ALLOW,1
2023-11-25 15:36:47,292.29,electronics,atm,0,0.0008,ALLOW,1
2023-11-25 15:39:42,721.08,grocery,atm,0,1e-04,ALLOW,1
2023-11-25 15:41:08,1393.04,electronics,mobile_app,0,0.0003,ALLOW,1
2023-11-25 15:43:16,742.17,jewelry,in_store,0,0.0,ALLOW,1
2023-11-25 15:43:33,404.9,fuel,online,0,0.0016,ALLOW,1
2023-11-25 16:10:31,661.0,jewelry,mobile_app,0,1e-04,ALLOW,1
2023-11-25 16:12:59,2535.03,online_gaming,mobile_app,0,0.0,ALLOW,1
2023-11-25 16:21:36,338.38,restaurant,atm,0,1e-04,ALLOW,1
2023-11-25 16:27:09,2534.77,restaurant,online,0,0.0009,ALLOW,1
2023-11-25 16:28:48,148.04,fuel,mobile_app,0,1e-04,ALLOW,1
2023-11-25 16:34:20,2195.52,electronics,online,0,0.0004,ALLOW,1
2023-11-25 16:39:01,1859.3,fuel,mobile_app,0,1e-04,ALLOW,1
2023-11-25 16:39:23,1116.48,jewelry,mobile_app,0,1e-04,ALLOW,1
2023-11-25 16:41:29,1035.5,electronics,atm,0,0.0,ALLOW,1
2023-11-25 16:48:40,685.37,entertainment,atm,0,1e-04,ALLOW,1
2023-11-25 17:09:36,78.01,grocery,in_store,0,0.004,ALLOW,1
2023-11-25 17:20:31,2558.75,clothing,mobile_app,0,1e-04,ALLOW,1
2023-11-25 17:26:57,193.32,grocery,atm,0,1e-04,ALLOW,1
2023-11-25 17:42:54,676.12,online_gaming,online,0,1e-04,ALLOW,1
2023-11-25 17:51:28,351.73,restaurant,online,0,0.0026,ALLOW,1
2023-11-25 17:58:16,226.8,grocery,atm,0,0.0002,ALLOW,1
2023-11-25 18:03:04,1823.18,clothing,in_store,0,0.0002,ALLOW,1
2023-11-25 18:16:56,3296.55,entertainment,atm,0,0.0004,ALLOW,1
2023-11-25 18:33:00,1245.98,clothing,online,0,1e-04,ALLOW,1
2023-11-25 18:43:26,231.95,restaurant,online,0,0.0039,ALLOW,1
2023-11-25 19:00:57,406.73,electronics,mobile_app,0,0.0005,ALLOW,1
2023-11-25 19:01:30,617.82,grocery,atm,0,1e-04,ALLOW,1
2023-11-25 19:15:36,316.12,travel,in_store,0,0.0005,ALLOW,1
2023-11-25 19:17:50,452.53,pharmacy,online,0,1e-04,ALLOW,1
2023-11-25 19:44:11,1811.62,restaurant,atm,0,0.0195,ALLOW,1
2023-11-25 19:51:39,1463.5,online_gaming,atm,0,1e-04,ALLOW,1
2023-11-25 19:59:25,23.44,electronics,online,0,0.0002,ALLOW,1
2023-11-25 20:11:30,1557.14,travel,mobile_app,0,1e-04,ALLOW,1
2023-11-25 20:14:22,4561.86,grocery,online,0,0.0002,ALLOW,1
2023-11-25 20:14:26,923.1,clothing,online,0,0.0,ALLOW,1
2023-11-25 20:26:47,6240.39,jewelry,online,0,0.0751,ALLOW,1
2023-11-25 20:35:43,5646.44,grocery,online,0,0.0,ALLOW,1
2023-11-25 20:38:46,1971.9,electronics,atm,0,0.0079,ALLOW,1
2023-11-25 20:53:19,1198.79,clothing,online,0,1e-04,ALLOW,1
2023-11-25 21:01:01,3791.47,electronics,mobile_app,0,1e-04,ALLOW,1
2023-11-25 21:25:00,982.07,clothing,atm,0,1e-04,ALLOW,1
2023-11-25 21:25:36,2343.06,fuel,in_store,0,0.0003,ALLOW,1
2023-11-25 21:28:23,93.9,fuel,atm,0,0.0006,ALLOW,1
2023-11-25 21:36:15,2810.15,jewelry,mobile_app,0,0.0,ALLOW,1
2023-11-25 22:00:17,231.41,online_gaming,in_store,0,0.0004,ALLOW,1
2023-11-25 22:16:49,951.51,fuel,in_store,0,0.0022,ALLOW,1
2023-11-25 22:37:26,921.14,entertainment,online,0,0.0,ALLOW,1
2023-11-25 22:41:00,637.01,entertainment,mobile_app,0,1e-04,ALLOW,1
2023-11-25 22:53:10,1522.7,restaurant,in_store,0,0.0019,ALLOW,1
2023-11-25 23:24:16,2822.97,online_gaming,atm,0,0.0006,ALLOW,1
2023-11-25 23:45:36,78.62,fuel,online,0,0.0,ALLOW,1
2023-11-25 23:45:36,4722.79,clothing,online,0,0.0002,ALLOW,1
2023-11-25 23:51:54,4512.97,grocery,atm,0,0.0006,ALLOW,1
2023-11-26 00:27:32,192.82,grocery,in_store,0,1e-04,ALLOW,1
2023-11-26 00:36:41,2785.66,online_gaming,atm,0,0.0041,ALLOW,1
2023-11-26 00:41:25,1193.45,travel,mobile_app,0,1e-04,ALLOW,1
2023-11-26 00:46:13,1907.17,restaurant,in_store,0,1e-04,ALLOW,1
2023-11-26 01:11:20,637.3,grocery,atm,0,1e-04,ALLOW,1
2023-11-26 01:22:42,1912.01,pharmacy,in_store,0,0.0012,ALLOW,1
2023-11-26 01:29:40,31.61,electronics,atm,0,1e-04,ALLOW,1
2023-11-26 01:55:03,11352.4,clothing,atm,0,0.0002,ALLOW,1
2023-11-26 01:55:21,1729.55,online_gaming,mobile_app,0,1e-04,ALLOW,1
2023-11-26 01:56:18,2520.76,grocery,in_store,0,1e-04,ALLOW,1
2023-11-26 02:04:42,1425.74,grocery,atm,0,0.0002,ALLOW,1
2023-11-26 02:27:35,249.82,jewelry,mobile_app,0,0.0006,ALLOW,1
2023-11-26 02:30:33,1488.18,jewelry,online,0,0.0007,ALLOW,1
2023-11-26 02:32:55,2282.33,travel,mobile_app,0,1e-04,ALLOW,1
2023-11-26 03:00:43,3189.13,online_gaming,atm,0,1e-04,ALLOW,1
2023-11-26 03:08:14,2289.57,grocery,online,0,0.0577,ALLOW,1
2023-11-26 03:29:35,209.33,fuel,atm,0,1e-04,ALLOW,1
2023-11-26 03:37:32,620.79,travel,online,0,0.0002,ALLOW,1
2023-11-26 03:41:13,330.94,jewelry,online,0,0.0017,ALLOW,1
2023-11-26 03:50:03,394.88,entertainment,online,0,0.0,ALLOW,1
2023-11-26 04:06:56,634.54,travel,mobile_app,0,0.0,ALLOW,1
2023-11-26 04:09:43,187.61,restaurant,mobile_app,0,0.0005,ALLOW,1
2023-11-26 04:49:32,85.36,electronics,atm,0,1e-04,ALLOW,1
2023-11-26 04:50:44,976.91,travel,atm,0,0.0037,ALLOW,1
2023-11-26 04:52:34,3400.59,travel,online,0,0.0,ALLOW,1
2023-11-26 05:08:54,7662.12,restaurant,mobile_app,0,0.0,ALLOW,1
2023-11-26 05:25:57,1132.33,grocery,atm,0,0.0003,ALLOW,1
2023-11-26 05:30:30,402.89,clothing,atm,0,1e-04,ALLOW,1
2023-11-26 05:45:16,1914.15,electronics,atm,0,1e-04,ALLOW,1
2023-11-26 05:51:09,1384.46,clothing,in_store,0,0.0002,ALLOW,1
2023-11-26 05:51:45,1942.87,grocery,online,0,0.0011,ALLOW,1
2023-11-26 06:25:16,6108.53,clothing,in_store,0,0.0012,ALLOW,1
2023-11-26 06:51:12,646.36,travel,mobile_app,0,1e-04,ALLOW,1
2023-11-26 06:56:27,1049.16,grocery,online,0,0.0,ALLOW,1
2023-11-26 07:08:06,1008.45,entertainment,online,0,0.0069,ALLOW,1
2023-11-26 08:06:49,2552.0,restaurant,online,0,0.0007,ALLOW,1
2023-11-26 08:26:53,474.98,travel,in_store,0,1e-04,ALLOW,1
2023-11-26 08:36:55,1425.14,clothing,atm,0,1e-04,ALLOW,1
2023-11-26 08:41:22,551.55,pharmacy,online,0,1e-04,ALLOW,1
2023-11-26 08:52:44,1893.23,online_gaming,mobile_app,0,0.0004,ALLOW,1
2023-11-26 08:54:09,1249.5,online_gaming,mobile_app,0,1e-04,ALLOW,1
2023-11-26 09:03:57,1784.72,jewelry,in_store,0,0.0002,ALLOW,1
2023-11-26 09:07:03,4567.96,online_gaming,atm,0,0.0,ALLOW,1
2023-11-26 09:28:14,2628.05,pharmacy,mobile_app,0,0.0002,ALLOW,1
2023-11-26 09:33:03,1167.47,entertainment,in_store,0,0.0006,ALLOW,1
2023-11-26 09:36:26,357.39,online_gaming,mobile_app,0,1e-04,ALLOW,1
2023-11-26 09:37:23,388.07,jewelry,atm,0,1e-04,ALLOW,1
2023-11-26 09:48:41,346.11,fuel,online,0,1e-04,ALLOW,1
2023-11-26 09:54:11,3718.23,fuel,mobile_app,0,0.0,ALLOW,1
2023-11-26 09:56:30,1476.81,grocery,in_store,0,1e-04,ALLOW,1
2023-11-26 09:59:11,4584.1,grocery,in_store,0,1e-04,ALLOW,1
2023-11-26 10:03:23,197.74,pharmacy,atm,0,1e-04,ALLOW,1
2023-11-26 10:06:05,3642.52,clothing,mobile_app,0,1e-04,ALLOW,1
2023-11-26 10:10:07,394.54,online_gaming,mobile_app,0,0.0174,ALLOW,1
2023-11-26 10:14:23,839.28,online_gaming,in_store,0,0.0003,ALLOW,1
2023-11-26 10:31:23,1971.47,entertainment,in_store,0,0.0003,ALLOW,1
2023-11-26 10:49:24,2880.43,online_gaming,atm,0,0.0011,ALLOW,1
2023-11-26 11:40:05,1904.79,clothing,online,0,0.0003,ALLOW,1
2023-11-26 11:43:01,366.74,online_gaming,in_store,0,1e-04,ALLOW,1
2023-11-26 11:46:41,1237.18,restaurant,mobile_app,0,1e-04,ALLOW,1
2023-11-26 11:51:16,583.74,fuel,mobile_app,0,1e-04,ALLOW,1
2023-11-26 12:00:13,2017.28,jewelry,mobile_app,0,0.0005,ALLOW,1
2023-11-26 12:07:22,1396.17,jewelry,online,0,1e-04,ALLOW,1
2023-11-26 12:24:30,170.87,pharmacy,online,0,0.0002,ALLOW,1
2023-11-26 12:37:51,2339.74,travel,in_store,0,0.0006,ALLOW,1
2023-11-26 12:40:51,95.91,fuel,online,0,0.003,ALLOW,1
2023-11-26 12:46:37,716.56,entertainment,online,0,0.0,ALLOW,1
2023-11-26 13:13:12,1110.63,grocery,atm,0,1e-04,ALLOW,1
2023-11-26 13:20:51,444.22,electronics,atm,0,0.0002,ALLOW,1
2023-11-26 13:28:25,129.03,travel,atm,0,0.0002,ALLOW,1
2023-11-26 13:32:39,916.23,grocery,mobile_app,0,0.0,ALLOW,1
2023-11-26 13:34:25,5791.09,jewelry,atm,0,0.0004,ALLOW,1
2023-11-26 13:40:16,1176.08,fuel,online,0,1e-04,ALLOW,1
2023-11-26 13:42:28,8729.7,clothing,mobile_app,0,0.0002,ALLOW,1
2023-11-26 13:51:57,5059.17,travel,atm,0,0.0004,ALLOW,1
2023-11-26 13:54:07,339.63,grocery,online,0,1e-04,ALLOW,1
2023-11-26 14:00:47,1348.6,entertainment,mobile_app,0,0.0014,ALLOW,1
2023-11-26 14:21:21,306.16,fuel,mobile_app,0,0.0003,ALLOW,1
2023-11-26 14:27:25,284.29,travel,mobile_app,0,0.0013,ALLOW,1
2023-11-26 14:29:44,100.73,travel,atm,0,0.0003,ALLOW,1
2023-11-26 14:50:31,13.3,clothing,online,0,1e-04,ALLOW,1
2023-11-26 14:53:25,2141.43,travel,mobile_app,0,0.0003,ALLOW,1
2023-11-26 15:02:49,2349.76,jewelry,in_store,0,0.0004,ALLOW,1
2023-11-26 15:03:20,966.0,online_gaming,mobile_app,0,0.0003,ALLOW,1
2023-11-26 15:12:44,134.4,online_gaming,online,0,1e-04,ALLOW,1
2023-11-26 15:23:50,978.44,online_gaming,atm,0,0.0002,ALLOW,1
2023-11-26 15:24:27,4574.8,grocery,online,0,0.0052,ALLOW,1
2023-11-26 15:43:36,583.39,electronics,in_store,0,1e-04,ALLOW,1
2023-11-26 15:55:19,1570.89,electronics,atm,0,0.0002,ALLOW,1
2023-11-26 15:59:35,302.92,online_gaming,in_store,0,1e-04,ALLOW,1
2023-11-26 16:25:39,2468.7,pharmacy,atm,0,0.0003,ALLOW,1
2023-11-26 17:13:03,120.76,jewelry,mobile_app,0,0.0003,ALLOW,1
2023-11-26 17:18:54,489.16,electronics,atm,0,0.0002,ALLOW,1
2023-11-26 17:45:04,430.69,entertainment,in_store,0,1e-04,ALLOW,1
2023-11-26 17:45:45,765.88,online_gaming,online,0,0.0002,ALLOW,1
2023-11-26 18:03:25,1393.94,entertainment,online,0,0.0,ALLOW,1
2023-11-26 18:12:37,486.72,clothing,in_store,0,0.001,ALLOW,1
2023-11-26 18:24:26,996.29,jewelry,mobile_app,0,0.0215,ALLOW,1
2023-11-26 18:28:42,5050.95,jewelry,in_store,1,0.9999,REVIEW,1
2023-11-26 18:32:32,5818.21,entertainment,in_store,0,0.026,ALLOW,1
2023-11-26 19:01:50,4460.24,online_gaming,atm,0,0.0085,ALLOW,1
2023-11-26 19:39:57,3303.21,online_gaming,atm,0,0.0096,ALLOW,1
2023-11-26 19:46:33,903.23,pharmacy,mobile_app,0,0.0034,ALLOW,1
2023-11-26 19:50:09,10444.37,restaurant,atm,0,0.0086,ALLOW,1
2023-11-26 20:02:34,1490.52,clothing,online,0,1e-04,ALLOW,1
2023-11-26 20:03:44,123.74,electronics,mobile_app,0,0.0056,ALLOW,1
2023-11-26 20:07:10,3373.18,fuel,in_store,0,1e-04,ALLOW,1
2023-11-26 20:19:30,871.98,pharmacy,in_store,0,1e-04,ALLOW,1
2023-11-26 20:27:50,969.75,grocery,online,0,1e-04,ALLOW,1
2023-11-26 20:39:37,1274.83,clothing,mobile_app,0,0.0006,ALLOW,1
2023-11-26 21:01:33,563.51,clothing,mobile_app,0,0.0003,ALLOW,1
2023-11-26 21:06:33,731.88,fuel,online,0,0.0004,ALLOW,1
2023-11-26 21:12:43,512.62,fuel,atm,0,0.0002,ALLOW,1
2023-11-26 21:13:53,1052.99,entertainment,in_store,0,0.0137,ALLOW,1
2023-11-26 21:29:26,1225.22,clothing,in_store,1,0.9997,REVIEW,1
2023-11-26 21:44:10,1794.51,online_gaming,in_store,0,1e-04,ALLOW,1
2023-11-26 21:54:13,531.49,pharmacy,in_store,0,0.0,ALLOW,1
2023-11-26 22:04:22,1355.02,restaurant,online,0,1e-04,ALLOW,1
2023-11-26 22:29:30,2401.97,clothing,in_store,0,0.001,ALLOW,1
2023-11-26 22:34:33,69.31,travel,online,0,1e-04,ALLOW,1
2023-11-27 00:00:16,714.22,entertainment,atm,0,0.0,ALLOW,1
2023-11-27 00:07:58,621.85,travel,online,0,0.0022,ALLOW,1
2023-11-27 00:15:10,1564.99,fuel,in_store,0,1e-04,ALLOW,1
2023-11-27 00:44:02,237.69,travel,in_store,0,0.0028,ALLOW,1
2023-11-27 01:11:18,778.1,travel,mobile_app,0,0.0006,ALLOW,1
2023-11-27 01:24:45,231.22,jewelry,mobile_app,0,0.0003,ALLOW,1
2023-11-27 01:29:06,4190.13,clothing,online,0,1e-04,ALLOW,1
2023-11-27 01:33:25,1412.68,fuel,atm,0,0.0003,ALLOW,1
2023-11-27 01:37:09,624.64,entertainment,in_store,0,0.0,ALLOW,1
2023-11-27 01:39:39,1416.44,clothing,mobile_app,0,0.0,ALLOW,1
2023-11-27 01:40:56,662.67,clothing,in_store,0,0.0002,ALLOW,1
2023-11-27 01:41:49,2040.2,grocery,mobile_app,0,0.0028,ALLOW,1
2023-11-27 02:17:52,117.82,online_gaming,in_store,0,0.0006,ALLOW,1
2023-11-27 02:18:01,177.06,jewelry,atm,0,1e-04,ALLOW,1
2023-11-27 02:29:48,758.4,entertainment,online,0,0.0032,ALLOW,1
2023-11-27 02:40:53,2877.74,fuel,online,0,0.0,ALLOW,1
2023-11-27 03:00:43,3867.96,restaurant,online,0,0.0,ALLOW,1
2023-11-27 03:00:48,331.85,clothing,in_store,0,0.0002,ALLOW,1
2023-11-27 03:09:11,106.57,travel,in_store,0,1e-04,ALLOW,1
2023-11-27 03:18:27,1108.84,restaurant,in_store,0,0.0,ALLOW,1
2023-11-27 03:36:56,1053.64,jewelry,mobile_app,0,0.0004,ALLOW,1
2023-11-27 03:46:26,558.35,restaurant,in_store,0,1e-04,ALLOW,1
2023-11-27 04:07:26,1718.13,entertainment,atm,0,0.0002,ALLOW,1
2023-11-27 04:40:14,4409.35,restaurant,online,0,0.0,ALLOW,1
2023-11-27 04:43:10,996.08,jewelry,atm,0,0.0008,ALLOW,1
2023-11-27 04:46:30,2925.06,clothing,in_store,0,0.0,ALLOW,1
2023-11-27 04:55:08,18.78,clothing,online,0,0.0005,ALLOW,1
2023-11-27 05:07:13,1209.86,online_gaming,atm,0,0.0028,ALLOW,1
2023-11-27 05:19:54,4846.54,clothing,online,0,0.002,ALLOW,1
2023-11-27 05:21:47,1498.76,restaurant,atm,0,0.0002,ALLOW,1
2023-11-27 05:26:34,36.25,travel,in_store,0,1e-04,ALLOW,1
2023-11-27 05:30:37,42.61,grocery,online,0,1e-04,ALLOW,1
2023-11-27 05:35:31,1480.28,entertainment,mobile_app,0,0.0002,ALLOW,1
2023-11-27 05:37:28,3129.74,clothing,mobile_app,0,0.0002,ALLOW,1
2023-11-27 05:40:31,3221.21,online_gaming,in_store,0,0.0019,ALLOW,1
2023-11-27 05:54:08,4835.15,grocery,online,0,1e-04,ALLOW,1
2023-11-27 05:56:41,171.43,restaurant,in_store,0,0.0004,ALLOW,1
2023-11-27 06:03:01,2036.08,pharmacy,mobile_app,0,1e-04,ALLOW,1
2023-11-27 06:07:18,294.39,jewelry,online,0,0.0004,ALLOW,1
2023-11-27 06:07:32,3584.21,fuel,online,0,0.0003,ALLOW,1
2023-11-27 06:10:38,982.38,electronics,in_store,0,1e-04,ALLOW,1
2023-11-27 06:24:26,702.53,jewelry,in_store,0,1e-04,ALLOW,1
2023-11-27 06:27:02,348.69,entertainment,mobile_app,0,1e-04,ALLOW,1
2023-11-27 06:29:52,695.31,restaurant,atm,0,0.0008,ALLOW,1
2023-11-27 06:33:48,399.26,clothing,online,0,0.0006,ALLOW,1
2023-11-27 06:34:02,2756.61,pharmacy,online,0,0.0,ALLOW,1
2023-11-27 06:38:39,494.9,travel,online,0,0.0002,ALLOW,1
2023-11-27 06:47:17,1477.57,restaurant,atm,0,1e-04,ALLOW,1
2023-11-27 06:51:55,346.82,clothing,online,0,0.0002,ALLOW,1
2023-11-27 06:56:43,3042.96,jewelry,mobile_app,0,1e-04,ALLOW,1
2023-11-27 07:09:43,3450.95,pharmacy,in_store,0,1e-04,ALLOW,1
2023-11-27 07:37:11,311.19,pharmacy,in_store,0,1e-04,ALLOW,1
2023-11-27 07:47:40,2021.99,restaurant,online,0,0.0,ALLOW,1
2023-11-27 07:50:23,1291.06,pharmacy,mobile_app,0,1e-04,ALLOW,1
2023-11-27 08:12:59,82.62,grocery,in_store,0,0.0002,ALLOW,1
2023-11-27 08:16:37,1269.4,online_gaming,online,0,1e-04,ALLOW,1
2023-11-27 08:23:36,4627.47,clothing,in_store,0,1e-04,ALLOW,1
2023-11-27 08:29:43,365.0,entertainment,atm,0,0.0002,ALLOW,1
2023-11-27 08:46:14,2922.12,clothing,mobile_app,0,1e-04,ALLOW,1
2023-11-27 08:46:31,1299.32,restaurant,online,0,0.0008,ALLOW,1
2023-11-27 09:12:43,343.85,pharmacy,mobile_app,0,0.0005,ALLOW,1
2023-11-27 09:27:03,173.52,online_gaming,online,0,1e-04,ALLOW,1
2023-11-27 09:30:23,1140.13,clothing,in_store,0,1e-04,ALLOW,1
2023-11-27 09:49:17,176.61,fuel,online,0,0.0005,ALLOW,1
2023-11-27 10:04:28,1092.38,entertainment,in_store,0,0.0003,ALLOW,1
2023-11-27 10:09:03,1768.83,clothing,mobile_app,0,0.0,ALLOW,1
2023-11-27 10:13:16,626.9,clothing,mobile_app,0,0.0,ALLOW,1
2023-11-27 10:19:13,1111.24,restaurant,in_store,0,1e-04,ALLOW,1
2023-11-27 10:22:15,432.74,fuel,atm,0,0.0004,ALLOW,1
2023-11-27 10:28:30,110.6,entertainment,mobile_app,0,0.0003,ALLOW,1
2023-11-27 10:33:30,1964.03,entertainment,mobile_app,0,1e-04,ALLOW,1
2023-11-27 10:40:55,1232.26,pharmacy,in_store,0,0.0004,ALLOW,1
2023-11-27 11:02:54,1547.57,online_gaming,in_store,0,1e-04,ALLOW,1
2023-11-27 11:04:26,471.8,online_gaming,in_store,0,0.0042,ALLOW,1
2023-11-27 11:25:32,4153.45,restaurant,in_store,0,0.0021,ALLOW,1
2023-11-27 11:59:19,629.13,online_gaming,atm,0,0.0,ALLOW,1
2023-11-27 12:00:01,416.34,restaurant,atm,0,0.0005,ALLOW,1
2023-11-27 12:04:05,146.01,entertainment,atm,0,0.0017,ALLOW,1
2023-11-27 12:09:20,6838.22,pharmacy,atm,0,0.0035,ALLOW,1
2023-11-27 12:15:17,1050.66,online_gaming,atm,0,0.0122,ALLOW,1
2023-11-27 12:19:51,952.54,pharmacy,in_store,0,1e-04,ALLOW,1
2023-11-27 12:40:07,3825.83,online_gaming,atm,0,0.0003,ALLOW,1
2023-11-27 12:45:51,2657.2,pharmacy,online,0,1e-04,ALLOW,1
2023-11-27 12:46:27,1734.07,fuel,in_store,0,0.0,ALLOW,1
2023-11-27 12:58:48,4790.68,electronics,in_store,0,1e-04,ALLOW,1
2023-11-27 13:03:30,1791.25,online_gaming,atm,0,0.0,ALLOW,1
2023-11-27 13:13:53,1071.28,grocery,in_store,0,0.0,ALLOW,1
2023-11-27 13:40:49,1858.68,electronics,atm,0,0.0,ALLOW,1
2023-11-27 13:45:24,1470.3,entertainment,atm,0,0.0002,ALLOW,1
2023-11-27 13:52:20,2964.69,clothing,online,0,0.0022,ALLOW,1
2023-11-27 14:13:59,423.7,online_gaming,online,0,1e-04,ALLOW,1
2023-11-27 14:15:25,4955.77,jewelry,in_store,0,0.0003,ALLOW,1
2023-11-27 14:26:33,390.84,entertainment,in_store,0,1e-04,ALLOW,1
2023-11-27 15:26:28,845.27,restaurant,online,0,0.0022,ALLOW,1
2023-11-27 15:27:49,10.0,entertainment,atm,0,1e-04,ALLOW,1
2023-11-27 16:00:18,1271.6,fuel,online,0,0.0,ALLOW,1
2023-11-27 16:01:23,456.95,electronics,in_store,0,0.0,ALLOW,1
2023-11-27 16:20:17,1584.39,jewelry,mobile_app,0,1e-04,ALLOW,1
2023-11-27 16:26:42,3683.32,pharmacy,atm,0,0.0,ALLOW,1
2023-11-27 17:03:21,6027.24,fuel,atm,0,0.0023,ALLOW,1
2023-11-27 17:26:30,4880.26,clothing,in_store,0,0.0,ALLOW,1
2023-11-27 17:30:22,1256.03,jewelry,online,0,1e-04,ALLOW,1
2023-11-27 17:35:13,575.98,online_gaming,atm,0,0.0008,ALLOW,1
2023-11-27 17:35:52,1645.28,pharmacy,atm,0,1e-04,ALLOW,1
2023-11-27 17:37:46,611.16,fuel,atm,0,0.0,ALLOW,1
2023-11-27 17:38:03,691.74,travel,mobile_app,0,0.0,ALLOW,1
2023-11-27 17:50:10,1352.81,jewelry,mobile_app,0,0.0002,ALLOW,1
2023-11-27 17:55:22,170.22,pharmacy,online,0,0.0004,ALLOW,1
2023-11-27 17:56:16,631.88,jewelry,mobile_app,0,0.0004,ALLOW,1
2023-11-27 17:57:08,185.6,online_gaming,online,0,0.0003,ALLOW,1
2023-11-27 17:58:21,821.99,fuel,mobile_app,0,0.0002,ALLOW,1
2023-11-27 18:05:28,1894.66,online_gaming,atm,0,0.0,ALLOW,1
2023-11-27 18:10:38,2540.98,restaurant,in_store,0,0.0002,ALLOW,1
2023-11-27 18:28:05,138.57,pharmacy,mobile_app,0,0.0004,ALLOW,1
2023-11-27 18:46:53,168.23,electronics,online,0,0.0002,ALLOW,1
2023-11-27 19:39:25,5552.76,fuel,in_store,0,0.0012,ALLOW,1
2023-11-27 19:49:01,751.08,clothing,mobile_app,0,0.0006,ALLOW,1
2023-11-27 19:55:02,1465.04,electronics,in_store,0,0.0,ALLOW,1
2023-11-27 20:19:25,5988.54,entertainment,mobile_app,0,0.0002,ALLOW,1
2023-11-27 20:26:02,240.16,clothing,mobile_app,0,1e-04,ALLOW,1
2023-11-27 20:26:34,1154.42,fuel,in_store,0,1e-04,ALLOW,1
2023-11-27 20:49:34,2313.78,electronics,atm,0,0.0,ALLOW,1
2023-11-27 20:50:23,1030.45,clothing,atm,0,0.0002,ALLOW,1
2023-11-27 20:58:45,1237.29,jewelry,online,0,0.0,ALLOW,1
2023-11-27 21:24:05,582.09,electronics,mobile_app,0,1e-04,ALLOW,1
2023-11-27 21:45:29,784.23,online_gaming,mobile_app,0,0.0,ALLOW,1
2023-11-27 21:48:21,1699.92,restaurant,online,0,0.0002,ALLOW,1
2023-11-27 21:53:21,2563.14,clothing,in_store,0,0.0,ALLOW,1
2023-11-27 22:04:52,114.83,entertainment,atm,0,0.0004,ALLOW,1
2023-11-27 22:05:07,499.55,grocery,online,0,0.0003,ALLOW,1
2023-11-27 22:05:32,718.02,restaurant,in_store,0,1e-04,ALLOW,1
2023-11-27 22:17:47,176.17,grocery,mobile_app,0,0.0002,ALLOW,1
2023-11-27 22:22:27,503.44,clothing,in_store,0,0.0006,ALLOW,1
2023-11-27 22:41:24,318.52,fuel,in_store,0,0.0002,ALLOW,1
2023-11-27 22:49:53,3282.14,restaurant,atm,0,0.0002,ALLOW,1
2023-11-27 23:02:36,1267.26,online_gaming,mobile_app,0,1e-04,ALLOW,1
2023-11-27 23:09:08,1972.78,fuel,in_store,0,1e-04,ALLOW,1
2023-11-27 23:30:41,1943.34,clothing,online,0,0.0003,ALLOW,1
2023-11-27 23:46:26,1946.73,pharmacy,in_store,0,0.0008,ALLOW,1
2023-11-27 23:49:54,344.41,pharmacy,in_store,0,0.0004,ALLOW,1
2023-11-27 23:50:36,38.89,clothing,atm,0,0.0002,ALLOW,1
2023-11-27 23:56:08,435.54,jewelry,online,0,0.0002,ALLOW,1
2023-11-28 00:20:05,1132.51,jewelry,in_store,0,1e-04,ALLOW,1
2023-11-28 00:24:09,2648.48,electronics,mobile_app,0,1e-04,ALLOW,1
2023-11-28 00:58:29,2056.21,travel,online,0,0.0009,ALLOW,1
2023-11-28 01:05:30,4063.35,jewelry,atm,0,0.0,ALLOW,1
2023-11-28 01:44:09,1232.06,online_gaming,in_store,0,0.0,ALLOW,1
2023-11-28 01:55:24,10.07,restaurant,atm,0,0.0002,ALLOW,1
2023-11-28 03:13:57,297.65,travel,atm,0,1e-04,ALLOW,1
2023-11-28 03:25:40,302.88,entertainment,atm,0,0.0003,ALLOW,1
2023-11-28 04:03:02,1758.36,travel,mobile_app,0,1e-04,ALLOW,1
2023-11-28 04:18:56,966.5,entertainment,in_store,0,1e-04,ALLOW,1
2023-11-28 04:22:07,2142.96,travel,in_store,0,0.0002,ALLOW,1
2023-11-28 04:23:52,4637.74,restaurant,online,0,0.0021,ALLOW,1
2023-11-28 04:39:48,947.25,pharmacy,mobile_app,0,0.0007,ALLOW,1
2023-11-28 04:46:20,546.91,fuel,in_store,0,1e-04,ALLOW,1
2023-11-28 04:51:49,117.66,fuel,in_store,0,0.0004,ALLOW,1
2023-11-28 04:54:07,1427.32,online_gaming,mobile_app,0,0.0003,ALLOW,1
2023-11-28 04:58:14,293.02,restaurant,online,0,0.0014,ALLOW,1
2023-11-28 05:08:01,126.65,travel,online,0,0.0002,ALLOW,1
2023-11-28 05:10:47,278.46,restaurant,online,0,0.0004,ALLOW,1
2023-11-28 05:25:06,2793.35,online_gaming,in_store,0,1e-04,ALLOW,1
2023-11-28 05:43:09,3957.96,online_gaming,mobile_app,0,0.0007,ALLOW,1
2023-11-28 06:00:58,1545.42,electronics,atm,0,0.0003,ALLOW,1
2023-11-28 06:16:02,954.54,grocery,in_store,0,1e-04,ALLOW,1
2023-11-28 06:23:37,2429.6,grocery,atm,0,0.0002,ALLOW,1
2023-11-28 06:30:35,7291.89,pharmacy,online,0,0.0002,ALLOW,1
2023-11-28 06:34:44,502.46,electronics,atm,0,1e-04,ALLOW,1
2023-11-28 06:52:19,10.0,restaurant,atm,0,1e-04,ALLOW,1
2023-11-28 06:53:45,711.07,electronics,online,0,0.0015,ALLOW,1
2023-11-28 07:02:12,331.01,clothing,in_store,0,0.0021,ALLOW,1
2023-11-28 07:19:19,976.2,jewelry,mobile_app,0,0.0024,ALLOW,1
2023-11-28 07:21:10,1337.32,online_gaming,mobile_app,0,1e-04,ALLOW,1
2023-11-28 07:34:28,1011.06,clothing,online,0,1e-04,ALLOW,1
2023-11-28 07:41:18,2182.19,electronics,online,0,0.0002,ALLOW,1
2023-11-28 07:52:11,1088.53,entertainment,atm,0,0.0002,ALLOW,1
2023-11-28 07:52:44,335.26,electronics,in_store,0,0.0018,ALLOW,1
2023-11-28 07:55:53,869.9,entertainment,in_store,0,0.0006,ALLOW,1
2023-11-28 08:18:17,4331.16,fuel,atm,0,0.001,ALLOW,1
2023-11-28 08:51:24,6630.66,clothing,in_store,0,0.0014,ALLOW,1
2023-11-28 09:17:28,654.24,electronics,mobile_app,0,1e-04,ALLOW,1
2023-11-28 09:35:42,281.09,clothing,atm,0,0.0002,ALLOW,1
2023-11-28 09:37:37,4050.62,electronics,in_store,0,0.0,ALLOW,1
2023-11-28 10:24:42,882.92,restaurant,atm,0,0.0007,ALLOW,1
2023-11-28 10:32:19,1490.6,grocery,online,0,0.0014,ALLOW,1
2023-11-28 10:39:59,91.07,electronics,online,0,0.0004,ALLOW,1
2023-11-28 10:42:06,3269.33,travel,mobile_app,0,0.0,ALLOW,1
2023-11-28 10:42:12,1547.74,pharmacy,atm,0,1e-04,ALLOW,1
2023-11-28 11:08:13,1256.85,clothing,mobile_app,0,0.001,ALLOW,1
2023-11-28 11:19:32,2987.01,fuel,mobile_app,0,0.0,ALLOW,1
2023-11-28 11:30:18,6092.22,travel,mobile_app,0,0.0005,ALLOW,1
2023-11-28 11:37:28,1347.24,pharmacy,atm,0,1e-04,ALLOW,1
2023-11-28 11:49:02,6935.24,restaurant,online,0,0.0048,ALLOW,1
2023-11-28 12:15:11,1404.63,online_gaming,online,0,0.0,ALLOW,1
2023-11-28 12:20:19,1528.16,online_gaming,atm,0,0.0,ALLOW,1
2023-11-28 12:39:41,3654.21,online_gaming,in_store,0,0.0004,ALLOW,1
2023-11-28 12:40:26,1190.13,clothing,mobile_app,0,0.0003,ALLOW,1
2023-11-28 12:46:39,418.58,clothing,mobile_app,0,1e-04,ALLOW,1
2023-11-28 12:58:53,1068.6,grocery,in_store,0,1e-04,ALLOW,1
2023-11-28 13:16:13,1286.68,restaurant,in_store,0,1e-04,ALLOW,1
2023-11-28 13:24:31,343.95,online_gaming,online,0,0.0036,ALLOW,1
2023-11-28 13:26:13,456.18,electronics,in_store,0,1e-04,ALLOW,1
2023-11-28 14:05:16,571.04,pharmacy,atm,0,0.0059,ALLOW,1
2023-11-28 14:21:46,371.77,grocery,atm,0,1e-04,ALLOW,1
2023-11-28 14:40:11,1432.75,online_gaming,online,0,0.0014,ALLOW,1
2023-11-28 14:43:58,58.71,entertainment,atm,0,1e-04,ALLOW,1
2023-11-28 14:45:04,468.1,clothing,in_store,0,0.0004,ALLOW,1
2023-11-28 14:46:50,720.09,restaurant,mobile_app,0,0.0,ALLOW,1
2023-11-28 14:47:29,546.89,online_gaming,in_store,0,0.0,ALLOW,1
2023-11-28 14:47:59,2277.59,jewelry,atm,0,1e-04,ALLOW,1
2023-11-28 14:48:04,1534.01,clothing,atm,0,0.0013,ALLOW,1
2023-11-28 15:24:02,687.16,clothing,online,0,1e-04,ALLOW,1
2023-11-28 15:24:22,578.11,travel,mobile_app,0,0.0003,ALLOW,1
2023-11-28 15:26:50,1837.85,grocery,online,0,0.0,ALLOW,1
2023-11-28 15:29:11,614.78,pharmacy,atm,0,0.0002,ALLOW,1
2023-11-28 15:46:26,169.09,electronics,atm,0,1e-04,ALLOW,1
2023-11-28 16:13:47,4413.07,restaurant,online,0,0.0007,ALLOW,1
2023-11-28 16:14:44,1732.68,travel,atm,0,0.0,ALLOW,1
2023-11-28 16:35:43,265.14,entertainment,mobile_app,0,0.0002,ALLOW,1
2023-11-28 17:01:06,89.28,travel,mobile_app,0,0.0007,ALLOW,1
2023-11-28 17:10:43,183.92,clothing,mobile_app,0,1e-04,ALLOW,1
2023-11-28 17:16:33,2276.51,fuel,mobile_app,0,0.0016,ALLOW,1
2023-11-28 17:19:33,1852.44,electronics,atm,0,0.0005,ALLOW,1
2023-11-28 17:22:24,864.29,restaurant,online,0,0.0015,ALLOW,1
2023-11-28 17:43:10,853.56,online_gaming,mobile_app,0,0.0,ALLOW,1
2023-11-28 17:44:29,3061.71,online_gaming,in_store,0,0.0008,ALLOW,1
2023-11-28 18:18:25,1014.54,electronics,mobile_app,0,1e-04,ALLOW,1
2023-11-28 18:38:23,629.24,fuel,mobile_app,0,1e-04,ALLOW,1
2023-11-28 18:49:19,1739.29,grocery,atm,0,0.0002,ALLOW,1
2023-11-28 18:50:57,965.45,grocery,mobile_app,0,0.0,ALLOW,1
2023-11-28 18:51:34,1798.64,online_gaming,in_store,0,0.0003,ALLOW,1
2023-11-28 19:03:50,8979.6,fuel,online,0,0.0061,ALLOW,1
2023-11-28 19:24:28,442.15,pharmacy,in_store,0,1e-04,ALLOW,1
2023-11-28 19:26:55,107.28,clothing,atm,0,0.0008,ALLOW,1
2023-11-28 19:28:58,304.11,restaurant,mobile_app,0,0.0,ALLOW,1
2023-11-28 19:52:04,612.64,travel,atm,0,1e-04,ALLOW,1
2023-11-28 19:58:48,1697.25,clothing,online,0,0.0018,ALLOW,1
2023-11-28 20:15:48,111.95,pharmacy,mobile_app,0,0.0007,ALLOW,1
2023-11-28 20:27:55,1468.79,pharmacy,in_store,0,0.0,ALLOW,1
2023-11-28 20:31:23,342.07,clothing,in_store,0,0.0012,ALLOW,1
2023-11-28 20:44:24,3038.34,online_gaming,in_store,0,0.0,ALLOW,1
2023-11-28 20:46:36,642.12,fuel,mobile_app,0,0.0,ALLOW,1
2023-11-28 20:51:19,3782.46,jewelry,atm,0,0.0006,ALLOW,1
2023-11-28 21:04:03,47.55,entertainment,online,0,0.0004,ALLOW,1
2023-11-28 21:41:34,899.32,entertainment,in_store,0,0.0002,ALLOW,1
2023-11-28 21:44:32,885.42,jewelry,in_store,0,1e-04,ALLOW,1
2023-11-28 21:48:12,1328.98,online_gaming,atm,0,0.0,ALLOW,1
2023-11-28 21:55:55,2801.74,travel,mobile_app,0,0.0008,ALLOW,1
2023-11-28 22:15:18,3405.83,jewelry,atm,0,1e-04,ALLOW,1
2023-11-28 22:29:39,3221.12,jewelry,in_store,0,0.0003,ALLOW,1
2023-11-28 22:29:44,3925.44,travel,in_store,0,0.0032,ALLOW,1
2023-11-28 23:01:52,1059.48,grocery,online,0,0.0,ALLOW,1
2023-11-28 23:08:11,3223.1,jewelry,in_store,0,0.0,ALLOW,1
2023-11-28 23:28:27,653.3,online_gaming,atm,0,1e-04,ALLOW,1
2023-11-28 23:38:29,629.99,fuel,atm,0,0.0005,ALLOW,1
2023-11-28 23:38:39,227.44,electronics,online,0,0.0002,ALLOW,1
2023-11-28 23:50:48,2476.56,restaurant,mobile_app,0,0.0003,ALLOW,1
2023-11-29 00:00:28,2353.07,online_gaming,in_store,0,0.0013,ALLOW,1
2023-11-29 00:07:03,938.07,fuel,mobile_app,0,0.0003,ALLOW,1
2023-11-29 00:25:03,29.14,entertainment,mobile_app,0,0.0007,ALLOW,1
2023-11-29 00:43:48,387.11,pharmacy,mobile_app,0,0.0002,ALLOW,1
2023-11-29 01:11:59,1984.61,online_gaming,in_store,0,0.0002,ALLOW,1
2023-11-29 01:25:08,3318.55,electronics,atm,0,1e-04,ALLOW,1
2023-11-29 01:25:20,3918.96,online_gaming,mobile_app,0,0.0036,ALLOW,1
2023-11-29 01:42:46,1665.88,online_gaming,mobile_app,0,1e-04,ALLOW,1
2023-11-29 01:57:40,734.53,restaurant,atm,0,1e-04,ALLOW,1
2023-11-29 02:04:47,3991.81,online_gaming,online,0,0.012,ALLOW,1
2023-11-29 02:25:38,1027.67,jewelry,mobile_app,0,0.0003,ALLOW,1
2023-11-29 02:46:12,1344.8,clothing,online,0,0.0004,ALLOW,1
2023-11-29 02:48:40,304.48,travel,atm,0,1e-04,ALLOW,1
2023-11-29 02:49:42,155.68,entertainment,online,0,0.0,ALLOW,1
2023-11-29 03:06:49,2399.3,grocery,online,0,1e-04,ALLOW,1
2023-11-29 03:22:17,2261.54,fuel,online,0,0.0,ALLOW,1
2023-11-29 03:33:35,1005.29,travel,atm,0,0.0005,ALLOW,1
2023-11-29 03:48:37,370.0,pharmacy,atm,0,0.0137,ALLOW,1
2023-11-29 03:50:55,1566.56,fuel,in_store,0,0.0,ALLOW,1
2023-11-29 03:58:37,1075.99,entertainment,in_store,0,0.0,ALLOW,1
2023-11-29 04:04:33,2435.8,restaurant,in_store,0,1e-04,ALLOW,1
2023-11-29 04:12:30,589.02,travel,atm,0,0.0004,ALLOW,1
2023-11-29 04:17:06,2659.69,clothing,online,0,0.0,ALLOW,1
2023-11-29 04:18:20,734.68,fuel,in_store,0,0.0006,ALLOW,1
2023-11-29 04:21:58,140.92,entertainment,online,0,1e-04,ALLOW,1
2023-11-29 04:27:09,410.95,jewelry,in_store,0,0.0003,ALLOW,1
2023-11-29 04:30:50,940.45,travel,atm,0,0.0026,ALLOW,1
2023-11-29 04:35:37,1163.3,restaurant,online,0,1e-04,ALLOW,1
2023-11-29 04:35:44,2749.65,clothing,in_store,0,1e-04,ALLOW,1
2023-11-29 04:36:46,543.4,electronics,mobile_app,0,0.0,ALLOW,1
2023-11-29 04:39:25,1632.5,fuel,mobile_app,0,0.0,ALLOW,1
2023-11-29 04:42:49,421.33,electronics,in_store,0,0.0003,ALLOW,1
2023-11-29 05:06:35,312.99,fuel,in_store,0,0.0002,ALLOW,1
2023-11-29 05:10:53,2371.83,entertainment,mobile_app,0,0.0018,ALLOW,1
2023-11-29 05:12:31,698.04,fuel,mobile_app,0,0.0,ALLOW,1
2023-11-29 05:21:50,1395.34,grocery,in_store,0,1e-04,ALLOW,1
2023-11-29 05:37:22,29.47,electronics,in_store,0,0.0006,ALLOW,1
2023-11-29 05:46:56,1428.59,entertainment,online,0,0.0002,ALLOW,1
2023-11-29 05:52:43,387.44,grocery,mobile_app,0,1e-04,ALLOW,1
2023-11-29 06:07:23,775.48,restaurant,mobile_app,0,0.0,ALLOW,1
2023-11-29 06:14:59,148.52,pharmacy,online,0,1e-04,ALLOW,1
2023-11-29 06:18:39,548.3,clothing,atm,0,1e-04,ALLOW,1
2023-11-29 06:46:24,200.24,fuel,online,0,0.0003,ALLOW,1
2023-11-29 06:57:06,1766.38,electronics,atm,0,0.0004,ALLOW,1
2023-11-29 07:15:33,1971.66,clothing,atm,0,0.0006,ALLOW,1
2023-11-29 07:16:26,731.14,restaurant,atm,0,0.0002,ALLOW,1
2023-11-29 07:22:31,4107.58,grocery,mobile_app,0,0.0003,ALLOW,1
2023-11-29 07:40:28,4255.1,fuel,in_store,0,0.0246,ALLOW,1
2023-11-29 07:58:30,2572.06,grocery,mobile_app,0,0.0002,ALLOW,1
2023-11-29 08:00:10,1243.41,grocery,atm,0,0.0002,ALLOW,1
2023-11-29 08:24:49,115.33,electronics,atm,0,0.0003,ALLOW,1
2023-11-29 08:38:48,10.0,electronics,atm,0,0.0107,ALLOW,1
2023-11-29 08:40:38,1166.9,jewelry,atm,0,1e-04,ALLOW,1
2023-11-29 09:06:23,504.94,clothing,online,0,0.0003,ALLOW,1
2023-11-29 09:14:47,102.35,electronics,mobile_app,0,1e-04,ALLOW,1
2023-11-29 09:20:57,1327.04,clothing,atm,0,0.0012,ALLOW,1
2023-11-29 09:26:18,2630.29,online_gaming,mobile_app,0,1e-04,ALLOW,1
2023-11-29 09:36:13,1428.3,travel,atm,0,1e-04,ALLOW,1
2023-11-29 09:37:24,1177.06,travel,in_store,0,0.0028,ALLOW,1
2023-11-29 09:45:41,2248.14,jewelry,atm,0,0.0024,ALLOW,1
2023-11-29 09:52:06,878.06,grocery,in_store,0,0.0002,ALLOW,1
2023-11-29 09:54:12,466.74,jewelry,in_store,0,0.0004,ALLOW,1
2023-11-29 09:55:11,964.6,grocery,mobile_app,0,0.0002,ALLOW,1
2023-11-29 10:05:55,1305.58,travel,online,0,0.0009,ALLOW,1
2023-11-29 10:07:10,5074.23,restaurant,in_store,0,0.0,ALLOW,1
2023-11-29 10:19:42,825.15,fuel,online,0,0.0002,ALLOW,1
2023-11-29 10:36:30,2144.39,entertainment,online,0,1e-04,ALLOW,1
2023-11-29 11:07:18,2068.6,restaurant,mobile_app,0,0.0005,ALLOW,1
2023-11-29 11:08:25,637.13,jewelry,atm,0,0.0012,ALLOW,1
2023-11-29 11:09:57,1142.65,fuel,online,0,0.0003,ALLOW,1
2023-11-29 11:12:41,245.89,electronics,in_store,0,0.0003,ALLOW,1
2023-11-29 11:25:23,402.25,fuel,atm,0,1e-04,ALLOW,1
2023-11-29 11:34:12,949.74,jewelry,mobile_app,0,1e-04,ALLOW,1
2023-11-29 11:41:52,1353.49,online_gaming,online,0,0.0,ALLOW,1
2023-11-29 11:43:30,191.65,restaurant,atm,0,0.0004,ALLOW,1
2023-11-29 11:55:32,1235.69,pharmacy,online,0,1e-04,ALLOW,1
2023-11-29 12:10:40,2814.55,jewelry,atm,0,0.0004,ALLOW,1
2023-11-29 12:15:54,922.69,electronics,mobile_app,0,0.0002,ALLOW,1
2023-11-29 12:18:22,189.44,fuel,in_store,0,0.0003,ALLOW,1
2023-11-29 13:06:57,2408.42,clothing,in_store,0,0.0016,ALLOW,1
2023-11-29 13:11:21,556.29,clothing,mobile_app,0,0.0022,ALLOW,1
2023-11-29 13:16:11,1425.57,entertainment,online,0,1e-04,ALLOW,1
2023-11-29 13:23:02,2078.34,grocery,in_store,0,1e-04,ALLOW,1
2023-11-29 13:25:52,884.25,electronics,in_store,0,0.0005,ALLOW,1
2023-11-29 13:30:25,5321.65,clothing,atm,0,0.0018,ALLOW,1
2023-11-29 14:02:43,728.91,entertainment,atm,0,1e-04,ALLOW,1
2023-11-29 14:41:49,1282.03,travel,mobile_app,0,0.0,ALLOW,1
2023-11-29 14:54:35,2036.9,restaurant,mobile_app,0,0.0006,ALLOW,1
2023-11-29 14:54:44,2414.23,restaurant,online,0,0.0018,ALLOW,1
2023-11-29 14:59:11,983.66,travel,in_store,0,1e-04,ALLOW,1
2023-11-29 15:22:27,320.69,jewelry,atm,0,0.001,ALLOW,1
2023-11-29 15:40:14,1385.92,electronics,online,0,0.0002,ALLOW,1
2023-11-29 15:40:43,50.9,jewelry,online,0,0.0003,ALLOW,1
2023-11-29 15:46:52,273.4,fuel,online,0,1e-04,ALLOW,1
2023-11-29 15:47:21,12.35,fuel,mobile_app,0,1e-04,ALLOW,1
2023-11-29 15:55:56,620.57,jewelry,atm,0,0.0,ALLOW,1
2023-11-29 16:10:14,1900.91,pharmacy,atm,0,0.0,ALLOW,1
2023-11-29 16:12:04,3444.03,travel,in_store,0,0.0003,ALLOW,1
2023-11-29 16:35:04,4104.38,clothing,mobile_app,0,0.4022,REVIEW,0
2023-11-29 16:50:07,1466.84,electronics,in_store,0,1e-04,ALLOW,1
2023-11-29 17:00:38,958.04,grocery,mobile_app,0,0.0,ALLOW,1
2023-11-29 17:25:09,48.09,travel,online,0,0.0004,ALLOW,1
2023-11-29 17:26:44,4442.68,restaurant,online,0,1e-04,ALLOW,1
2023-11-29 17:38:14,2249.91,pharmacy,in_store,0,0.0008,ALLOW,1
2023-11-29 17:53:00,197.93,jewelry,atm,0,0.0011,ALLOW,1
2023-11-29 17:59:09,1301.06,electronics,in_store,0,1e-04,ALLOW,1
2023-11-29 18:11:21,2716.96,fuel,online,0,1e-04,ALLOW,1
2023-11-29 18:23:04,2449.26,pharmacy,atm,0,0.0002,ALLOW,1
2023-11-29 18:25:26,1360.9,clothing,atm,0,0.0002,ALLOW,1
2023-11-29 18:27:42,3763.54,travel,mobile_app,0,0.0,ALLOW,1
2023-11-29 18:29:16,848.21,travel,mobile_app,1,1.0,REVIEW,1
2023-11-29 18:47:25,1511.66,restaurant,online,0,0.0,ALLOW,1
2023-11-29 19:13:13,614.55,restaurant,online,0,0.0002,ALLOW,1
2023-11-29 19:15:23,162.05,electronics,in_store,0,0.0003,ALLOW,1
2023-11-29 19:16:34,2059.86,online_gaming,online,0,1e-04,ALLOW,1
2023-11-29 19:21:36,2545.44,clothing,in_store,0,0.0002,ALLOW,1
2023-11-29 19:29:09,787.79,restaurant,mobile_app,0,1e-04,ALLOW,1
2023-11-29 19:29:15,568.14,online_gaming,mobile_app,0,0.0004,ALLOW,1
2023-11-29 19:43:57,2886.4,travel,online,0,0.0055,ALLOW,1
2023-11-29 19:50:32,22.42,restaurant,in_store,0,0.0003,ALLOW,1
2023-11-29 19:53:30,462.42,restaurant,in_store,0,0.0004,ALLOW,1
2023-11-29 20:07:38,976.23,entertainment,online,0,1e-04,ALLOW,1
2023-11-29 20:10:37,2010.32,fuel,mobile_app,0,1e-04,ALLOW,1
2023-11-29 20:12:46,1536.68,online_gaming,online,0,1e-04,ALLOW,1
2023-11-29 20:18:39,1116.2,online_gaming,in_store,0,0.0007,ALLOW,1
2023-11-29 20:22:17,4507.67,fuel,online,0,0.0,ALLOW,1
2023-11-29 20:31:40,10.0,pharmacy,atm,0,0.0007,ALLOW,1
2023-11-29 20:44:52,1396.3,grocery,online,0,1e-04,ALLOW,1
2023-11-29 21:07:18,150.5,restaurant,mobile_app,0,0.0002,ALLOW,1
2023-11-29 21:16:17,723.14,pharmacy,in_store,0,0.0,ALLOW,1
2023-11-29 21:25:54,1164.86,pharmacy,atm,0,0.0002,ALLOW,1
2023-11-29 21:31:09,197.77,travel,atm,0,0.0003,ALLOW,1
2023-11-29 22:01:41,1833.98,grocery,mobile_app,0,0.0004,ALLOW,1
2023-11-29 22:37:28,3399.49,fuel,online,0,1e-04,ALLOW,1
2023-11-29 22:46:04,2962.3,travel,online,0,1e-04,ALLOW,1
2023-11-29 23:05:38,2195.67,fuel,mobile_app,0,0.0641,ALLOW,1
2023-11-29 23:08:56,2509.55,fuel,online,0,0.0019,ALLOW,1
2023-11-29 23:24:50,223.9,entertainment,in_store,0,1e-04,ALLOW,1
2023-11-29 23:32:07,4524.51,grocery,atm,0,0.0002,ALLOW,1
2023-11-29 23:34:47,1157.47,restaurant,mobile_app,0,0.0004,ALLOW,1
2023-11-29 23:37:30,823.17,electronics,online,0,0.0003,ALLOW,1
2023-11-29 23:49:08,5936.71,clothing,in_store,0,0.0,ALLOW,1
2023-11-30 00:10:08,1235.63,fuel,mobile_app,0,1e-04,ALLOW,1
2023-11-30 00:16:23,660.55,restaurant,online,0,0.0009,ALLOW,1
2023-11-30 00:24:23,4745.18,entertainment,mobile_app,0,0.0013,ALLOW,1
2023-11-30 00:39:43,779.07,travel,atm,0,0.0014,ALLOW,1
2023-11-30 00:44:53,1418.83,fuel,mobile_app,0,0.0,ALLOW,1
2023-11-30 00:47:11,558.9,online_gaming,mobile_app,0,1e-04,ALLOW,1
2023-11-30 00:58:05,284.64,grocery,mobile_app,0,1e-04,ALLOW,1
2023-11-30 01:01:43,280.87,grocery,in_store,0,0.0002,ALLOW,1
2023-11-30 01:06:31,5486.48,pharmacy,atm,0,1e-04,ALLOW,1
2023-11-30 01:22:49,3358.78,grocery,atm,0,1e-04,ALLOW,1
2023-11-30 01:32:56,2657.34,pharmacy,in_store,0,0.0,ALLOW,1
2023-11-30 01:34:54,1839.85,online_gaming,in_store,0,1e-04,ALLOW,1
2023-11-30 01:47:35,526.88,jewelry,in_store,0,0.0043,ALLOW,1
2023-11-30 01:49:58,5071.43,clothing,mobile_app,0,1e-04,ALLOW,1
2023-11-30 01:50:30,296.43,grocery,online,0,0.0005,ALLOW,1
2023-11-30 02:02:26,12182.94,electronics,online,0,0.0003,ALLOW,1
2023-11-30 02:12:56,210.27,online_gaming,online,0,1e-04,ALLOW,1
2023-11-30 02:25:28,1492.95,restaurant,mobile_app,0,1e-04,ALLOW,1
2023-11-30 02:28:38,2225.94,clothing,in_store,0,0.0019,ALLOW,1
2023-11-30 02:45:31,105.6,travel,in_store,0,0.0,ALLOW,1
2023-11-30 03:03:03,7503.92,pharmacy,atm,0,0.0025,ALLOW,1
2023-11-30 03:15:31,49.42,electronics,online,0,0.0002,ALLOW,1
2023-11-30 03:19:44,368.96,grocery,mobile_app,0,0.0002,ALLOW,1
2023-11-30 03:23:00,359.98,online_gaming,mobile_app,0,1e-04,ALLOW,1
2023-11-30 03:29:48,1596.87,pharmacy,atm,0,1e-04,ALLOW,1
2023-11-30 03:59:44,2258.79,pharmacy,online,0,0.0,ALLOW,1
2023-11-30 04:22:45,3810.61,restaurant,mobile_app,0,0.0012,ALLOW,1
2023-11-30 04:49:05,1115.0,online_gaming,atm,0,0.0003,ALLOW,1
2023-11-30 05:09:53,154.08,electronics,mobile_app,0,0.0004,ALLOW,1
2023-11-30 05:11:45,640.03,online_gaming,online,0,0.0,ALLOW,1
2023-11-30 05:36:35,415.29,jewelry,in_store,0,0.0009,ALLOW,1
2023-11-30 05:45:36,1243.82,grocery,online,0,0.0,ALLOW,1
2023-11-30 06:01:36,572.04,grocery,online,0,0.0009,ALLOW,1
2023-11-30 06:18:16,1151.88,jewelry,atm,0,0.0175,ALLOW,1
2023-11-30 06:25:34,296.89,entertainment,mobile_app,0,0.0003,ALLOW,1
2023-11-30 06:28:56,306.07,travel,atm,0,0.0007,ALLOW,1
2023-11-30 06:31:06,712.84,jewelry,in_store,0,0.0,ALLOW,1
2023-11-30 06:35:41,515.9,clothing,in_store,0,1e-04,ALLOW,1
2023-11-30 06:57:34,2453.15,grocery,mobile_app,0,0.0,ALLOW,1
2023-11-30 07:23:54,5004.44,online_gaming,online,0,1e-04,ALLOW,1
2023-11-30 07:36:54,673.66,grocery,atm,0,0.0002,ALLOW,1
2023-11-30 07:57:06,1663.79,online_gaming,mobile_app,0,1e-04,ALLOW,1
2023-11-30 08:06:42,447.23,entertainment,online,0,0.0007,ALLOW,1
2023-11-30 08:17:07,1334.97,jewelry,mobile_app,0,1e-04,ALLOW,1
2023-11-30 09:08:51,2951.76,grocery,in_store,0,0.0003,ALLOW,1
2023-11-30 09:28:27,2648.52,electronics,mobile_app,0,1e-04,ALLOW,1
2023-11-30 09:43:41,615.22,fuel,mobile_app,0,0.0,ALLOW,1
2023-11-30 09:44:12,2195.83,travel,online,0,1e-04,ALLOW,1
2023-11-30 09:50:38,436.04,entertainment,online,0,0.0002,ALLOW,1
2023-11-30 09:54:29,38.47,grocery,mobile_app,0,0.0003,ALLOW,1
2023-11-30 09:54:39,753.16,pharmacy,in_store,0,0.0004,ALLOW,1
2023-11-30 09:59:02,2129.95,fuel,atm,0,0.0009,ALLOW,1
2023-11-30 10:09:20,724.13,fuel,atm,0,0.0005,ALLOW,1
2023-11-30 10:15:05,954.02,restaurant,atm,0,0.0002,ALLOW,1
2023-11-30 10:23:10,636.72,fuel,mobile_app,0,1e-04,ALLOW,1
2023-11-30 10:31:40,1306.97,travel,atm,0,0.0,ALLOW,1
2023-11-30 10:38:58,1372.67,restaurant,atm,0,1e-04,ALLOW,1
2023-11-30 10:46:09,1093.81,electronics,atm,0,1e-04,ALLOW,1
2023-11-30 10:47:55,334.6,clothing,online,0,1e-04,ALLOW,1
2023-11-30 10:55:15,479.19,grocery,mobile_app,0,1e-04,ALLOW,1
2023-11-30 11:12:32,35.38,electronics,atm,0,1e-04,ALLOW,1
2023-11-30 11:16:54,341.33,travel,atm,0,0.0004,ALLOW,1
2023-11-30 11:24:35,2211.87,grocery,in_store,0,0.0002,ALLOW,1
2023-11-30 11:43:45,1700.28,fuel,mobile_app,0,0.005,ALLOW,1
2023-11-30 11:51:45,1928.54,jewelry,atm,0,0.0002,ALLOW,1
2023-11-30 12:09:45,2633.27,grocery,in_store,0,0.0,ALLOW,1
2023-11-30 12:13:23,1714.43,entertainment,atm,0,0.0002,ALLOW,1
2023-11-30 12:28:21,1294.75,fuel,atm,0,0.0007,ALLOW,1
2023-11-30 12:37:27,187.11,entertainment,atm,0,1e-04,ALLOW,1
2023-11-30 12:52:49,228.07,entertainment,mobile_app,0,1e-04,ALLOW,1
2023-11-30 12:56:38,5661.35,online_gaming,in_store,0,0.0002,ALLOW,1
2023-11-30 13:00:54,5789.19,jewelry,in_store,0,0.0004,ALLOW,1
2023-11-30 13:08:08,1214.34,clothing,in_store,0,0.0005,ALLOW,1
2023-11-30 13:15:55,965.73,pharmacy,online,0,0.0,ALLOW,1
2023-11-30 13:20:37,1075.04,clothing,mobile_app,0,0.0,ALLOW,1
2023-11-30 13:43:49,1861.98,online_gaming,online,0,0.0,ALLOW,1
2023-11-30 14:01:12,246.37,clothing,mobile_app,0,0.0024,ALLOW,1
2023-11-30 14:05:01,843.97,pharmacy,mobile_app,0,1e-04,ALLOW,1
2023-11-30 14:06:58,1676.83,travel,in_store,0,1e-04,ALLOW,1
2023-11-30 14:07:02,2466.23,restaurant,online,1,0.9998,REVIEW,1
2023-11-30 14:35:23,154.94,pharmacy,atm,0,1e-04,ALLOW,1
2023-11-30 14:38:56,4864.9,clothing,in_store,0,1e-04,ALLOW,1
2023-11-30 14:57:56,865.1,fuel,in_store,0,0.0,ALLOW,1
2023-11-30 15:07:56,758.03,travel,in_store,0,0.0002,ALLOW,1
2023-11-30 15:20:19,804.72,online_gaming,online,0,0.0002,ALLOW,1
2023-11-30 15:44:31,1106.37,pharmacy,in_store,0,0.0003,ALLOW,1
2023-11-30 15:47:53,546.76,electronics,in_store,0,1e-04,ALLOW,1
2023-11-30 16:04:05,2172.2,electronics,atm,0,1e-04,ALLOW,1
2023-11-30 16:07:17,1214.61,clothing,online,0,0.0004,ALLOW,1
2023-11-30 17:01:27,287.88,restaurant,in_store,0,1e-04,ALLOW,1
2023-11-30 17:12:18,199.69,fuel,in_store,0,0.0002,ALLOW,1
2023-11-30 17:19:47,4396.48,grocery,atm,0,0.0062,ALLOW,1
2023-11-30 17:52:29,311.68,clothing,atm,0,0.0003,ALLOW,1
2023-11-30 17:57:11,954.07,restaurant,in_store,0,0.0024,ALLOW,1
2023-11-30 18:00:20,993.78,restaurant,in_store,0,0.0004,ALLOW,1
2023-11-30 18:06:38,347.92,online_gaming,mobile_app,0,0.0004,ALLOW,1
2023-11-30 18:07:17,1014.46,pharmacy,mobile_app,0,1e-04,ALLOW,1
2023-11-30 18:09:32,476.67,online_gaming,online,0,0.0109,ALLOW,1
2023-11-30 18:28:05,932.9,electronics,online,0,0.0005,ALLOW,1
2023-11-30 19:16:06,217.05,restaurant,atm,0,0.0003,ALLOW,1
2023-11-30 19:33:49,253.0,online_gaming,atm,0,0.0019,ALLOW,1
2023-11-30 19:46:53,743.08,travel,mobile_app,0,1e-04,ALLOW,1
2023-11-30 19:53:59,289.62,clothing,atm,0,0.0003,ALLOW,1
2023-11-30 19:57:01,217.12,travel,in_store,0,0.0003,ALLOW,1
2023-11-30 19:59:43,439.46,fuel,atm,0,1e-04,ALLOW,1
2023-11-30 20:09:33,1070.06,clothing,atm,0,0.0013,ALLOW,1
2023-11-30 20:29:49,854.15,jewelry,online,0,0.0002,ALLOW,1
2023-11-30 20:30:31,2882.05,online_gaming,in_store,0,1e-04,ALLOW,1
2023-11-30 21:42:54,3792.04,pharmacy,atm,0,0.0021,ALLOW,1
2023-11-30 21:45:34,335.68,jewelry,atm,0,1e-04,ALLOW,1
2023-11-30 21:50:53,323.28,restaurant,mobile_app,0,0.0059,ALLOW,1
2023-11-30 21:53:52,2984.93,entertainment,online,0,1e-04,ALLOW,1
2023-11-30 22:02:35,1964.97,electronics,in_store,0,0.0002,ALLOW,1
2023-11-30 22:02:37,443.95,travel,mobile_app,0,1e-04,ALLOW,1
2023-11-30 22:03:04,403.79,electronics,atm,0,1e-04,ALLOW,1
2023-11-30 22:08:23,3782.13,online_gaming,in_store,0,0.0002,ALLOW,1
2023-11-30 22:10:36,5064.7,travel,online,1,0.9998,REVIEW,1
2023-11-30 22:19:33,919.8,fuel,online,0,0.0004,ALLOW,1
2023-11-30 22:20:18,946.62,electronics,online,0,1e-04,ALLOW,1
2023-11-30 22:22:06,948.47,pharmacy,in_store,0,0.0,ALLOW,1
2023-11-30 22:22:14,1281.71,pharmacy,mobile_app,0,0.0004,ALLOW,1
2023-11-30 22:29:47,484.92,fuel,atm,0,0.0028,ALLOW,1
2023-11-30 22:31:50,19.9,pharmacy,online,0,0.0,ALLOW,1
2023-11-30 22:32:18,718.81,grocery,online,0,1e-04,ALLOW,1
2023-11-30 22:32:45,96.46,entertainment,atm,0,0.0012,ALLOW,1
2023-11-30 22:32:55,219.32,clothing,mobile_app,0,0.0003,ALLOW,1
2023-11-30 22:41:03,113.88,pharmacy,atm,0,1e-04,ALLOW,1
2023-11-30 22:44:54,895.54,travel,in_store,0,0.0002,ALLOW,1
2023-11-30 23:13:54,648.27,electronics,mobile_app,0,1e-04,ALLOW,1
2023-11-30 23:22:24,1455.05,entertainment,online,0,0.0003,ALLOW,1
2023-12-01 00:06:40,595.5,pharmacy,atm,0,0.0002,ALLOW,1
2023-12-01 00:21:27,3557.29,grocery,atm,0,0.0002,ALLOW,1
2023-12-01 00:31:04,104.77,pharmacy,mobile_app,0,0.0003,ALLOW,1
2023-12-01 00:34:59,49.87,electronics,in_store,0,0.0008,ALLOW,1
2023-12-01 00:44:35,82.13,travel,in_store,0,0.0002,ALLOW,1
2023-12-01 00:49:03,518.04,online_gaming,mobile_app,0,0.0002,ALLOW,1
2023-12-01 00:53:18,1613.07,entertainment,in_store,0,1e-04,ALLOW,1
2023-12-01 01:07:45,3759.94,clothing,mobile_app,0,0.0002,ALLOW,1
2023-12-01 01:11:22,42.42,restaurant,online,0,1e-04,ALLOW,1
2023-12-01 01:14:17,374.25,pharmacy,in_store,0,1e-04,ALLOW,1
2023-12-01 01:28:37,2932.65,grocery,mobile_app,0,0.0002,ALLOW,1
2023-12-01 01:33:21,1090.6,clothing,online,0,0.0,ALLOW,1
2023-12-01 01:42:22,1470.39,restaurant,online,0,0.0002,ALLOW,1
2023-12-01 01:43:30,643.62,pharmacy,mobile_app,0,1e-04,ALLOW,1
2023-12-01 01:47:26,1663.59,electronics,atm,0,0.0,ALLOW,1
2023-12-01 01:55:20,1776.72,fuel,mobile_app,0,0.0055,ALLOW,1
2023-12-01 02:07:07,3385.63,entertainment,mobile_app,0,0.0035,ALLOW,1
2023-12-01 02:29:16,869.58,travel,online,0,1e-04,ALLOW,1
2023-12-01 02:38:11,1009.1,fuel,in_store,0,0.0002,ALLOW,1
2023-12-01 02:47:32,3170.9,electronics,mobile_app,0,0.0006,ALLOW,1
2023-12-01 03:07:30,1544.24,fuel,online,0,1e-04,ALLOW,1
2023-12-01 03:19:54,46.62,entertainment,in_store,0,0.0002,ALLOW,1
2023-12-01 03:24:50,114.55,clothing,atm,0,0.0007,ALLOW,1
2023-12-01 03:26:21,1563.46,entertainment,online,0,1e-04,ALLOW,1
2023-12-01 03:31:55,1090.13,grocery,atm,0,0.0002,ALLOW,1
2023-12-01 03:32:00,3270.17,fuel,online,0,0.0003,ALLOW,1
2023-12-01 03:36:16,835.0,electronics,atm,0,1e-04,ALLOW,1
2023-12-01 03:48:05,3600.46,travel,atm,0,1e-04,ALLOW,1
2023-12-01 03:59:37,1396.37,jewelry,online,0,0.0006,ALLOW,1
2023-12-01 03:59:50,512.9,restaurant,in_store,0,0.0,ALLOW,1
2023-12-01 04:01:19,2074.86,fuel,in_store,0,0.0,ALLOW,1
2023-12-01 04:45:22,417.33,travel,online,0,0.0,ALLOW,1
2023-12-01 05:21:03,10518.82,clothing,in_store,0,0.0236,ALLOW,1
2023-12-01 05:38:10,985.07,online_gaming,atm,0,1e-04,ALLOW,1
2023-12-01 05:49:40,480.15,grocery,online,0,1e-04,ALLOW,1
2023-12-01 05:57:17,4254.95,pharmacy,in_store,0,0.0,ALLOW,1
2023-12-01 05:59:49,337.08,grocery,online,0,1e-04,ALLOW,1
2023-12-01 06:08:19,4559.38,travel,online,0,0.0004,ALLOW,1
2023-12-01 06:17:21,1799.91,clothing,in_store,0,0.0,ALLOW,1
2023-12-01 06:21:00,731.09,grocery,mobile_app,0,0.0,ALLOW,1
2023-12-01 06:24:19,1257.2,restaurant,atm,0,1e-04,ALLOW,1
2023-12-01 06:27:27,177.21,grocery,online,0,0.0,ALLOW,1
2023-12-01 06:31:50,5335.92,electronics,mobile_app,0,0.0004,ALLOW,1
2023-12-01 06:45:28,253.54,online_gaming,online,0,0.0004,ALLOW,1
2023-12-01 06:45:48,2251.43,fuel,mobile_app,0,1e-04,ALLOW,1
2023-12-01 06:52:36,1769.31,travel,mobile_app,0,0.0002,ALLOW,1
2023-12-01 06:53:59,647.83,restaurant,in_store,0,1e-04,ALLOW,1
2023-12-01 06:57:58,4335.14,clothing,in_store,0,0.0002,ALLOW,1
2023-12-01 06:59:02,5490.05,clothing,online,0,0.0,ALLOW,1
2023-12-01 07:00:28,2401.39,electronics,mobile_app,0,0.0007,ALLOW,1
2023-12-01 07:10:37,309.7,clothing,online,0,0.001,ALLOW,1
2023-12-01 07:11:01,2975.18,restaurant,online,0,0.0002,ALLOW,1
2023-12-01 07:14:02,149.61,pharmacy,mobile_app,0,0.0004,ALLOW,1
2023-12-01 07:14:10,540.68,fuel,in_store,0,1e-04,ALLOW,1
2023-12-01 07:17:49,306.87,travel,online,0,1e-04,ALLOW,1
2023-12-01 07:18:36,2848.72,restaurant,atm,0,1e-04,ALLOW,1
2023-12-01 07:27:43,1138.75,entertainment,in_store,0,0.0,ALLOW,1
2023-12-01 07:30:48,3310.63,online_gaming,mobile_app,0,1e-04,ALLOW,1
2023-12-01 07:32:37,214.67,restaurant,in_store,0,0.0004,ALLOW,1
2023-12-01 07:50:25,1636.98,electronics,online,0,0.0002,ALLOW,1
2023-12-01 07:53:35,56.46,electronics,atm,0,0.0024,ALLOW,1
2023-12-01 07:59:31,897.42,restaurant,mobile_app,0,0.0002,ALLOW,1
2023-12-01 08:04:57,364.85,grocery,in_store,0,0.0008,ALLOW,1
2023-12-01 08:09:38,57.17,clothing,in_store,0,0.0002,ALLOW,1
2023-12-01 08:10:58,4840.64,pharmacy,in_store,0,0.0006,ALLOW,1
2023-12-01 08:23:23,205.5,pharmacy,in_store,0,0.0026,ALLOW,1
2023-12-01 08:23:29,99.51,electronics,mobile_app,0,1e-04,ALLOW,1
2023-12-01 08:34:14,3890.69,jewelry,online,0,0.0006,ALLOW,1
2023-12-01 08:35:42,1273.67,restaurant,in_store,0,1e-04,ALLOW,1
2023-12-01 08:40:12,1914.02,clothing,mobile_app,0,0.0009,ALLOW,1
2023-12-01 08:45:56,1445.46,jewelry,mobile_app,0,1e-04,ALLOW,1
2023-12-01 08:46:06,881.02,pharmacy,in_store,0,0.0003,ALLOW,1
2023-12-01 08:54:47,1704.08,online_gaming,in_store,0,1e-04,ALLOW,1
2023-12-01 08:56:43,65.94,fuel,atm,0,0.0003,ALLOW,1
2023-12-01 09:07:22,2924.35,fuel,online,0,0.0025,ALLOW,1
2023-12-01 09:23:35,610.19,electronics,mobile_app,0,0.0004,ALLOW,1
2023-12-01 09:44:33,185.09,entertainment,atm,0,1e-04,ALLOW,1
2023-12-01 10:01:50,1040.82,clothing,mobile_app,0,1e-04,ALLOW,1
2023-12-01 10:16:18,2481.13,entertainment,online,0,0.0002,ALLOW,1
2023-12-01 10:23:05,1464.63,fuel,atm,0,0.0002,ALLOW,1
2023-12-01 10:24:10,984.17,grocery,online,0,0.0008,ALLOW,1
2023-12-01 10:30:14,64.08,pharmacy,atm,0,1e-04,ALLOW,1
2023-12-01 10:46:30,632.46,jewelry,online,0,0.0003,ALLOW,1
2023-12-01 10:57:11,5040.99,entertainment,in_store,0,0.0005,ALLOW,1
2023-12-01 10:59:45,1311.06,clothing,in_store,0,0.0,ALLOW,1
2023-12-01 11:09:05,149.03,electronics,atm,0,0.0002,ALLOW,1
2023-12-01 11:19:09,68.46,travel,mobile_app,0,0.0006,ALLOW,1
2023-12-01 11:33:25,1659.37,clothing,atm,0,0.0005,ALLOW,1
2023-12-01 11:41:35,584.62,entertainment,online,0,1e-04,ALLOW,1
2023-12-01 12:08:05,158.28,pharmacy,online,0,1e-04,ALLOW,1
2023-12-01 12:08:51,4845.41,grocery,atm,0,0.0004,ALLOW,1
2023-12-01 12:09:40,947.76,clothing,atm,0,0.0005,ALLOW,1
2023-12-01 12:18:14,141.56,electronics,online,0,1e-04,ALLOW,1
2023-12-01 12:26:07,69.22,travel,mobile_app,0,1e-04,ALLOW,1
2023-12-01 12:32:44,14.79,travel,online,0,1e-04,ALLOW,1
2023-12-01 12:41:42,674.01,travel,mobile_app,0,0.0002,ALLOW,1
2023-12-01 12:44:16,442.26,jewelry,mobile_app,0,0.0005,ALLOW,1
2023-12-01 12:56:01,857.84,online_gaming,in_store,0,1e-04,ALLOW,1
2023-12-01 12:57:10,5099.73,jewelry,atm,0,1e-04,ALLOW,1
2023-12-01 13:04:08,52.98,online_gaming,in_store,0,0.0003,ALLOW,1
2023-12-01 13:16:19,1700.39,jewelry,online,0,1e-04,ALLOW,1
2023-12-01 13:20:23,5440.28,grocery,online,0,1e-04,ALLOW,1
2023-12-01 13:24:35,179.57,jewelry,in_store,0,0.0002,ALLOW,1
2023-12-01 13:25:13,4422.53,pharmacy,mobile_app,0,0.0028,ALLOW,1
2023-12-01 13:46:39,934.79,fuel,mobile_app,0,0.0,ALLOW,1
2023-12-01 13:48:05,3406.53,restaurant,atm,0,1e-04,ALLOW,1
2023-12-01 13:53:54,930.22,fuel,online,0,0.0003,ALLOW,1
2023-12-01 13:54:33,594.34,grocery,online,0,1e-04,ALLOW,1
2023-12-01 14:04:48,832.5,fuel,in_store,0,0.0002,ALLOW,1
2023-12-01 14:30:31,749.71,travel,mobile_app,0,1e-04,ALLOW,1
2023-12-01 14:42:54,2971.23,fuel,online,0,0.0003,ALLOW,1
2023-12-01 14:47:02,407.42,fuel,online,0,0.0,ALLOW,1
2023-12-01 14:54:56,657.72,electronics,in_store,0,0.0,ALLOW,1
2023-12-01 15:01:01,228.53,online_gaming,mobile_app,0,0.001,ALLOW,1
2023-12-01 15:13:01,591.66,entertainment,atm,0,0.0005,ALLOW,1
2023-12-01 15:15:30,711.52,restaurant,online,0,0.0008,ALLOW,1
2023-12-01 15:25:31,3767.33,pharmacy,atm,0,0.0123,ALLOW,1
2023-12-01 15:26:22,452.96,restaurant,online,0,0.0002,ALLOW,1
2023-12-01 15:35:35,6237.75,electronics,mobile_app,1,1.0,REVIEW,1
2023-12-01 15:37:44,4553.67,fuel,mobile_app,0,0.0002,ALLOW,1
2023-12-01 15:43:43,1012.38,pharmacy,atm,0,0.006,ALLOW,1
2023-12-01 15:46:22,3868.29,pharmacy,in_store,0,0.0,ALLOW,1
2023-12-01 15:51:41,1495.96,fuel,in_store,0,0.0002,ALLOW,1
2023-12-01 15:58:57,626.79,grocery,atm,0,1e-04,ALLOW,1
2023-12-01 16:00:03,9758.46,grocery,atm,0,0.0006,ALLOW,1
2023-12-01 16:05:22,220.54,travel,atm,0,0.0002,ALLOW,1
2023-12-01 16:28:45,512.39,online_gaming,mobile_app,0,1e-04,ALLOW,1
2023-12-01 16:34:58,689.62,jewelry,in_store,0,0.0005,ALLOW,1
2023-12-01 16:51:03,739.99,pharmacy,atm,0,0.0,ALLOW,1
2023-12-01 16:57:29,2278.42,fuel,mobile_app,0,1e-04,ALLOW,1
2023-12-01 17:28:46,1556.16,grocery,in_store,0,0.0003,ALLOW,1
2023-12-01 17:37:11,2669.67,travel,atm,0,0.009,ALLOW,1
2023-12-01 17:57:08,886.64,travel,mobile_app,0,0.0009,ALLOW,1
2023-12-01 17:57:41,428.08,electronics,online,0,0.0002,ALLOW,1
2023-12-01 18:03:25,563.34,online_gaming,mobile_app,0,0.0009,ALLOW,1
2023-12-01 18:03:56,1831.18,electronics,in_store,0,0.0002,ALLOW,1
2023-12-01 18:08:03,2851.52,clothing,atm,0,0.0004,ALLOW,1
2023-12-01 18:36:07,14.46,travel,in_store,0,1e-04,ALLOW,1
2023-12-01 18:42:33,2804.22,pharmacy,mobile_app,0,1e-04,ALLOW,1
2023-12-01 18:52:46,1189.95,clothing,online,0,0.0017,ALLOW,1
2023-12-01 18:58:56,337.0,grocery,online,0,0.0005,ALLOW,1
2023-12-01 19:00:38,1502.01,pharmacy,in_store,0,0.0,ALLOW,1
2023-12-01 19:03:39,2115.89,electronics,mobile_app,0,0.0,ALLOW,1
2023-12-01 19:06:52,1251.23,pharmacy,mobile_app,0,0.0003,ALLOW,1
2023-12-01 19:22:43,1428.14,jewelry,online,0,0.0004,ALLOW,1
2023-12-01 19:26:36,1385.54,clothing,atm,0,0.001,ALLOW,1
2023-12-01 19:27:36,316.06,grocery,in_store,0,1e-04,ALLOW,1
2023-12-01 19:54:59,813.53,travel,mobile_app,0,0.002,ALLOW,1
2023-12-01 20:04:07,2783.19,online_gaming,in_store,0,0.0002,ALLOW,1
2023-12-01 20:28:25,257.74,fuel,online,0,1e-04,ALLOW,1
2023-12-01 20:38:50,168.32,grocery,mobile_app,0,1e-04,ALLOW,1
2023-12-01 20:38:51,604.15,online_gaming,in_store,0,0.0003,ALLOW,1
2023-12-01 20:44:58,316.39,grocery,mobile_app,0,1e-04,ALLOW,1
2023-12-01 20:47:41,285.61,entertainment,in_store,0,0.0002,ALLOW,1
2023-12-01 21:12:36,803.56,grocery,atm,0,0.0003,ALLOW,1
2023-12-01 21:41:40,6495.56,jewelry,online,0,0.0066,ALLOW,1
2023-12-01 22:11:14,1396.34,restaurant,mobile_app,0,0.0004,ALLOW,1
2023-12-01 22:26:13,689.8,jewelry,atm,0,1e-04,ALLOW,1
2023-12-01 22:26:27,452.77,entertainment,atm,0,0.0,ALLOW,1
2023-12-01 22:28:52,246.62,pharmacy,mobile_app,0,1e-04,ALLOW,1
2023-12-01 22:56:17,2343.47,restaurant,online,0,0.0,ALLOW,1
2023-12-01 22:59:19,115.24,jewelry,atm,0,1e-04,ALLOW,1
2023-12-01 23:13:23,1390.59,clothing,mobile_app,0,0.0004,ALLOW,1
2023-12-01 23:33:08,837.01,jewelry,online,0,0.0003,ALLOW,1
2023-12-01 23:34:02,1829.35,jewelry,mobile_app,0,0.0002,ALLOW,1
2023-12-01 23:44:49,1641.08,fuel,in_store,0,0.0004,ALLOW,1
2023-12-01 23:50:30,3496.09,fuel,online,0,0.0007,ALLOW,1
2023-12-01 23:51:27,1119.94,grocery,online,0,0.0,ALLOW,1
2023-12-02 00:04:55,1114.75,clothing,mobile_app,0,1e-04,ALLOW,1
2023-12-02 00:08:43,161.72,grocery,in_store,0,0.0,ALLOW,1
2023-12-02 00:13:18,3071.51,pharmacy,in_store,0,0.0002,ALLOW,1
2023-12-02 00:27:17,7864.14,jewelry,in_store,1,0.9999,REVIEW,1
2023-12-02 00:40:38,664.25,grocery,mobile_app,0,0.0011,ALLOW,1
2023-12-02 00:42:38,3035.67,travel,online,0,1e-04,ALLOW,1
2023-12-02 00:47:13,2765.38,travel,atm,1,1.0,REVIEW,1
2023-12-02 00:48:02,569.55,clothing,in_store,0,0.0,ALLOW,1
2023-12-02 00:52:45,594.77,restaurant,atm,0,0.0002,ALLOW,1
2023-12-02 00:56:29,8680.76,entertainment,mobile_app,0,0.0352,ALLOW,1
2023-12-02 01:17:15,135.6,clothing,mobile_app,0,0.0002,ALLOW,1
2023-12-02 01:25:34,4733.42,restaurant,in_store,0,0.0,ALLOW,1
2023-12-02 01:28:33,2721.27,travel,in_store,0,0.0002,ALLOW,1
2023-12-02 01:34:46,4325.8,restaurant,in_store,0,1e-04,ALLOW,1
2023-12-02 01:45:03,294.69,pharmacy,in_store,0,0.0019,ALLOW,1
2023-12-02 01:50:04,1558.34,fuel,mobile_app,0,0.0,ALLOW,1
2023-12-02 01:58:35,467.68,fuel,atm,0,0.0007,ALLOW,1
2023-12-02 02:23:35,11.88,clothing,atm,0,0.0003,ALLOW,1
2023-12-02 03:02:03,392.16,grocery,atm,0,0.003,ALLOW,1
2023-12-02 03:07:27,4772.45,fuel,in_store,0,0.0,ALLOW,1
2023-12-02 03:08:54,596.67,online_gaming,atm,0,0.0003,ALLOW,1
2023-12-02 03:25:52,1195.98,fuel,mobile_app,0,1e-04,ALLOW,1
2023-12-02 03:42:57,2088.68,clothing,mobile_app,0,0.0019,ALLOW,1
2023-12-02 03:44:11,612.56,restaurant,mobile_app,0,1e-04,ALLOW,1
2023-12-02 03:59:44,87.22,pharmacy,in_store,0,1e-04,ALLOW,1
2023-12-02 04:14:12,2503.42,restaurant,mobile_app,0,0.0002,ALLOW,1
2023-12-02 04:25:02,2081.36,fuel,in_store,0,0.0009,ALLOW,1
2023-12-02 04:25:59,1691.95,travel,atm,0,0.0003,ALLOW,1
2023-12-02 04:35:34,315.54,grocery,in_store,0,1e-04,ALLOW,1
2023-12-02 04:59:41,985.14,travel,atm,0,0.0,ALLOW,1
2023-12-02 05:13:03,1805.03,travel,mobile_app,0,0.0003,ALLOW,1
2023-12-02 05:17:45,201.91,clothing,online,0,0.0007,ALLOW,1
2023-12-02 05:18:32,600.33,fuel,mobile_app,0,0.0002,ALLOW,1
2023-12-02 05:33:40,2123.95,jewelry,online,0,0.0006,ALLOW,1
2023-12-02 05:35:50,255.04,fuel,atm,0,0.0,ALLOW,1
2023-12-02 05:43:22,644.12,pharmacy,atm,0,0.0005,ALLOW,1
2023-12-02 05:58:23,2884.64,entertainment,mobile_app,0,0.0,ALLOW,1
2023-12-02 06:02:58,152.93,pharmacy,in_store,0,1e-04,ALLOW,1
2023-12-02 06:06:39,129.81,travel,atm,0,1e-04,ALLOW,1
2023-12-02 06:08:20,201.02,electronics,online,0,1e-04,ALLOW,1
2023-12-02 06:16:39,724.53,fuel,mobile_app,0,0.0031,ALLOW,1
2023-12-02 06:21:01,3807.13,electronics,atm,0,0.0005,ALLOW,1
2023-12-02 06:28:22,1756.16,online_gaming,atm,0,1e-04,ALLOW,1
2023-12-02 06:32:10,1723.45,travel,in_store,0,0.0002,ALLOW,1
2023-12-02 06:39:09,1627.52,fuel,mobile_app,0,0.0,ALLOW,1
2023-12-02 06:50:37,110.14,fuel,online,0,1e-04,ALLOW,1
2023-12-02 06:59:50,885.71,jewelry,in_store,0,0.0008,ALLOW,1
2023-12-02 07:51:07,4447.63,fuel,online,0,1e-04,ALLOW,1
2023-12-02 07:56:12,1102.34,travel,atm,0,0.0006,ALLOW,1
2023-12-02 08:07:11,203.96,online_gaming,mobile_app,0,0.0003,ALLOW,1
2023-12-02 08:10:57,1406.17,pharmacy,in_store,0,1e-04,ALLOW,1
2023-12-02 08:23:27,371.42,pharmacy,atm,0,1e-04,ALLOW,1
2023-12-02 08:28:27,1444.88,clothing,in_store,0,0.0,ALLOW,1
2023-12-02 08:33:55,1604.07,entertainment,mobile_app,0,0.001,ALLOW,1
2023-12-02 08:34:20,176.84,entertainment,atm,0,1e-04,ALLOW,1
2023-12-02 08:48:52,2153.84,jewelry,atm,0,1e-04,ALLOW,1
2023-12-02 09:20:12,1434.46,grocery,atm,0,0.0013,ALLOW,1
2023-12-02 09:21:44,273.24,entertainment,mobile_app,0,0.0002,ALLOW,1
2023-12-02 09:24:54,1972.43,electronics,atm,1,0.0012,ALLOW,0
2023-12-02 09:25:14,259.56,electronics,mobile_app,0,0.001,ALLOW,1
2023-12-02 09:28:44,2634.69,clothing,mobile_app,0,0.4231,REVIEW,0
2023-12-02 09:38:55,393.14,fuel,online,0,0.0002,ALLOW,1
2023-12-02 10:01:23,1630.36,entertainment,in_store,0,1e-04,ALLOW,1
2023-12-02 10:09:49,782.95,fuel,atm,0,0.0,ALLOW,1
2023-12-02 10:12:32,1106.32,travel,atm,0,0.0005,ALLOW,1
2023-12-02 10:27:56,3981.59,jewelry,online,0,1e-04,ALLOW,1
2023-12-02 10:51:09,895.1,travel,online,0,0.0003,ALLOW,1
2023-12-02 11:02:49,714.23,grocery,online,0,0.0076,ALLOW,1
2023-12-02 11:14:58,2223.87,entertainment,online,0,1e-04,ALLOW,1
2023-12-02 11:20:56,409.86,online_gaming,in_store,0,0.0004,ALLOW,1
2023-12-02 11:29:56,2372.84,restaurant,atm,0,0.0,ALLOW,1
2023-12-02 11:34:06,26.32,clothing,in_store,0,0.0023,ALLOW,1
2023-12-02 11:48:47,1498.16,travel,atm,0,0.0,ALLOW,1
2023-12-02 11:56:25,134.04,travel,mobile_app,0,1e-04,ALLOW,1
2023-12-02 11:59:59,7677.7,electronics,in_store,0,1e-04,ALLOW,1
2023-12-02 12:01:42,30.25,fuel,online,0,1e-04,ALLOW,1
2023-12-02 12:23:30,9560.94,clothing,in_store,0,0.0113,ALLOW,1
2023-12-02 12:24:51,79.72,clothing,online,0,0.0011,ALLOW,1
2023-12-02 12:40:33,1486.79,restaurant,atm,0,0.0008,ALLOW,1
2023-12-02 12:44:48,323.05,online_gaming,mobile_app,0,0.0002,ALLOW,1
2023-12-02 12:45:29,548.99,grocery,mobile_app,0,1e-04,ALLOW,1
2023-12-02 13:00:10,294.54,restaurant,mobile_app,0,0.0003,ALLOW,1
2023-12-02 13:02:06,1542.28,grocery,atm,0,1e-04,ALLOW,1
2023-12-02 13:06:27,1842.54,pharmacy,mobile_app,0,0.0002,ALLOW,1
2023-12-02 13:29:32,860.07,travel,mobile_app,0,0.0,ALLOW,1
2023-12-02 13:44:29,1344.99,online_gaming,online,0,0.0006,ALLOW,1
2023-12-02 13:48:21,69.16,entertainment,online,0,1e-04,ALLOW,1
2023-12-02 13:57:47,2076.65,travel,in_store,0,0.0002,ALLOW,1
2023-12-02 13:59:45,148.92,clothing,atm,0,0.0009,ALLOW,1
2023-12-02 14:05:18,1420.99,online_gaming,mobile_app,0,0.0002,ALLOW,1
2023-12-02 14:15:36,216.05,clothing,atm,0,0.0007,ALLOW,1
2023-12-02 14:22:08,1909.81,electronics,atm,0,1e-04,ALLOW,1
2023-12-02 14:33:15,431.51,restaurant,online,0,1e-04,ALLOW,1
2023-12-02 14:34:22,6836.89,online_gaming,online,0,0.0011,ALLOW,1
2023-12-02 14:41:52,267.93,fuel,in_store,0,0.0004,ALLOW,1
2023-12-02 14:48:14,3898.27,online_gaming,atm,0,0.0003,ALLOW,1
2023-12-02 14:55:02,5015.53,fuel,atm,0,0.012,ALLOW,1
2023-12-02 14:58:27,2409.09,jewelry,in_store,0,0.0003,ALLOW,1
2023-12-02 15:12:51,969.61,electronics,online,0,1e-04,ALLOW,1
2023-12-02 15:22:05,2227.09,pharmacy,atm,0,0.0105,ALLOW,1
2023-12-02 15:26:06,215.61,travel,atm,0,0.0034,ALLOW,1
2023-12-02 15:29:32,1441.13,pharmacy,mobile_app,0,0.0002,ALLOW,1
2023-12-02 15:44:49,777.23,electronics,atm,0,1e-04,ALLOW,1
2023-12-02 15:46:05,1878.15,electronics,in_store,0,0.0,ALLOW,1
2023-12-02 15:49:40,990.48,jewelry,atm,0,0.0,ALLOW,1
2023-12-02 15:54:23,811.76,electronics,online,0,1e-04,ALLOW,1
2023-12-02 15:56:55,550.44,pharmacy,mobile_app,0,0.0,ALLOW,1
2023-12-02 16:16:03,135.73,online_gaming,online,0,1e-04,ALLOW,1
2023-12-02 16:17:52,11.46,travel,atm,0,0.0002,ALLOW,1
2023-12-02 16:21:52,261.15,pharmacy,in_store,0,0.001,ALLOW,1
2023-12-02 16:34:56,553.14,entertainment,in_store,0,1e-04,ALLOW,1
2023-12-02 16:35:11,2126.28,restaurant,in_store,0,0.0002,ALLOW,1
2023-12-02 16:59:00,181.74,restaurant,atm,0,0.0007,ALLOW,1
2023-12-02 16:59:17,4070.03,pharmacy,atm,0,0.0002,ALLOW,1
2023-12-02 17:00:13,2555.23,entertainment,mobile_app,0,0.0021,ALLOW,1
2023-12-02 17:02:45,1821.28,fuel,atm,0,1e-04,ALLOW,1
2023-12-02 17:06:55,1082.8,pharmacy,in_store,0,0.0,ALLOW,1
2023-12-02 17:07:32,930.5,entertainment,online,0,0.0012,ALLOW,1
2023-12-02 17:24:30,1531.95,restaurant,online,0,0.0002,ALLOW,1
2023-12-02 17:33:36,1767.27,clothing,mobile_app,0,0.002,ALLOW,1
2023-12-02 17:33:52,422.19,clothing,online,0,1e-04,ALLOW,1
2023-12-02 17:46:02,261.8,restaurant,in_store,0,0.0015,ALLOW,1
2023-12-02 17:47:03,214.17,restaurant,online,0,0.0004,ALLOW,1
2023-12-02 18:02:27,46.94,jewelry,online,0,1e-04,ALLOW,1
2023-12-02 18:04:34,126.08,pharmacy,online,0,1e-04,ALLOW,1
2023-12-02 18:13:55,752.26,clothing,mobile_app,0,0.0,ALLOW,1
2023-12-02 18:51:56,489.68,restaurant,mobile_app,0,0.0005,ALLOW,1
2023-12-02 19:02:57,2040.97,pharmacy,atm,0,1e-04,ALLOW,1
2023-12-02 19:05:49,393.48,clothing,online,0,0.0,ALLOW,1
2023-12-02 19:29:16,1099.0,jewelry,mobile_app,0,0.0,ALLOW,1
2023-12-02 19:43:33,1175.15,online_gaming,in_store,0,1e-04,ALLOW,1
2023-12-02 19:44:21,675.73,pharmacy,in_store,0,1e-04,ALLOW,1
2023-12-02 19:57:25,6141.92,online_gaming,online,0,0.0002,ALLOW,1
2023-12-02 19:57:57,824.67,restaurant,online,0,1e-04,ALLOW,1
2023-12-02 20:01:53,542.02,fuel,atm,0,0.0002,ALLOW,1
2023-12-02 20:04:13,2321.02,clothing,online,0,0.0002,ALLOW,1
2023-12-02 20:08:23,1456.68,entertainment,online,0,0.0,ALLOW,1
2023-12-02 20:09:47,1667.96,online_gaming,mobile_app,0,1e-04,ALLOW,1
2023-12-02 20:29:05,237.26,clothing,in_store,0,0.0007,ALLOW,1
2023-12-02 20:37:52,1348.33,clothing,in_store,0,1e-04,ALLOW,1
2023-12-02 20:44:42,1904.18,fuel,online,0,1e-04,ALLOW,1
2023-12-02 20:57:22,48.92,online_gaming,mobile_app,0,1e-04,ALLOW,1
2023-12-02 21:02:19,679.11,online_gaming,mobile_app,0,0.0003,ALLOW,1
2023-12-02 21:03:40,2050.68,grocery,in_store,0,0.0,ALLOW,1
2023-12-02 21:14:04,1173.94,jewelry,atm,0,1e-04,ALLOW,1
2023-12-02 21:22:18,1473.14,travel,mobile_app,0,1e-04,ALLOW,1
2023-12-02 21:31:07,3967.77,entertainment,mobile_app,0,0.0004,ALLOW,1
2023-12-02 21:40:09,483.9,online_gaming,mobile_app,0,0.0003,ALLOW,1
2023-12-02 21:58:29,1188.31,entertainment,mobile_app,0,1e-04,ALLOW,1
2023-12-02 21:58:44,509.96,fuel,mobile_app,0,1e-04,ALLOW,1
2023-12-02 22:10:42,2216.65,grocery,online,0,1e-04,ALLOW,1
2023-12-02 22:12:32,2622.48,fuel,atm,0,0.0,ALLOW,1
2023-12-02 22:32:21,4259.23,electronics,in_store,0,0.0007,ALLOW,1
2023-12-02 22:37:42,1398.89,restaurant,online,0,0.0,ALLOW,1
2023-12-02 22:48:40,313.69,travel,atm,0,0.0014,ALLOW,1
2023-12-02 22:58:47,1731.63,grocery,mobile_app,0,0.0002,ALLOW,1
2023-12-02 23:23:41,3578.13,online_gaming,online,0,0.0004,ALLOW,1
2023-12-02 23:43:25,109.66,entertainment,in_store,0,1e-04,ALLOW,1
2023-12-03 00:11:08,2744.69,fuel,mobile_app,0,0.0,ALLOW,1
2023-12-03 00:11:39,379.04,restaurant,mobile_app,0,0.0078,ALLOW,1
2023-12-03 00:21:04,2238.59,pharmacy,mobile_app,0,1e-04,ALLOW,1
2023-12-03 00:38:53,709.87,jewelry,mobile_app,0,0.0004,ALLOW,1
2023-12-03 00:42:30,80.61,entertainment,atm,0,0.0005,ALLOW,1
2023-12-03 00:45:39,2208.57,travel,mobile_app,0,1e-04,ALLOW,1
2023-12-03 01:02:49,50.84,entertainment,mobile_app,0,0.0009,ALLOW,1
2023-12-03 01:35:04,14.4,restaurant,in_store,0,0.0004,ALLOW,1
2023-12-03 01:39:28,1148.32,jewelry,online,0,1e-04,ALLOW,1
2023-12-03 01:54:03,171.53,grocery,atm,0,1e-04,ALLOW,1
2023-12-03 01:55:53,576.59,entertainment,atm,0,1e-04,ALLOW,1
2023-12-03 01:58:35,3465.05,entertainment,in_store,0,1e-04,ALLOW,1
2023-12-03 02:05:38,69.01,restaurant,atm,0,0.0002,ALLOW,1
2023-12-03 02:22:36,228.5,electronics,atm,0,1e-04,ALLOW,1
2023-12-03 02:33:50,62.14,clothing,mobile_app,0,0.0002,ALLOW,1
2023-12-03 02:40:09,37.57,fuel,mobile_app,0,1e-04,ALLOW,1
2023-12-03 02:55:33,379.39,online_gaming,in_store,0,0.0002,ALLOW,1
2023-12-03 03:01:16,187.66,grocery,online,0,0.0002,ALLOW,1
2023-12-03 03:08:05,1983.81,clothing,atm,0,0.0026,ALLOW,1
2023-12-03 03:15:34,2429.98,grocery,online,0,0.0,ALLOW,1
2023-12-03 03:18:41,2174.09,electronics,online,0,0.0005,ALLOW,1
2023-12-03 03:40:10,1611.31,online_gaming,atm,0,1e-04,ALLOW,1
2023-12-03 03:41:37,86.58,electronics,online,0,0.0007,ALLOW,1
2023-12-03 03:44:47,1952.55,entertainment,online,0,1e-04,ALLOW,1
2023-12-03 03:49:38,4134.89,clothing,mobile_app,0,0.0027,ALLOW,1
2023-12-03 03:56:50,3469.89,grocery,mobile_app,0,1e-04,ALLOW,1
2023-12-03 04:01:15,1249.39,travel,mobile_app,0,1e-04,ALLOW,1
2023-12-03 04:04:23,173.84,restaurant,atm,0,0.0003,ALLOW,1
2023-12-03 04:08:19,1848.32,travel,in_store,0,1e-04,ALLOW,1
2023-12-03 04:32:23,4372.8,restaurant,online,0,0.0023,ALLOW,1
2023-12-03 04:37:53,598.21,fuel,online,0,1e-04,ALLOW,1
2023-12-03 04:39:40,4526.71,pharmacy,atm,0,0.0003,ALLOW,1
2023-12-03 04:42:04,2082.6,grocery,mobile_app,0,1e-04,ALLOW,1
2023-12-03 04:45:24,5058.67,entertainment,in_store,0,1e-04,ALLOW,1
2023-12-03 04:51:04,739.12,jewelry,mobile_app,0,0.0004,ALLOW,1
2023-12-03 05:02:25,1376.88,restaurant,in_store,0,0.0006,ALLOW,1
2023-12-03 05:10:09,3667.76,grocery,in_store,0,0.0005,ALLOW,1
2023-12-03 05:17:16,240.58,jewelry,mobile_app,0,1e-04,ALLOW,1
2023-12-03 05:29:32,214.56,grocery,online,0,0.0005,ALLOW,1
2023-12-03 05:39:48,112.71,fuel,in_store,0,0.0004,ALLOW,1
2023-12-03 05:42:36,1500.5,restaurant,online,0,0.0,ALLOW,1
2023-12-03 05:53:50,263.7,jewelry,atm,0,0.0002,ALLOW,1
2023-12-03 05:55:28,316.08,grocery,online,0,1e-04,ALLOW,1
2023-12-03 06:01:13,1230.49,grocery,in_store,0,0.0002,ALLOW,1
2023-12-03 06:03:49,416.36,travel,online,0,0.0003,ALLOW,1
2023-12-03 06:26:47,2604.07,entertainment,in_store,0,1e-04,ALLOW,1
2023-12-03 06:35:11,1305.06,clothing,atm,0,0.0,ALLOW,1
2023-12-03 06:38:11,4240.55,fuel,mobile_app,0,0.0013,ALLOW,1
2023-12-03 06:56:57,1825.1,jewelry,in_store,0,1e-04,ALLOW,1
2023-12-03 07:12:30,3507.06,travel,mobile_app,0,0.0003,ALLOW,1
2023-12-03 07:14:06,3049.48,grocery,atm,0,0.0,ALLOW,1
2023-12-03 07:24:44,131.16,restaurant,atm,0,0.0015,ALLOW,1
2023-12-03 07:48:57,998.72,fuel,in_store,0,0.0,ALLOW,1
2023-12-03 07:49:33,822.26,electronics,online,0,1e-04,ALLOW,1
2023-12-03 08:12:10,2317.99,grocery,mobile_app,0,1e-04,ALLOW,1
2023-12-03 08:19:30,2624.8,grocery,mobile_app,0,0.0,ALLOW,1
2023-12-03 08:23:18,794.47,entertainment,in_store,0,0.0042,ALLOW,1
2023-12-03 08:23:40,300.32,restaurant,online,0,0.0016,ALLOW,1
2023-12-03 08:29:00,1703.79,electronics,atm,0,0.0,ALLOW,1
2023-12-03 08:34:02,138.58,fuel,mobile_app,0,0.0004,ALLOW,1
2023-12-03 08:37:38,476.03,jewelry,mobile_app,0,1e-04,ALLOW,1
2023-12-03 08:42:34,537.8,grocery,atm,0,1e-04,ALLOW,1
2023-12-03 08:43:55,2404.79,fuel,mobile_app,0,1e-04,ALLOW,1
2023-12-03 09:03:59,720.89,entertainment,online,0,0.0007,ALLOW,1
2023-12-03 09:11:16,1621.49,clothing,atm,1,0.9999,REVIEW,1
2023-12-03 09:28:29,371.72,grocery,online,0,0.0003,ALLOW,1
2023-12-03 09:34:07,148.73,jewelry,mobile_app,0,0.0002,ALLOW,1
2023-12-03 09:47:36,237.8,electronics,online,0,0.0002,ALLOW,1
2023-12-03 09:58:50,684.1,grocery,mobile_app,0,1e-04,ALLOW,1
2023-12-03 10:23:08,1848.38,clothing,mobile_app,0,0.0143,ALLOW,1
2023-12-03 10:36:18,1283.1,grocery,online,0,0.0,ALLOW,1
2023-12-03 10:38:16,212.67,electronics,mobile_app,0,0.0004,ALLOW,1
2023-12-03 10:59:45,713.33,grocery,online,0,0.0,ALLOW,1
2023-12-03 11:00:06,236.4,travel,mobile_app,0,0.0002,ALLOW,1
2023-12-03 11:09:30,95.81,electronics,atm,0,1e-04,ALLOW,1
2023-12-03 11:10:07,1419.99,fuel,in_store,0,0.0,ALLOW,1
2023-12-03 11:16:00,236.89,restaurant,in_store,0,0.0003,ALLOW,1
2023-12-03 11:22:34,1229.18,clothing,mobile_app,0,0.0005,ALLOW,1
2023-12-03 11:23:45,598.59,online_gaming,mobile_app,0,1e-04,ALLOW,1
2023-12-03 11:47:22,4487.77,online_gaming,in_store,0,0.0002,ALLOW,1
2023-12-03 11:47:31,1000.24,electronics,online,0,1e-04,ALLOW,1
2023-12-03 11:50:39,250.89,online_gaming,in_store,0,1e-04,ALLOW,1
2023-12-03 11:52:50,2463.17,entertainment,atm,0,0.0,ALLOW,1
2023-12-03 12:02:30,172.57,jewelry,in_store,0,1e-04,ALLOW,1
2023-12-03 12:06:19,611.96,online_gaming,atm,0,0.0002,ALLOW,1
2023-12-03 12:16:50,2083.14,fuel,online,0,0.0,ALLOW,1
2023-12-03 12:17:14,2514.53,grocery,atm,0,1e-04,ALLOW,1
2023-12-03 12:20:41,1491.8,travel,online,0,0.0004,ALLOW,1
2023-12-03 12:27:48,3420.48,pharmacy,online,0,0.003,ALLOW,1
2023-12-03 12:40:15,4629.57,pharmacy,atm,0,0.0,ALLOW,1
2023-12-03 12:45:40,275.86,entertainment,in_store,0,0.0005,ALLOW,1
2023-12-03 12:52:39,1483.31,pharmacy,atm,0,0.0,ALLOW,1
2023-12-03 12:58:25,4900.78,jewelry,atm,0,1e-04,ALLOW,1
2023-12-03 13:14:37,2723.7,entertainment,online,0,0.0,ALLOW,1
2023-12-03 13:23:40,208.84,jewelry,in_store,0,0.0006,ALLOW,1
2023-12-03 13:25:28,409.14,travel,in_store,0,1e-04,ALLOW,1
2023-12-03 13:31:00,1498.87,fuel,mobile_app,0,1e-04,ALLOW,1
2023-12-03 13:32:21,951.13,jewelry,mobile_app,0,0.0,ALLOW,1
2023-12-03 13:34:15,3214.91,online_gaming,mobile_app,0,0.0061,ALLOW,1
2023-12-03 13:43:50,591.02,travel,in_store,0,1e-04,ALLOW,1
2023-12-03 13:52:58,1253.19,fuel,online,0,0.0,ALLOW,1
2023-12-03 13:54:02,1981.37,electronics,atm,0,0.0,ALLOW,1
2023-12-03 14:03:57,3262.89,electronics,atm,0,0.0005,ALLOW,1
2023-12-03 14:16:20,1588.99,entertainment,online,0,0.0002,ALLOW,1
2023-12-03 14:22:14,1003.85,clothing,online,0,0.0006,ALLOW,1
2023-12-03 14:28:11,686.76,fuel,atm,0,1e-04,ALLOW,1
2023-12-03 14:47:31,1197.31,grocery,atm,0,1e-04,ALLOW,1
2023-12-03 14:54:09,4418.1,electronics,atm,0,0.0002,ALLOW,1
2023-12-03 14:57:16,1065.36,pharmacy,atm,0,0.0029,ALLOW,1
2023-12-03 14:58:26,2390.2,pharmacy,online,0,0.0,ALLOW,1
2023-12-03 14:58:27,4379.99,clothing,mobile_app,0,1e-04,ALLOW,1
2023-12-03 15:10:45,121.79,online_gaming,mobile_app,0,1e-04,ALLOW,1
2023-12-03 15:51:43,2517.26,online_gaming,atm,0,0.0,ALLOW,1
2023-12-03 16:02:50,4783.28,clothing,online,0,1e-04,ALLOW,1
2023-12-03 16:22:20,603.06,grocery,atm,0,0.0003,ALLOW,1
2023-12-03 16:35:06,640.9,pharmacy,online,0,0.0004,ALLOW,1
2023-12-03 16:37:04,2015.64,electronics,online,0,0.0,ALLOW,1
2023-12-03 16:46:04,3378.55,clothing,atm,0,0.0013,ALLOW,1
2023-12-03 17:33:45,646.7,grocery,mobile_app,0,0.0,ALLOW,1
2023-12-03 17:38:09,1667.67,fuel,in_store,0,1e-04,ALLOW,1
2023-12-03 17:40:07,281.83,jewelry,online,0,0.0235,ALLOW,1
2023-12-03 17:46:30,682.36,electronics,in_store,0,1e-04,ALLOW,1
2023-12-03 17:53:39,1648.07,grocery,online,0,1e-04,ALLOW,1
2023-12-03 18:05:29,340.26,online_gaming,online,0,0.0003,ALLOW,1
2023-12-03 18:07:14,5355.96,clothing,online,0,1e-04,ALLOW,1
2023-12-03 18:08:15,3463.51,restaurant,online,0,1e-04,ALLOW,1
2023-12-03 18:18:06,886.88,pharmacy,in_store,0,0.0026,ALLOW,1
2023-12-03 18:18:08,1536.55,pharmacy,atm,0,0.0,ALLOW,1
2023-12-03 18:19:16,7353.59,travel,in_store,0,0.0032,ALLOW,1
2023-12-03 18:37:34,1397.44,clothing,in_store,0,1e-04,ALLOW,1
2023-12-03 19:04:04,518.01,entertainment,atm,0,1e-04,ALLOW,1
2023-12-03 19:32:34,1542.08,grocery,online,0,0.0,ALLOW,1
2023-12-03 19:51:53,617.5,grocery,atm,0,0.0004,ALLOW,1
2023-12-03 19:59:48,32.41,clothing,mobile_app,0,0.0005,ALLOW,1
2023-12-03 20:12:48,25.67,online_gaming,online,0,0.0002,ALLOW,1
2023-12-03 20:23:37,102.89,electronics,atm,0,0.0003,ALLOW,1
2023-12-03 20:27:46,408.51,grocery,online,0,0.0005,ALLOW,1
2023-12-03 20:33:01,1338.68,restaurant,online,0,1e-04,ALLOW,1
2023-12-03 20:44:06,92.65,jewelry,atm,0,0.0003,ALLOW,1
2023-12-03 20:47:27,180.5,online_gaming,mobile_app,0,0.0002,ALLOW,1
2023-12-03 20:54:46,443.2,clothing,in_store,0,0.0205,ALLOW,1
2023-12-03 21:08:22,1170.56,clothing,online,0,0.0002,ALLOW,1
2023-12-03 21:08:46,3415.76,pharmacy,online,0,0.0002,ALLOW,1
2023-12-03 21:10:32,691.57,pharmacy,online,0,0.0,ALLOW,1
2023-12-03 21:11:52,3548.92,fuel,mobile_app,0,0.0012,ALLOW,1
2023-12-03 21:30:22,2357.47,online_gaming,atm,0,0.0002,ALLOW,1
2023-12-03 21:50:05,4209.54,restaurant,in_store,0,1e-04,ALLOW,1
2023-12-03 21:50:29,3015.25,jewelry,atm,0,0.0002,ALLOW,1
2023-12-03 21:55:25,1681.92,jewelry,mobile_app,0,0.0003,ALLOW,1
2023-12-03 21:57:34,208.17,grocery,atm,0,0.0002,ALLOW,1
2023-12-03 22:15:08,3206.94,pharmacy,online,0,1e-04,ALLOW,1
2023-12-03 22:29:05,2774.93,electronics,atm,0,1e-04,ALLOW,1
2023-12-03 22:29:10,212.98,grocery,in_store,0,1e-04,ALLOW,1
2023-12-03 22:31:14,738.36,jewelry,atm,0,1e-04,ALLOW,1
2023-12-03 22:31:31,294.69,online_gaming,in_store,0,0.0002,ALLOW,1
2023-12-03 22:49:13,334.24,fuel,in_store,0,0.0,ALLOW,1
2023-12-03 22:49:19,702.43,restaurant,online,1,0.9997,REVIEW,1
2023-12-03 23:21:21,243.29,restaurant,atm,0,0.0323,ALLOW,1
2023-12-03 23:34:23,1015.51,grocery,mobile_app,0,1e-04,ALLOW,1
2023-12-03 23:44:04,50.46,fuel,mobile_app,0,0.0,ALLOW,1
2023-12-04 00:31:14,3068.83,clothing,atm,0,0.0013,ALLOW,1
2023-12-04 00:47:04,3754.74,fuel,in_store,0,1e-04,ALLOW,1
2023-12-04 01:05:55,386.27,grocery,atm,0,1e-04,ALLOW,1
2023-12-04 01:06:42,4276.29,entertainment,in_store,0,0.0003,ALLOW,1
2023-12-04 01:30:55,1417.84,fuel,atm,0,0.0002,ALLOW,1
2023-12-04 01:31:49,1276.89,jewelry,online,0,1e-04,ALLOW,1
2023-12-04 01:48:31,891.53,electronics,atm,0,0.0005,ALLOW,1
2023-12-04 02:03:14,2441.14,online_gaming,atm,0,0.0336,ALLOW,1
2023-12-04 02:23:09,3261.52,jewelry,mobile_app,0,0.0003,ALLOW,1
2023-12-04 02:32:54,1599.65,pharmacy,in_store,0,0.0,ALLOW,1
2023-12-04 02:40:44,520.75,electronics,atm,0,1e-04,ALLOW,1
2023-12-04 02:42:52,944.9,entertainment,in_store,0,0.0002,ALLOW,1
2023-12-04 02:47:43,1322.54,online_gaming,mobile_app,0,0.0002,ALLOW,1
2023-12-04 02:54:55,510.13,clothing,mobile_app,0,0.0003,ALLOW,1
2023-12-04 03:08:36,326.38,travel,in_store,0,0.0003,ALLOW,1
2023-12-04 03:13:58,1881.25,clothing,online,0,1e-04,ALLOW,1
2023-12-04 03:18:32,976.26,electronics,in_store,0,0.0008,ALLOW,1
2023-12-04 03:30:00,1217.46,entertainment,in_store,0,0.0006,ALLOW,1
2023-12-04 03:34:21,915.16,clothing,online,0,0.0961,ALLOW,1
2023-12-04 03:37:42,866.21,entertainment,mobile_app,0,0.0003,ALLOW,1
2023-12-04 03:42:00,3410.07,clothing,online,0,0.0,ALLOW,1
2023-12-04 03:47:57,1860.12,electronics,atm,0,1e-04,ALLOW,1
2023-12-04 04:02:21,185.05,clothing,mobile_app,0,0.0002,ALLOW,1
2023-12-04 04:27:45,3447.65,entertainment,in_store,0,0.0,ALLOW,1
2023-12-04 04:40:41,3981.04,electronics,mobile_app,0,0.0,ALLOW,1
2023-12-04 05:02:58,2152.5,travel,online,0,0.0008,ALLOW,1
2023-12-04 05:29:00,2502.0,restaurant,in_store,0,1e-04,ALLOW,1
2023-12-04 05:29:46,2336.56,clothing,mobile_app,0,0.0282,ALLOW,1
2023-12-04 05:41:44,1702.13,fuel,mobile_app,0,1e-04,ALLOW,1
2023-12-04 05:51:49,4412.53,online_gaming,atm,0,0.0,ALLOW,1
2023-12-04 05:53:16,407.19,electronics,online,0,0.0002,ALLOW,1
2023-12-04 06:02:39,6246.44,restaurant,online,0,0.0025,ALLOW,1
2023-12-04 06:04:52,965.63,fuel,mobile_app,0,0.0007,ALLOW,1
2023-12-04 06:08:26,324.94,online_gaming,online,0,0.0002,ALLOW,1
2023-12-04 06:12:52,225.93,grocery,in_store,0,1e-04,ALLOW,1
2023-12-04 06:23:01,703.01,entertainment,mobile_app,0,1e-04,ALLOW,1
2023-12-04 06:25:51,2018.89,electronics,online,0,1e-04,ALLOW,1
2023-12-04 06:26:34,376.9,restaurant,atm,0,1e-04,ALLOW,1
2023-12-04 06:33:02,1435.9,electronics,mobile_app,0,1e-04,ALLOW,1
2023-12-04 06:57:53,584.85,pharmacy,atm,0,0.0004,ALLOW,1
2023-12-04 07:07:38,4983.0,electronics,mobile_app,0,0.0004,ALLOW,1
2023-12-04 07:16:17,1746.93,online_gaming,mobile_app,0,0.0003,ALLOW,1
2023-12-04 07:17:02,1839.25,clothing,atm,0,0.0005,ALLOW,1
2023-12-04 07:43:41,4786.21,grocery,online,0,0.0013,ALLOW,1
2023-12-04 07:48:57,7569.58,online_gaming,in_store,0,0.0005,ALLOW,1
2023-12-04 07:52:01,1335.67,online_gaming,in_store,0,1e-04,ALLOW,1
2023-12-04 07:56:48,10.0,fuel,atm,0,0.0,ALLOW,1
2023-12-04 08:03:11,291.4,jewelry,online,0,0.0023,ALLOW,1
2023-12-04 08:04:30,1674.16,jewelry,atm,0,1e-04,ALLOW,1
2023-12-04 08:05:10,397.16,pharmacy,in_store,0,0.0,ALLOW,1
2023-12-04 08:12:53,1469.81,jewelry,online,0,0.0,ALLOW,1
2023-12-04 08:42:41,194.56,jewelry,online,0,1e-04,ALLOW,1
2023-12-04 08:49:44,37.85,online_gaming,in_store,0,0.0007,ALLOW,1
2023-12-04 09:06:42,8552.05,grocery,in_store,0,0.0112,ALLOW,1
2023-12-04 09:10:09,1753.95,electronics,online,0,0.0002,ALLOW,1
2023-12-04 09:26:56,2052.78,fuel,atm,0,1e-04,ALLOW,1
2023-12-04 09:37:10,982.86,fuel,online,0,1e-04,ALLOW,1
2023-12-04 09:38:35,1038.27,pharmacy,online,0,0.0,ALLOW,1
2023-12-04 09:46:50,485.3,travel,in_store,0,0.0003,ALLOW,1
2023-12-04 09:46:58,5052.9,entertainment,online,0,0.0003,ALLOW,1
2023-12-04 09:50:55,2576.08,jewelry,atm,0,1e-04,ALLOW,1
2023-12-04 09:52:15,742.38,restaurant,mobile_app,0,0.0012,ALLOW,1
2023-12-04 09:54:04,530.46,clothing,atm,0,0.0264,ALLOW,1
2023-12-04 09:54:32,2712.65,pharmacy,online,0,0.0,ALLOW,1
2023-12-04 10:00:40,3032.33,entertainment,online,0,1e-04,ALLOW,1
2023-12-04 10:11:19,326.71,online_gaming,online,0,0.0,ALLOW,1
2023-12-04 10:23:13,4033.72,jewelry,atm,0,1e-04,ALLOW,1
2023-12-04 10:47:47,2204.85,electronics,in_store,0,0.0002,ALLOW,1
2023-12-04 10:47:50,1719.09,fuel,in_store,0,1e-04,ALLOW,1
2023-12-04 10:48:16,1524.68,pharmacy,atm,0,0.0002,ALLOW,1
2023-12-04 10:48:31,21.3,fuel,online,0,0.0002,ALLOW,1
2023-12-04 10:55:02,3002.04,travel,atm,0,0.0,ALLOW,1
2023-12-04 11:01:34,4203.79,fuel,in_store,0,0.0007,ALLOW,1
2023-12-04 11:04:03,705.26,clothing,atm,0,1e-04,ALLOW,1
2023-12-04 11:36:27,3387.53,restaurant,mobile_app,0,0.0039,ALLOW,1
2023-12-04 11:40:02,108.13,jewelry,atm,0,1e-04,ALLOW,1
2023-12-04 12:36:22,5605.37,electronics,atm,1,1.0,REVIEW,1
2023-12-04 12:48:38,1855.05,online_gaming,online,0,1e-04,ALLOW,1
2023-12-04 12:59:01,1553.02,fuel,online,0,1e-04,ALLOW,1
2023-12-04 12:59:04,559.04,jewelry,in_store,0,0.0006,ALLOW,1
2023-12-04 13:13:15,4259.94,clothing,mobile_app,0,0.0002,ALLOW,1
2023-12-04 13:13:29,2343.46,clothing,online,0,0.0002,ALLOW,1
2023-12-04 13:38:10,4733.57,grocery,online,0,0.0004,ALLOW,1
2023-12-04 13:39:22,1262.78,grocery,mobile_app,0,1e-04,ALLOW,1
2023-12-04 13:43:15,2565.33,grocery,atm,0,0.0002,ALLOW,1
2023-12-04 13:47:47,3784.01,online_gaming,online,0,0.0,ALLOW,1
2023-12-04 13:52:58,1161.98,fuel,mobile_app,0,1e-04,ALLOW,1
2023-12-04 13:59:16,2002.08,travel,atm,0,1e-04,ALLOW,1
2023-12-04 14:12:40,4601.72,electronics,in_store,0,1e-04,ALLOW,1
2023-12-04 14:17:19,3532.11,entertainment,mobile_app,0,0.0,ALLOW,1
2023-12-04 14:34:15,180.22,clothing,in_store,0,0.0018,ALLOW,1
2023-12-04 14:34:20,3046.15,clothing,in_store,0,0.0,ALLOW,1
2023-12-04 14:37:23,1820.29,clothing,mobile_app,0,0.0037,ALLOW,1
2023-12-04 14:45:42,1877.25,jewelry,online,0,1e-04,ALLOW,1
2023-12-04 14:54:29,233.92,pharmacy,online,0,1e-04,ALLOW,1
2023-12-04 15:15:59,1080.36,clothing,in_store,0,0.0003,ALLOW,1
2023-12-04 15:39:47,4974.75,travel,online,0,0.0003,ALLOW,1
2023-12-04 15:43:25,298.81,grocery,atm,0,0.0003,ALLOW,1
2023-12-04 15:50:44,10.0,grocery,online,0,1e-04,ALLOW,1
2023-12-04 17:07:33,2826.47,grocery,online,0,1e-04,ALLOW,1
2023-12-04 17:24:22,179.25,electronics,atm,0,1e-04,ALLOW,1
2023-12-04 17:59:07,747.52,entertainment,in_store,0,0.0,ALLOW,1
2023-12-04 18:01:20,81.59,online_gaming,mobile_app,0,0.001,ALLOW,1
2023-12-04 18:02:28,1654.86,jewelry,online,0,0.0003,ALLOW,1
2023-12-04 18:13:00,883.67,grocery,mobile_app,0,0.0003,ALLOW,1
2023-12-04 18:29:40,774.45,clothing,in_store,0,0.0004,ALLOW,1
2023-12-04 18:46:43,705.57,travel,atm,0,0.0003,ALLOW,1
2023-12-04 18:53:33,5416.8,pharmacy,mobile_app,0,0.0004,ALLOW,1
2023-12-04 18:56:45,1247.06,grocery,online,0,0.0003,ALLOW,1
2023-12-04 19:17:21,550.37,fuel,online,0,0.0003,ALLOW,1
2023-12-04 19:22:52,1424.47,entertainment,atm,0,0.0002,ALLOW,1
2023-12-04 19:24:15,2205.28,clothing,online,0,0.0003,ALLOW,1
2023-12-04 19:39:32,558.21,entertainment,mobile_app,0,0.0,ALLOW,1
2023-12-04 19:45:06,1274.48,travel,atm,0,0.0,ALLOW,1
2023-12-04 19:57:00,81.7,entertainment,online,0,0.0002,ALLOW,1
2023-12-04 19:58:33,241.82,restaurant,atm,0,0.0003,ALLOW,1
2023-12-04 20:02:22,2352.71,electronics,online,0,1e-04,ALLOW,1
2023-12-04 20:07:24,2123.29,travel,in_store,0,1e-04,ALLOW,1
2023-12-04 20:15:40,1015.54,pharmacy,atm,0,0.0,ALLOW,1
2023-12-04 20:21:16,2515.08,pharmacy,online,0,0.0002,ALLOW,1
2023-12-04 20:27:38,366.25,electronics,mobile_app,0,0.0,ALLOW,1
2023-12-04 20:51:53,944.59,entertainment,mobile_app,0,1e-04,ALLOW,1
2023-12-04 20:55:43,191.85,entertainment,atm,0,0.0005,ALLOW,1
2023-12-04 20:56:26,392.63,fuel,in_store,0,0.0,ALLOW,1
2023-12-04 21:10:46,1039.27,online_gaming,atm,0,1e-04,ALLOW,1
2023-12-04 21:20:51,6423.56,jewelry,online,0,0.0034,ALLOW,1
2023-12-04 21:30:48,691.61,grocery,online,0,0.0007,ALLOW,1
2023-12-04 21:32:02,204.55,jewelry,mobile_app,0,0.0003,ALLOW,1
2023-12-04 22:05:45,2733.89,restaurant,in_store,0,0.0015,ALLOW,1
2023-12-04 22:19:46,28.0,jewelry,mobile_app,0,0.0002,ALLOW,1
2023-12-04 22:25:38,59.55,restaurant,in_store,0,0.0003,ALLOW,1
2023-12-04 22:36:27,629.72,electronics,in_store,0,0.0002,ALLOW,1
2023-12-04 22:47:07,2752.01,clothing,online,0,0.0006,ALLOW,1
2023-12-04 22:52:34,272.74,clothing,atm,0,0.0009,ALLOW,1
2023-12-04 23:02:00,2765.59,fuel,mobile_app,0,0.0007,ALLOW,1
2023-12-04 23:20:21,225.12,fuel,in_store,0,0.0002,ALLOW,1
2023-12-04 23:48:48,482.25,travel,atm,0,0.0004,ALLOW,1
2023-12-04 23:53:36,523.69,grocery,atm,0,0.0006,ALLOW,1
2023-12-05 00:14:07,682.06,electronics,mobile_app,0,1e-04,ALLOW,1
2023-12-05 00:34:43,170.91,restaurant,mobile_app,0,1e-04,ALLOW,1
2023-12-05 00:36:16,130.89,online_gaming,in_store,0,0.0,ALLOW,1
2023-12-05 00:45:27,927.87,pharmacy,mobile_app,0,0.0048,ALLOW,1
2023-12-05 01:05:25,1126.36,entertainment,in_store,0,0.0002,ALLOW,1
2023-12-05 01:06:00,831.48,electronics,in_store,0,0.0009,ALLOW,1
2023-12-05 01:06:39,123.57,clothing,mobile_app,0,1e-04,ALLOW,1
2023-12-05 01:09:45,280.13,clothing,in_store,0,0.0,ALLOW,1
2023-12-05 01:21:01,394.41,electronics,mobile_app,0,0.0006,ALLOW,1
2023-12-05 01:36:59,612.35,fuel,in_store,0,1e-04,ALLOW,1
2023-12-05 01:48:40,1854.78,entertainment,mobile_app,0,0.0,ALLOW,1
2023-12-05 02:06:18,404.82,pharmacy,in_store,0,1e-04,ALLOW,1
2023-12-05 02:06:43,388.39,restaurant,in_store,0,0.0002,ALLOW,1
2023-12-05 02:12:05,110.14,online_gaming,online,0,0.0005,ALLOW,1
2023-12-05 02:13:25,57.86,restaurant,online,0,0.0006,ALLOW,1
2023-12-05 02:19:21,1776.78,entertainment,online,0,0.0002,ALLOW,1
2023-12-05 02:21:35,811.6,entertainment,online,0,0.0002,ALLOW,1
2023-12-05 02:30:00,421.21,electronics,atm,0,0.0,ALLOW,1
2023-12-05 02:38:44,2386.01,jewelry,online,0,0.0,ALLOW,1
2023-12-05 02:48:41,3564.04,pharmacy,mobile_app,0,0.0,ALLOW,1
2023-12-05 02:49:09,1265.38,electronics,in_store,0,0.0024,ALLOW,1
2023-12-05 02:49:54,1550.17,entertainment,online,0,0.0,ALLOW,1
2023-12-05 02:59:59,4249.6,online_gaming,online,0,0.0019,ALLOW,1
2023-12-05 03:07:07,2163.27,jewelry,online,0,0.0,ALLOW,1
2023-12-05 03:23:01,356.26,entertainment,online,0,1e-04,ALLOW,1
2023-12-05 03:43:14,1955.84,grocery,mobile_app,0,1e-04,ALLOW,1
2023-12-05 03:47:40,1252.71,entertainment,online,0,0.0004,ALLOW,1
2023-12-05 04:03:58,1207.48,pharmacy,in_store,0,1e-04,ALLOW,1
2023-12-05 04:10:42,765.67,restaurant,in_store,0,0.0002,ALLOW,1
2023-12-05 04:17:42,313.92,jewelry,atm,0,1e-04,ALLOW,1
2023-12-05 04:27:00,143.33,entertainment,atm,0,1e-04,ALLOW,1
2023-12-05 04:42:11,1985.96,fuel,atm,0,1e-04,ALLOW,1
2023-12-05 04:46:15,481.6,travel,mobile_app,0,0.0002,ALLOW,1
2023-12-05 04:46:43,10.39,pharmacy,online,0,1e-04,ALLOW,1
2023-12-05 04:47:51,682.33,entertainment,atm,0,0.0,ALLOW,1
2023-12-05 04:49:13,1147.18,jewelry,in_store,0,0.0078,ALLOW,1
2023-12-05 05:25:24,6971.18,clothing,atm,1,0.9921,REVIEW,1
2023-12-05 05:40:08,10.0,pharmacy,mobile_app,0,1e-04,ALLOW,1
2023-12-05 06:03:06,1203.67,pharmacy,online,0,1e-04,ALLOW,1
2023-12-05 06:33:41,635.89,clothing,mobile_app,0,1e-04,ALLOW,1
2023-12-05 06:44:34,1411.46,clothing,mobile_app,0,0.0006,ALLOW,1
2023-12-05 07:04:53,4413.36,online_gaming,atm,1,1.0,REVIEW,1
2023-12-05 07:13:20,1263.04,entertainment,mobile_app,0,1e-04,ALLOW,1
2023-12-05 07:19:47,1748.56,restaurant,atm,0,0.0003,ALLOW,1
2023-12-05 07:49:27,1101.66,jewelry,mobile_app,0,0.0,ALLOW,1
2023-12-05 07:51:08,198.21,travel,online,0,0.0003,ALLOW,1
2023-12-05 07:51:56,465.64,electronics,in_store,0,1e-04,ALLOW,1
2023-12-05 08:13:21,1229.79,online_gaming,mobile_app,0,1e-04,ALLOW,1
2023-12-05 08:16:06,752.71,online_gaming,atm,0,0.0003,ALLOW,1
2023-12-05 08:52:48,898.3,online_gaming,online,0,0.0007,ALLOW,1
2023-12-05 08:56:38,287.53,online_gaming,in_store,0,1e-04,ALLOW,1
2023-12-05 08:59:10,1606.2,restaurant,online,1,0.2449,REVIEW,1
2023-12-05 09:21:43,634.2,jewelry,atm,0,0.0,ALLOW,1
2023-12-05 09:29:17,201.14,grocery,mobile_app,0,0.0003,ALLOW,1
2023-12-05 09:33:31,3919.76,online_gaming,atm,0,0.0004,ALLOW,1
2023-12-05 09:42:10,29.99,online_gaming,in_store,0,0.0003,ALLOW,1
2023-12-05 10:31:11,1340.55,travel,mobile_app,0,0.0004,ALLOW,1
2023-12-05 10:36:05,724.3,entertainment,mobile_app,0,1e-04,ALLOW,1
2023-12-05 10:57:43,3291.09,fuel,online,0,1e-04,ALLOW,1
2023-12-05 10:57:55,27.83,entertainment,atm,0,0.0,ALLOW,1
2023-12-05 11:20:26,703.5,pharmacy,mobile_app,0,0.0056,ALLOW,1
2023-12-05 11:20:51,1094.81,grocery,mobile_app,0,1e-04,ALLOW,1
2023-12-05 11:32:49,494.99,jewelry,mobile_app,0,1e-04,ALLOW,1
2023-12-05 11:45:08,1081.08,entertainment,in_store,0,0.0,ALLOW,1
2023-12-05 11:59:35,1804.87,online_gaming,online,0,0.0,ALLOW,1
2023-12-05 12:10:03,266.77,clothing,atm,0,0.0006,ALLOW,1
2023-12-05 12:16:31,316.06,fuel,mobile_app,0,1e-04,ALLOW,1
2023-12-05 12:19:51,998.77,travel,in_store,0,0.0002,ALLOW,1
2023-12-05 12:24:09,1299.76,travel,in_store,0,0.001,ALLOW,1
2023-12-05 12:41:52,3268.02,entertainment,online,0,1e-04,ALLOW,1
2023-12-05 12:42:54,4297.57,online_gaming,in_store,0,0.0003,ALLOW,1
2023-12-05 12:46:25,232.99,pharmacy,mobile_app,0,1e-04,ALLOW,1
2023-12-05 12:52:59,52.41,jewelry,atm,0,1e-04,ALLOW,1
2023-12-05 12:53:36,712.67,clothing,atm,0,0.0078,ALLOW,1
2023-12-05 12:54:24,530.58,jewelry,online,0,0.0006,ALLOW,1
2023-12-05 13:04:43,449.99,restaurant,online,0,0.0061,ALLOW,1
2023-12-05 13:14:27,2215.21,jewelry,online,0,1e-04,ALLOW,1
2023-12-05 13:27:10,1972.83,entertainment,mobile_app,0,1e-04,ALLOW,1
2023-12-05 13:44:08,3682.01,clothing,in_store,0,0.0002,ALLOW,1
2023-12-05 13:51:29,126.14,fuel,in_store,0,0.0002,ALLOW,1
2023-12-05 14:00:32,3115.85,pharmacy,in_store,0,0.0005,ALLOW,1
2023-12-05 14:02:45,425.74,online_gaming,in_store,0,0.0008,ALLOW,1
2023-12-05 14:10:12,2691.5,jewelry,in_store,0,0.0007,ALLOW,1
2023-12-05 14:54:10,774.42,pharmacy,atm,0,0.0002,ALLOW,1
2023-12-05 15:03:36,676.52,restaurant,atm,0,0.0028,ALLOW,1
2023-12-05 15:18:33,327.42,grocery,atm,0,0.0004,ALLOW,1
2023-12-05 15:20:34,1333.27,fuel,mobile_app,0,0.0,ALLOW,1
2023-12-05 15:35:38,466.89,entertainment,online,0,0.0004,ALLOW,1
2023-12-05 15:39:04,3988.57,entertainment,atm,0,1e-04,ALLOW,1
2023-12-05 15:46:25,876.52,electronics,mobile_app,0,0.0,ALLOW,1
2023-12-05 16:32:09,10.0,travel,atm,0,0.0002,ALLOW,1
2023-12-05 16:33:52,893.65,restaurant,in_store,0,1e-04,ALLOW,1
2023-12-05 16:33:57,1077.34,restaurant,in_store,0,0.0014,ALLOW,1
2023-12-05 17:15:52,3647.94,grocery,online,0,0.0,ALLOW,1
2023-12-05 17:16:43,1944.54,online_gaming,atm,0,1e-04,ALLOW,1
2023-12-05 17:20:10,446.49,restaurant,in_store,0,1e-04,ALLOW,1
2023-12-05 17:38:42,660.33,jewelry,mobile_app,0,0.0,ALLOW,1
2023-12-05 17:44:43,556.93,online_gaming,mobile_app,0,0.0002,ALLOW,1
2023-12-05 17:51:39,326.56,jewelry,in_store,0,1e-04,ALLOW,1
2023-12-05 17:53:50,998.8,travel,atm,0,1e-04,ALLOW,1
2023-12-05 18:23:22,148.18,clothing,atm,0,1e-04,ALLOW,1
2023-12-05 18:23:59,4874.65,pharmacy,in_store,0,0.0007,ALLOW,1
2023-12-05 18:34:03,809.91,restaurant,mobile_app,0,0.0,ALLOW,1
2023-12-05 18:34:28,399.12,pharmacy,in_store,0,0.017,ALLOW,1
2023-12-05 18:42:17,457.72,jewelry,online,0,1e-04,ALLOW,1
2023-12-05 18:42:44,76.54,restaurant,atm,0,0.0002,ALLOW,1
2023-12-05 18:43:48,62.73,jewelry,atm,0,1e-04,ALLOW,1
2023-12-05 18:48:10,202.79,fuel,online,0,0.001,ALLOW,1
2023-12-05 18:55:57,244.3,online_gaming,online,0,0.0002,ALLOW,1
2023-12-05 19:05:20,1120.18,entertainment,atm,0,0.0,ALLOW,1
2023-12-05 19:20:42,1297.51,entertainment,atm,0,0.0007,ALLOW,1
2023-12-05 19:37:37,311.34,travel,atm,0,1e-04,ALLOW,1
2023-12-05 19:47:28,2144.23,jewelry,mobile_app,0,0.0,ALLOW,1
2023-12-05 19:53:48,1348.47,electronics,in_store,0,0.0002,ALLOW,1
2023-12-05 19:58:45,8742.84,entertainment,atm,0,1e-04,ALLOW,1
2023-12-05 20:04:49,305.06,electronics,atm,0,0.0016,ALLOW,1
2023-12-05 20:15:22,112.43,jewelry,online,0,0.0005,ALLOW,1
2023-12-05 20:23:38,2131.62,electronics,atm,0,0.0,ALLOW,1
2023-12-05 20:39:23,185.12,travel,in_store,0,0.0,ALLOW,1
2023-12-05 20:46:28,2919.65,travel,atm,0,0.0006,ALLOW,1
2023-12-05 20:56:12,556.45,pharmacy,atm,0,0.0,ALLOW,1
2023-12-05 21:06:40,203.71,travel,atm,0,0.0018,ALLOW,1
2023-12-05 21:35:25,857.24,fuel,atm,0,0.0011,ALLOW,1
2023-12-05 21:42:47,7849.19,jewelry,in_store,0,0.0008,ALLOW,1
2023-12-05 21:47:07,1188.41,clothing,online,0,0.0,ALLOW,1
2023-12-05 21:53:41,7470.85,fuel,online,0,1e-04,ALLOW,1
2023-12-05 22:06:28,1837.15,travel,online,0,0.0,ALLOW,1
2023-12-05 22:08:24,5382.15,electronics,mobile_app,0,0.0002,ALLOW,1
2023-12-05 22:22:05,2310.99,restaurant,atm,0,1e-04,ALLOW,1
2023-12-05 22:24:20,1895.69,travel,online,0,0.0006,ALLOW,1
2023-12-05 22:52:30,1268.1,entertainment,online,0,0.0004,ALLOW,1
2023-12-05 22:56:51,4099.34,entertainment,atm,0,0.0,ALLOW,1
2023-12-05 23:04:06,1385.95,pharmacy,mobile_app,0,0.0,ALLOW,1
2023-12-05 23:07:52,327.29,fuel,online,0,0.0003,ALLOW,1
2023-12-05 23:20:37,595.7,online_gaming,online,0,1e-04,ALLOW,1
2023-12-05 23:23:05,510.36,electronics,in_store,0,0.0002,ALLOW,1
2023-12-05 23:29:06,3625.21,grocery,in_store,0,0.0,ALLOW,1
2023-12-05 23:31:11,1180.56,grocery,atm,0,0.0011,ALLOW,1
2023-12-05 23:37:56,2586.0,restaurant,in_store,0,0.0002,ALLOW,1
2023-12-05 23:44:32,10.0,restaurant,in_store,0,0.0004,ALLOW,1
2023-12-05 23:46:14,6629.44,restaurant,mobile_app,1,0.9999,REVIEW,1
2023-12-05 23:52:08,307.67,jewelry,mobile_app,0,0.0002,ALLOW,1
2023-12-06 00:14:22,924.47,grocery,online,0,1e-04,ALLOW,1
2023-12-06 00:18:38,826.49,online_gaming,mobile_app,0,1e-04,ALLOW,1
2023-12-06 00:32:52,905.55,jewelry,mobile_app,0,0.0003,ALLOW,1
2023-12-06 00:36:06,1077.97,entertainment,mobile_app,0,0.0014,ALLOW,1
2023-12-06 00:44:50,2611.75,online_gaming,in_store,0,0.0006,ALLOW,1
2023-12-06 00:48:46,149.18,entertainment,mobile_app,0,0.0002,ALLOW,1
2023-12-06 00:56:17,138.86,electronics,online,0,0.0026,ALLOW,1
2023-12-06 01:32:32,2654.63,entertainment,online,0,0.0002,ALLOW,1
2023-12-06 01:33:36,5321.58,pharmacy,mobile_app,0,0.0009,ALLOW,1
2023-12-06 02:04:35,1063.29,grocery,online,0,1e-04,ALLOW,1
2023-12-06 02:27:27,2042.58,grocery,atm,0,1e-04,ALLOW,1
2023-12-06 02:29:39,353.63,grocery,in_store,0,0.0043,ALLOW,1
2023-12-06 02:44:14,279.13,clothing,online,0,0.0,ALLOW,1
2023-12-06 02:58:41,846.87,entertainment,atm,0,0.0,ALLOW,1
2023-12-06 02:58:54,119.77,clothing,online,0,0.002,ALLOW,1
2023-12-06 03:09:59,6588.09,jewelry,atm,0,0.177,ALLOW,1
2023-12-06 03:31:32,2358.02,online_gaming,mobile_app,0,1e-04,ALLOW,1
2023-12-06 03:43:55,1009.53,pharmacy,mobile_app,0,1e-04,ALLOW,1
2023-12-06 03:45:34,385.18,clothing,in_store,0,0.0005,ALLOW,1
2023-12-06 03:48:02,196.15,pharmacy,online,0,1e-04,ALLOW,1
2023-12-06 03:56:00,601.6,jewelry,atm,0,1e-04,ALLOW,1
2023-12-06 04:12:55,200.61,online_gaming,atm,0,0.0004,ALLOW,1
2023-12-06 04:22:14,985.88,online_gaming,mobile_app,0,0.0,ALLOW,1
2023-12-06 04:30:40,2198.84,online_gaming,mobile_app,0,1e-04,ALLOW,1
2023-12-06 04:33:21,79.92,grocery,in_store,0,0.0022,ALLOW,1
2023-12-06 04:37:04,916.21,restaurant,in_store,0,0.0102,ALLOW,1
2023-12-06 04:45:27,4177.83,travel,atm,0,0.0022,ALLOW,1
2023-12-06 04:47:43,765.51,travel,atm,0,1e-04,ALLOW,1
2023-12-06 04:51:49,795.84,online_gaming,mobile_app,1,1.0,REVIEW,1
2023-12-06 04:52:31,1231.74,jewelry,mobile_app,0,1e-04,ALLOW,1
2023-12-06 05:05:01,1715.28,grocery,in_store,0,0.0002,ALLOW,1
2023-12-06 05:47:57,1852.99,online_gaming,online,0,1e-04,ALLOW,1
2023-12-06 05:48:30,1834.03,jewelry,mobile_app,0,1e-04,ALLOW,1
2023-12-06 06:00:03,263.91,jewelry,mobile_app,0,0.0002,ALLOW,1
2023-12-06 06:08:13,431.53,grocery,in_store,0,0.0,ALLOW,1
2023-12-06 06:15:29,2363.47,jewelry,in_store,0,0.0003,ALLOW,1
2023-12-06 06:18:19,3253.11,jewelry,atm,0,0.0003,ALLOW,1
2023-12-06 06:30:28,10115.04,fuel,in_store,0,0.0049,ALLOW,1
2023-12-06 06:34:35,363.29,fuel,mobile_app,0,0.0042,ALLOW,1
2023-12-06 06:41:58,1956.07,jewelry,mobile_app,0,1e-04,ALLOW,1
2023-12-06 06:44:12,206.18,travel,mobile_app,0,0.0003,ALLOW,1
2023-12-06 06:44:45,709.72,grocery,online,0,0.0,ALLOW,1
2023-12-06 07:26:01,270.22,jewelry,online,0,0.0002,ALLOW,1
2023-12-06 07:31:24,3356.31,travel,in_store,0,0.0008,ALLOW,1
2023-12-06 07:36:01,803.93,online_gaming,atm,0,1e-04,ALLOW,1
2023-12-06 07:39:52,122.03,entertainment,online,0,0.0002,ALLOW,1
2023-12-06 07:52:12,798.73,entertainment,atm,0,0.0002,ALLOW,1
2023-12-06 07:54:18,911.32,jewelry,mobile_app,0,1e-04,ALLOW,1
2023-12-06 07:59:51,1701.71,online_gaming,online,0,0.0,ALLOW,1
2023-12-06 08:05:11,377.09,electronics,online,0,0.0003,ALLOW,1
2023-12-06 08:11:37,2254.28,pharmacy,in_store,0,1e-04,ALLOW,1
2023-12-06 08:14:41,2790.68,electronics,atm,0,0.0002,ALLOW,1
2023-12-06 08:15:57,3154.11,electronics,online,0,0.0002,ALLOW,1
2023-12-06 08:25:26,920.77,jewelry,atm,0,0.0005,ALLOW,1
2023-12-06 08:56:36,52.08,restaurant,online,0,0.0002,ALLOW,1
2023-12-06 09:15:25,439.94,jewelry,mobile_app,0,0.0002,ALLOW,1
2023-12-06 09:48:41,2405.59,clothing,mobile_app,0,1e-04,ALLOW,1
2023-12-06 10:12:24,3546.15,jewelry,in_store,0,1e-04,ALLOW,1
2023-12-06 10:13:56,222.3,entertainment,atm,0,1e-04,ALLOW,1
2023-12-06 10:19:27,132.61,jewelry,online,0,0.0002,ALLOW,1
2023-12-06 10:35:09,500.46,fuel,mobile_app,0,1e-04,ALLOW,1
2023-12-06 10:35:46,1603.96,online_gaming,in_store,0,0.0,ALLOW,1
2023-12-06 10:44:41,2565.09,jewelry,online,0,0.0002,ALLOW,1
2023-12-06 10:59:16,1558.58,online_gaming,in_store,0,0.0,ALLOW,1
2023-12-06 11:12:03,694.62,travel,atm,0,0.0023,ALLOW,1
2023-12-06 11:15:21,6036.46,entertainment,mobile_app,0,0.0004,ALLOW,1
2023-12-06 11:32:47,832.97,jewelry,atm,0,0.0,ALLOW,1
2023-12-06 11:53:03,1095.01,online_gaming,online,0,0.0004,ALLOW,1
2023-12-06 12:03:31,10.0,grocery,mobile_app,0,0.0002,ALLOW,1
2023-12-06 12:06:35,871.99,electronics,atm,0,0.0,ALLOW,1
2023-12-06 12:10:12,1473.62,electronics,online,0,1e-04,ALLOW,1
2023-12-06 12:16:31,1170.58,grocery,mobile_app,0,1e-04,ALLOW,1
2023-12-06 12:25:03,388.42,online_gaming,mobile_app,0,1e-04,ALLOW,1
2023-12-06 12:38:30,291.19,travel,mobile_app,0,1e-04,ALLOW,1
2023-12-06 12:47:34,145.96,pharmacy,atm,0,0.0002,ALLOW,1
2023-12-06 12:56:43,1556.89,grocery,atm,0,1e-04,ALLOW,1
2023-12-06 13:14:52,516.47,fuel,atm,0,0.0003,ALLOW,1
2023-12-06 13:16:58,431.32,fuel,mobile_app,0,0.0004,ALLOW,1
2023-12-06 13:17:57,2715.55,entertainment,online,0,0.0,ALLOW,1
2023-12-06 13:21:37,938.48,fuel,in_store,0,0.0007,ALLOW,1
2023-12-06 13:23:41,664.54,online_gaming,atm,0,1e-04,ALLOW,1
2023-12-06 13:43:37,1176.89,entertainment,in_store,0,1e-04,ALLOW,1
2023-12-06 13:56:28,3219.73,restaurant,online,0,0.0,ALLOW,1
2023-12-06 13:59:57,2902.19,jewelry,mobile_app,0,1e-04,ALLOW,1
2023-12-06 14:07:48,907.59,restaurant,in_store,0,0.0002,ALLOW,1
2023-12-06 14:11:04,408.96,jewelry,atm,0,0.001,ALLOW,1
2023-12-06 14:27:00,10.0,online_gaming,mobile_app,0,1e-04,ALLOW,1
2023-12-06 14:31:03,402.94,online_gaming,online,0,0.0,ALLOW,1
2023-12-06 14:43:42,1685.58,electronics,online,0,0.0,ALLOW,1
2023-12-06 14:53:27,2269.65,travel,in_store,0,1e-04,ALLOW,1
2023-12-06 15:05:29,6191.18,clothing,mobile_app,1,1.0,REVIEW,1
2023-12-06 15:07:37,1867.09,grocery,mobile_app,0,0.0047,ALLOW,1
2023-12-06 15:10:55,1982.59,online_gaming,mobile_app,0,1e-04,ALLOW,1
2023-12-06 15:16:28,4245.71,jewelry,mobile_app,0,1e-04,ALLOW,1
2023-12-06 15:23:00,247.51,fuel,online,0,0.0002,ALLOW,1
2023-12-06 16:09:30,1835.21,travel,online,0,0.0,ALLOW,1
2023-12-06 16:10:58,40.17,online_gaming,atm,0,0.0002,ALLOW,1
2023-12-06 16:16:18,98.75,travel,online,0,0.0003,ALLOW,1
2023-12-06 16:17:56,129.1,online_gaming,mobile_app,0,0.0021,ALLOW,1
2023-12-06 16:22:26,4829.23,fuel,in_store,0,1e-04,ALLOW,1
2023-12-06 16:59:43,1056.05,pharmacy,in_store,0,1e-04,ALLOW,1
2023-12-06 17:04:07,8528.67,pharmacy,in_store,0,0.0,ALLOW,1
2023-12-06 17:09:43,3353.36,grocery,online,0,0.0004,ALLOW,1
2023-12-06 17:15:06,1009.06,clothing,mobile_app,0,1e-04,ALLOW,1
2023-12-06 17:29:47,672.98,fuel,in_store,0,1e-04,ALLOW,1
2023-12-06 17:34:28,642.17,jewelry,in_store,0,0.0,ALLOW,1
2023-12-06 17:36:17,1599.64,electronics,in_store,0,0.0004,ALLOW,1
2023-12-06 17:40:15,1330.89,jewelry,atm,0,0.0,ALLOW,1
2023-12-06 17:46:34,261.08,grocery,online,0,1e-04,ALLOW,1
2023-12-06 17:47:26,1014.98,restaurant,online,0,0.0003,ALLOW,1
2023-12-06 18:03:45,3059.87,grocery,in_store,0,0.0,ALLOW,1
2023-12-06 18:31:44,3572.02,online_gaming,atm,0,0.0005,ALLOW,1
2023-12-06 18:52:04,399.38,electronics,mobile_app,0,1e-04,ALLOW,1
2023-12-06 19:09:08,82.91,grocery,online,0,0.0021,ALLOW,1
2023-12-06 19:13:52,34.86,entertainment,mobile_app,0,0.0,ALLOW,1
2023-12-06 19:18:50,1593.31,travel,mobile_app,0,1e-04,ALLOW,1
2023-12-06 19:31:42,5297.82,entertainment,atm,0,0.0016,ALLOW,1
2023-12-06 19:31:53,132.5,fuel,mobile_app,0,0.0002,ALLOW,1
2023-12-06 19:40:30,2308.7,electronics,online,0,1e-04,ALLOW,1
2023-12-06 19:42:56,2595.07,pharmacy,mobile_app,0,0.0005,ALLOW,1
2023-12-06 19:50:22,527.33,jewelry,in_store,0,1e-04,ALLOW,1
2023-12-06 19:51:51,1793.94,travel,mobile_app,0,0.0,ALLOW,1
2023-12-06 20:08:57,2101.13,grocery,in_store,0,1e-04,ALLOW,1
2023-12-06 20:30:17,1514.05,clothing,mobile_app,0,1e-04,ALLOW,1
2023-12-06 20:30:43,430.11,jewelry,mobile_app,0,0.0002,ALLOW,1
2023-12-06 20:32:28,120.47,restaurant,online,0,1e-04,ALLOW,1
2023-12-06 20:41:30,712.49,online_gaming,in_store,0,0.0,ALLOW,1
2023-12-06 20:53:57,2323.95,clothing,atm,0,0.0004,ALLOW,1
2023-12-06 21:05:25,1084.33,online_gaming,atm,0,0.0008,ALLOW,1
2023-12-06 21:15:17,97.1,fuel,in_store,0,1e-04,ALLOW,1
2023-12-06 21:18:00,817.5,online_gaming,online,0,1e-04,ALLOW,1
2023-12-06 21:46:46,4623.63,pharmacy,in_store,0,0.0002,ALLOW,1
2023-12-06 21:58:38,280.8,jewelry,mobile_app,0,1e-04,ALLOW,1
2023-12-06 22:03:24,568.06,online_gaming,in_store,0,1e-04,ALLOW,1
2023-12-06 22:37:12,370.53,fuel,online,0,0.0,ALLOW,1
2023-12-06 22:42:42,84.94,clothing,online,0,0.0003,ALLOW,1
2023-12-06 22:51:34,98.19,fuel,atm,0,1e-04,ALLOW,1
2023-12-06 22:59:35,575.24,restaurant,in_store,0,0.0005,ALLOW,1
2023-12-06 23:03:39,742.02,clothing,atm,0,0.0003,ALLOW,1
2023-12-06 23:10:30,4462.69,fuel,mobile_app,0,0.0005,ALLOW,1
2023-12-06 23:15:49,804.4,electronics,in_store,0,0.0002,ALLOW,1
2023-12-06 23:25:34,208.04,grocery,in_store,0,0.0,ALLOW,1
2023-12-06 23:26:38,107.05,travel,online,0,1e-04,ALLOW,1
2023-12-06 23:30:04,1338.15,grocery,atm,0,0.0003,ALLOW,1
2023-12-06 23:51:01,230.46,travel,mobile_app,0,0.0002,ALLOW,1
2023-12-06 23:59:12,1615.93,clothing,in_store,0,0.0,ALLOW,1
2023-12-06 23:59:37,706.81,jewelry,online,0,1e-04,ALLOW,1
2023-12-07 00:08:39,1026.05,electronics,mobile_app,0,0.0002,ALLOW,1
2023-12-07 00:28:47,4826.17,clothing,online,0,0.0,ALLOW,1
2023-12-07 00:30:24,804.69,travel,atm,0,0.0,ALLOW,1
2023-12-07 00:35:04,578.03,travel,online,0,0.0003,ALLOW,1
2023-12-07 00:35:36,3284.09,clothing,online,0,0.0002,ALLOW,1
2023-12-07 00:59:29,3563.95,jewelry,online,0,0.0,ALLOW,1
2023-12-07 01:11:44,117.86,entertainment,mobile_app,0,0.0006,ALLOW,1
2023-12-07 01:13:37,568.05,grocery,mobile_app,0,1e-04,ALLOW,1
2023-12-07 01:16:07,2142.22,clothing,mobile_app,0,0.001,ALLOW,1
2023-12-07 01:16:34,1098.37,pharmacy,mobile_app,0,0.0002,ALLOW,1
2023-12-07 01:20:01,3878.06,jewelry,atm,1,0.9999,REVIEW,1
2023-12-07 01:39:37,973.24,online_gaming,in_store,0,0.0,ALLOW,1
2023-12-07 02:11:48,1535.62,entertainment,atm,0,0.0,ALLOW,1
2023-12-07 02:17:16,4373.27,electronics,mobile_app,0,1e-04,ALLOW,1
2023-12-07 02:17:36,851.89,grocery,atm,0,1e-04,ALLOW,1
2023-12-07 02:34:51,1542.37,online_gaming,online,1,0.9999,REVIEW,1
2023-12-07 02:42:38,403.53,grocery,online,0,0.0015,ALLOW,1
2023-12-07 02:58:59,521.41,pharmacy,mobile_app,0,0.0002,ALLOW,1
2023-12-07 02:59:43,3558.22,travel,in_store,0,0.0005,ALLOW,1
2023-12-07 03:25:54,130.85,grocery,atm,0,1e-04,ALLOW,1
2023-12-07 03:37:50,1769.63,electronics,online,0,1e-04,ALLOW,1
2023-12-07 03:54:28,1602.52,pharmacy,mobile_app,0,1e-04,ALLOW,1
2023-12-07 03:59:51,2287.39,restaurant,in_store,0,0.0002,ALLOW,1
2023-12-07 04:15:07,536.04,electronics,atm,0,1e-04,ALLOW,1
2023-12-07 04:31:22,777.21,grocery,online,0,1e-04,ALLOW,1
2023-12-07 05:12:53,1430.21,jewelry,mobile_app,0,0.001,ALLOW,1
2023-12-07 05:19:15,10.0,electronics,mobile_app,0,0.0002,ALLOW,1
2023-12-07 05:20:24,69.06,fuel,online,0,0.0002,ALLOW,1
2023-12-07 05:20:48,1660.15,grocery,online,0,0.0006,ALLOW,1
2023-12-07 05:28:32,3276.19,jewelry,in_store,0,0.0002,ALLOW,1
2023-12-07 05:37:11,1647.04,pharmacy,in_store,0,0.0004,ALLOW,1
2023-12-07 05:59:56,1944.7,jewelry,in_store,0,0.0004,ALLOW,1
2023-12-07 06:27:57,624.56,entertainment,mobile_app,0,0.0007,ALLOW,1
2023-12-07 06:33:16,642.65,travel,in_store,0,0.0,ALLOW,1
2023-12-07 06:45:35,520.84,online_gaming,mobile_app,0,0.0009,ALLOW,1
2023-12-07 06:54:36,224.71,travel,online,0,0.0003,ALLOW,1
2023-12-07 07:01:41,79.55,restaurant,atm,0,0.0025,ALLOW,1
2023-12-07 07:04:30,525.87,travel,online,0,0.0029,ALLOW,1
2023-12-07 07:56:27,3575.41,online_gaming,atm,0,0.0004,ALLOW,1
2023-12-07 08:24:30,281.81,pharmacy,atm,0,0.0003,ALLOW,1
2023-12-07 08:26:45,3455.23,online_gaming,mobile_app,0,0.0002,ALLOW,1
2023-12-07 08:39:56,2449.57,online_gaming,online,0,0.0,ALLOW,1
2023-12-07 08:56:49,588.85,online_gaming,in_store,0,0.0002,ALLOW,1
2023-12-07 09:00:39,1397.01,online_gaming,atm,0,1e-04,ALLOW,1
2023-12-07 09:02:31,2207.22,pharmacy,in_store,0,0.0,ALLOW,1
2023-12-07 09:21:01,1515.72,electronics,in_store,0,1e-04,ALLOW,1
2023-12-07 10:01:57,1051.9,entertainment,mobile_app,0,1e-04,ALLOW,1
2023-12-07 10:13:17,155.82,electronics,mobile_app,0,0.0003,ALLOW,1
2023-12-07 10:18:10,2824.13,entertainment,mobile_app,0,1e-04,ALLOW,1
2023-12-07 10:23:48,56.71,grocery,in_store,0,0.0005,ALLOW,1
2023-12-07 10:55:22,106.91,pharmacy,online,0,0.0003,ALLOW,1
2023-12-07 11:17:17,1735.05,grocery,in_store,0,0.1276,ALLOW,1
2023-12-07 11:35:13,2757.65,jewelry,in_store,0,1e-04,ALLOW,1
2023-12-07 11:36:27,161.32,travel,in_store,0,0.0,ALLOW,1
2023-12-07 11:49:11,936.5,clothing,atm,0,1e-04,ALLOW,1
2023-12-07 11:56:01,424.67,electronics,in_store,0,0.0005,ALLOW,1
2023-12-07 12:28:06,220.3,electronics,in_store,0,0.0,ALLOW,1
2023-12-07 12:31:06,1925.21,travel,online,0,1e-04,ALLOW,1
2023-12-07 12:31:33,1464.8,jewelry,online,0,0.0002,ALLOW,1
2023-12-07 12:50:35,340.96,pharmacy,mobile_app,0,1e-04,ALLOW,1
2023-12-07 12:55:21,2235.65,travel,atm,0,0.0066,ALLOW,1
2023-12-07 12:57:40,679.26,restaurant,in_store,0,1e-04,ALLOW,1
2023-12-07 13:03:47,5582.26,fuel,online,0,0.0011,ALLOW,1
2023-12-07 13:09:46,973.59,online_gaming,online,0,0.0,ALLOW,1
2023-12-07 13:17:56,577.1,travel,mobile_app,0,0.0002,ALLOW,1
2023-12-07 13:19:28,266.88,pharmacy,mobile_app,0,0.0022,ALLOW,1
2023-12-07 13:31:31,227.02,travel,online,0,1e-04,ALLOW,1
2023-12-07 13:31:35,1241.92,entertainment,online,0,0.0004,ALLOW,1
2023-12-07 13:31:58,1012.29,fuel,online,0,0.0042,ALLOW,1
2023-12-07 14:02:50,1476.02,clothing,in_store,0,1e-04,ALLOW,1
2023-12-07 14:11:48,1640.83,electronics,in_store,0,0.001,ALLOW,1
2023-12-07 14:16:25,3469.59,electronics,in_store,0,0.0005,ALLOW,1
2023-12-07 14:25:48,2263.15,clothing,online,0,0.0002,ALLOW,1
2023-12-07 14:34:25,2078.55,online_gaming,atm,0,0.0003,ALLOW,1
2023-12-07 14:34:37,650.93,online_gaming,atm,0,1e-04,ALLOW,1
2023-12-07 14:43:28,4605.47,fuel,in_store,0,0.0,ALLOW,1
2023-12-07 14:44:31,1745.97,fuel,in_store,0,0.0,ALLOW,1
2023-12-07 15:10:11,2443.03,fuel,atm,0,0.0003,ALLOW,1
2023-12-07 15:12:11,332.65,restaurant,online,0,0.0039,ALLOW,1
2023-12-07 15:20:31,772.73,fuel,mobile_app,0,1e-04,ALLOW,1
2023-12-07 15:35:01,2434.21,travel,atm,0,1e-04,ALLOW,1
2023-12-07 15:37:22,1293.17,online_gaming,mobile_app,0,1e-04,ALLOW,1
2023-12-07 15:59:58,306.13,jewelry,online,0,0.0009,ALLOW,1
2023-12-07 16:03:37,47.53,restaurant,in_store,0,1e-04,ALLOW,1
2023-12-07 16:04:26,421.51,entertainment,mobile_app,0,0.0024,ALLOW,1
2023-12-07 16:14:32,4558.67,restaurant,online,0,0.002,ALLOW,1
2023-12-07 16:16:08,1165.65,fuel,online,0,0.0003,ALLOW,1
2023-12-07 16:43:27,5261.26,electronics,mobile_app,0,0.0,ALLOW,1
2023-12-07 16:54:35,793.14,entertainment,mobile_app,0,0.0,ALLOW,1
2023-12-07 17:06:59,10.0,grocery,online,0,0.0003,ALLOW,1
2023-12-07 17:08:34,2869.87,jewelry,online,0,0.0004,ALLOW,1
2023-12-07 17:40:28,1421.88,jewelry,in_store,0,1e-04,ALLOW,1
2023-12-07 17:57:50,1407.18,grocery,online,0,1e-04,ALLOW,1
2023-12-07 18:18:23,3329.58,travel,online,0,0.0035,ALLOW,1
2023-12-07 18:25:21,1069.88,restaurant,mobile_app,0,0.0008,ALLOW,1
2023-12-07 18:43:02,2307.64,clothing,atm,0,0.0009,ALLOW,1
2023-12-07 18:54:17,385.44,travel,mobile_app,0,1e-04,ALLOW,1
2023-12-07 19:01:15,402.18,entertainment,online,0,0.0002,ALLOW,1
2023-12-07 19:02:36,1690.86,fuel,online,0,0.0,ALLOW,1
2023-12-07 19:04:13,1400.97,entertainment,mobile_app,0,0.0,ALLOW,1
2023-12-07 19:16:24,410.62,online_gaming,mobile_app,0,0.0019,ALLOW,1
2023-12-07 19:18:31,545.59,electronics,mobile_app,0,1e-04,ALLOW,1
2023-12-07 19:32:15,392.76,restaurant,in_store,0,0.0003,ALLOW,1
2023-12-07 19:32:38,1014.7,online_gaming,online,0,0.0007,ALLOW,1
2023-12-07 19:46:59,3723.36,travel,mobile_app,0,1e-04,ALLOW,1
2023-12-07 19:59:10,1164.05,pharmacy,online,0,0.0003,ALLOW,1
2023-12-07 20:06:41,984.08,entertainment,atm,0,0.0003,ALLOW,1
2023-12-07 20:13:25,2224.48,electronics,online,0,1e-04,ALLOW,1
2023-12-07 20:20:28,466.14,clothing,mobile_app,0,0.0016,ALLOW,1
2023-12-07 20:26:14,661.54,entertainment,online,0,0.0,ALLOW,1
2023-12-07 20:38:24,348.87,pharmacy,in_store,0,0.0002,ALLOW,1
2023-12-07 20:54:29,5102.21,restaurant,mobile_app,0,0.0003,ALLOW,1
2023-12-07 20:59:00,672.57,jewelry,online,0,0.0033,ALLOW,1
2023-12-07 21:13:07,855.73,online_gaming,mobile_app,0,0.0,ALLOW,1
2023-12-07 21:13:58,2087.29,entertainment,atm,0,0.0,ALLOW,1
2023-12-07 21:18:08,388.33,restaurant,mobile_app,0,1e-04,ALLOW,1
2023-12-07 21:25:22,314.16,jewelry,online,0,0.005,ALLOW,1
2023-12-07 21:29:13,2187.06,jewelry,online,0,0.0,ALLOW,1
2023-12-07 21:49:05,1068.63,grocery,in_store,0,1e-04,ALLOW,1
2023-12-07 21:55:53,306.06,travel,atm,0,0.0002,ALLOW,1
2023-12-07 22:06:19,528.33,entertainment,online,0,0.0003,ALLOW,1
2023-12-07 22:13:55,8346.83,jewelry,atm,0,0.03,ALLOW,1
2023-12-07 22:14:14,1447.55,entertainment,atm,0,0.0002,ALLOW,1
2023-12-07 22:23:17,444.08,pharmacy,atm,0,1e-04,ALLOW,1
2023-12-07 22:26:02,2501.74,clothing,mobile_app,0,0.0002,ALLOW,1
2023-12-07 22:31:26,1686.79,restaurant,mobile_app,0,0.001,ALLOW,1
2023-12-07 23:05:10,1494.04,travel,atm,0,0.0005,ALLOW,1
2023-12-07 23:14:02,1885.61,pharmacy,in_store,0,0.0,ALLOW,1
2023-12-07 23:21:23,333.29,restaurant,in_store,0,0.0008,ALLOW,1
2023-12-07 23:23:48,645.61,clothing,atm,0,1e-04,ALLOW,1
2023-12-07 23:28:14,2231.71,entertainment,mobile_app,0,1e-04,ALLOW,1
2023-12-07 23:46:23,46.49,entertainment,online,0,1e-04,ALLOW,1
2023-12-08 00:26:43,464.12,travel,online,0,0.0081,ALLOW,1
2023-12-08 00:38:37,1869.62,travel,in_store,0,1e-04,ALLOW,1
2023-12-08 00:43:22,1577.31,clothing,mobile_app,0,0.0,ALLOW,1
2023-12-08 00:44:44,2562.98,electronics,in_store,0,1e-04,ALLOW,1
2023-12-08 00:58:07,856.42,entertainment,in_store,0,1e-04,ALLOW,1
2023-12-08 01:07:36,45.72,jewelry,atm,0,0.0002,ALLOW,1
2023-12-08 01:08:16,1175.78,restaurant,mobile_app,0,0.0015,ALLOW,1
2023-12-08 01:25:08,478.96,online_gaming,mobile_app,0,1e-04,ALLOW,1
2023-12-08 01:45:59,347.3,fuel,in_store,0,0.0008,ALLOW,1
2023-12-08 01:47:41,443.73,pharmacy,atm,0,0.0011,ALLOW,1
2023-12-08 01:47:46,3477.43,travel,online,0,0.0005,ALLOW,1
2023-12-08 02:23:08,970.28,clothing,mobile_app,0,0.0005,ALLOW,1
2023-12-08 02:29:44,2346.64,pharmacy,mobile_app,0,1e-04,ALLOW,1
2023-12-08 02:40:43,1060.81,fuel,atm,0,0.0,ALLOW,1
2023-12-08 02:54:46,4768.31,entertainment,mobile_app,0,0.0003,ALLOW,1
2023-12-08 02:59:53,1472.97,jewelry,in_store,0,0.0003,ALLOW,1
2023-12-08 03:11:11,2127.2,grocery,online,0,0.0,ALLOW,1
2023-12-08 03:27:14,549.01,pharmacy,mobile_app,0,1e-04,ALLOW,1
2023-12-08 03:28:00,4332.36,entertainment,in_store,0,0.0007,ALLOW,1
2023-12-08 03:31:58,1382.75,travel,atm,0,0.0,ALLOW,1
2023-12-08 03:48:31,191.66,pharmacy,online,0,1e-04,ALLOW,1
2023-12-08 03:54:22,159.96,jewelry,mobile_app,0,1e-04,ALLOW,1
2023-12-08 04:00:28,1834.82,clothing,in_store,0,0.0,ALLOW,1
2023-12-08 04:13:13,3403.78,grocery,in_store,0,1e-04,ALLOW,1
2023-12-08 04:13:58,1958.04,travel,atm,0,0.0002,ALLOW,1
2023-12-08 04:39:39,1746.04,pharmacy,online,0,1e-04,ALLOW,1
2023-12-08 04:59:49,904.29,jewelry,mobile_app,0,0.0005,ALLOW,1
2023-12-08 05:45:09,2262.46,fuel,in_store,0,0.0152,ALLOW,1
2023-12-08 05:53:06,2716.13,fuel,online,0,1e-04,ALLOW,1
2023-12-08 05:54:01,328.52,jewelry,mobile_app,0,0.0083,ALLOW,1
2023-12-08 05:58:57,4567.08,clothing,in_store,0,1e-04,ALLOW,1
2023-12-08 06:04:46,1144.97,travel,mobile_app,0,0.0003,ALLOW,1
2023-12-08 06:04:48,1480.39,restaurant,online,0,0.0,ALLOW,1
2023-12-08 06:25:35,2104.57,online_gaming,online,0,0.0002,ALLOW,1
2023-12-08 06:44:46,929.75,jewelry,atm,0,0.0002,ALLOW,1
2023-12-08 06:54:26,898.8,pharmacy,atm,0,1e-04,ALLOW,1
2023-12-08 07:26:39,1840.84,online_gaming,in_store,0,0.0014,ALLOW,1
2023-12-08 07:29:31,1856.28,entertainment,online,0,0.0,ALLOW,1
2023-12-08 07:31:02,453.28,clothing,atm,0,0.0003,ALLOW,1
2023-12-08 07:42:40,2089.99,online_gaming,atm,0,0.0003,ALLOW,1
2023-12-08 07:51:11,324.25,jewelry,mobile_app,0,0.0006,ALLOW,1
2023-12-08 07:56:42,1294.15,pharmacy,online,0,0.0,ALLOW,1
2023-12-08 08:03:08,2782.43,online_gaming,online,0,0.0002,ALLOW,1
2023-12-08 08:20:40,2271.15,entertainment,online,0,0.0002,ALLOW,1
2023-12-08 08:29:33,221.57,travel,atm,0,1e-04,ALLOW,1
2023-12-08 08:47:31,1854.46,pharmacy,mobile_app,0,1e-04,ALLOW,1
2023-12-08 09:05:10,5024.22,pharmacy,mobile_app,0,0.0,ALLOW,1
2023-12-08 09:09:17,754.78,pharmacy,mobile_app,0,0.0002,ALLOW,1
2023-12-08 09:11:06,39.1,jewelry,atm,0,0.0006,ALLOW,1
2023-12-08 09:11:26,1401.57,electronics,online,0,0.0,ALLOW,1
2023-12-08 09:11:35,823.45,online_gaming,online,0,0.0,ALLOW,1
2023-12-08 09:13:33,2186.14,grocery,online,0,0.0002,ALLOW,1
2023-12-08 09:13:51,2289.96,grocery,in_store,0,1e-04,ALLOW,1
2023-12-08 09:24:11,741.9,clothing,mobile_app,0,0.0004,ALLOW,1
2023-12-08 09:50:48,913.41,fuel,mobile_app,0,0.0,ALLOW,1
2023-12-08 09:57:59,557.92,restaurant,atm,0,0.0002,ALLOW,1
2023-12-08 10:06:58,10.0,pharmacy,online,0,0.0008,ALLOW,1
2023-12-08 10:17:04,1893.47,pharmacy,mobile_app,0,0.0,ALLOW,1
2023-12-08 10:24:20,36.04,fuel,in_store,0,1e-04,ALLOW,1
2023-12-08 10:26:20,1612.79,travel,mobile_app,0,1e-04,ALLOW,1
2023-12-08 10:34:42,1787.6,grocery,atm,0,1e-04,ALLOW,1
2023-12-08 10:36:51,2464.78,grocery,in_store,0,0.0,ALLOW,1
2023-12-08 10:48:29,458.01,entertainment,atm,0,1e-04,ALLOW,1
2023-12-08 10:51:46,618.44,grocery,in_store,0,1e-04,ALLOW,1
2023-12-08 11:00:26,273.39,restaurant,atm,0,1e-04,ALLOW,1
2023-12-08 11:14:41,913.22,jewelry,in_store,0,0.0005,ALLOW,1
2023-12-08 11:21:32,5572.61,grocery,mobile_app,0,0.0,ALLOW,1
2023-12-08 11:33:23,1243.18,online_gaming,mobile_app,0,0.0328,ALLOW,1
2023-12-08 11:37:03,8037.79,electronics,in_store,0,0.0037,ALLOW,1
2023-12-08 11:40:00,2958.32,restaurant,online,0,0.0002,ALLOW,1
2023-12-08 11:46:59,187.53,restaurant,online,0,0.0003,ALLOW,1
2023-12-08 11:54:23,1097.75,pharmacy,in_store,0,0.0,ALLOW,1
2023-12-08 12:07:46,1396.12,fuel,atm,0,0.0021,ALLOW,1
2023-12-08 12:11:58,4344.43,travel,online,0,0.0,ALLOW,1
2023-12-08 12:25:51,1197.94,travel,online,0,1e-04,ALLOW,1
2023-12-08 12:45:45,116.83,electronics,mobile_app,0,0.0007,ALLOW,1
2023-12-08 12:54:20,1103.8,entertainment,mobile_app,0,1e-04,ALLOW,1
2023-12-08 13:13:05,1047.08,jewelry,in_store,0,0.0005,ALLOW,1
2023-12-08 13:36:11,5482.91,restaurant,online,0,0.0003,ALLOW,1
2023-12-08 13:43:22,754.49,travel,online,0,1e-04,ALLOW,1
2023-12-08 13:51:46,588.24,jewelry,mobile_app,0,1e-04,ALLOW,1
2023-12-08 13:53:25,2640.03,restaurant,atm,0,0.0005,ALLOW,1
2023-12-08 14:01:05,321.79,entertainment,atm,0,0.0002,ALLOW,1
2023-12-08 14:11:56,3044.75,pharmacy,in_store,0,1e-04,ALLOW,1
2023-12-08 14:12:00,5634.56,pharmacy,in_store,0,0.0002,ALLOW,1
2023-12-08 14:28:51,1600.2,electronics,atm,0,1e-04,ALLOW,1
2023-12-08 14:32:31,1761.94,pharmacy,online,0,1e-04,ALLOW,1
2023-12-08 15:27:42,296.82,travel,in_store,0,0.0002,ALLOW,1
2023-12-08 15:30:02,356.77,restaurant,mobile_app,0,1e-04,ALLOW,1
2023-12-08 15:36:08,272.77,electronics,online,0,1e-04,ALLOW,1
2023-12-08 15:56:13,4069.11,jewelry,mobile_app,0,0.0002,ALLOW,1
2023-12-08 15:56:59,2583.73,fuel,in_store,0,0.0092,ALLOW,1
2023-12-08 16:12:14,899.11,restaurant,mobile_app,0,0.0005,ALLOW,1
2023-12-08 16:46:41,2305.4,online_gaming,in_store,0,0.0003,ALLOW,1
2023-12-08 17:26:08,740.84,clothing,atm,0,1e-04,ALLOW,1
2023-12-08 17:27:11,2420.89,jewelry,mobile_app,0,1e-04,ALLOW,1
2023-12-08 17:53:58,208.2,grocery,mobile_app,0,0.0002,ALLOW,1
2023-12-08 17:56:17,107.36,travel,online,0,0.0004,ALLOW,1
2023-12-08 18:01:23,2606.26,restaurant,online,0,0.0,ALLOW,1
2023-12-08 18:09:59,3775.94,restaurant,in_store,0,1e-04,ALLOW,1
2023-12-08 18:12:34,5475.57,entertainment,atm,0,0.0006,ALLOW,1
2023-12-08 18:15:29,352.78,restaurant,online,0,1e-04,ALLOW,1
2023-12-08 18:39:53,2601.07,entertainment,atm,0,0.0,ALLOW,1
2023-12-08 18:54:40,134.79,pharmacy,mobile_app,0,0.0002,ALLOW,1
2023-12-08 19:10:12,116.97,restaurant,online,0,0.0006,ALLOW,1
2023-12-08 19:28:46,478.18,online_gaming,mobile_app,0,1e-04,ALLOW,1
2023-12-08 19:49:27,1609.34,electronics,in_store,0,0.0002,ALLOW,1
2023-12-08 19:49:44,1514.44,pharmacy,atm,0,0.0002,ALLOW,1
2023-12-08 19:58:17,4880.95,pharmacy,mobile_app,0,0.0,ALLOW,1
2023-12-08 20:05:54,581.02,pharmacy,mobile_app,0,0.0003,ALLOW,1
2023-12-08 20:17:08,447.57,grocery,online,0,1e-04,ALLOW,1
2023-12-08 20:26:47,811.92,fuel,online,0,0.0,ALLOW,1
2023-12-08 20:27:30,260.46,pharmacy,online,0,0.0002,ALLOW,1
2023-12-08 20:32:55,10.0,grocery,in_store,0,0.0004,ALLOW,1
2023-12-08 20:35:05,10.0,restaurant,online,0,0.0017,ALLOW,1
2023-12-08 20:52:43,210.43,jewelry,mobile_app,0,0.0017,ALLOW,1
2023-12-08 21:01:20,827.18,clothing,atm,0,0.0002,ALLOW,1
2023-12-08 21:11:04,176.14,grocery,mobile_app,0,0.0002,ALLOW,1
2023-12-08 21:24:27,1428.62,fuel,mobile_app,0,0.0005,ALLOW,1
2023-12-08 21:36:26,403.02,grocery,mobile_app,0,0.0002,ALLOW,1
2023-12-08 21:48:21,1263.69,restaurant,atm,0,0.0004,ALLOW,1
2023-12-08 21:54:47,1017.68,clothing,online,0,0.0003,ALLOW,1
2023-12-08 21:55:47,230.32,online_gaming,online,0,0.0002,ALLOW,1
2023-12-08 21:56:27,3151.41,clothing,atm,0,0.0008,ALLOW,1
2023-12-08 22:04:53,1733.28,restaurant,atm,0,0.0005,ALLOW,1
2023-12-08 22:10:27,2260.14,clothing,in_store,0,1e-04,ALLOW,1
2023-12-08 22:23:49,735.46,fuel,mobile_app,0,1e-04,ALLOW,1
2023-12-08 22:25:23,2127.34,travel,atm,0,1e-04,ALLOW,1
2023-12-08 22:43:51,117.56,entertainment,in_store,0,1e-04,ALLOW,1
2023-12-08 22:53:33,633.37,electronics,in_store,0,0.0003,ALLOW,1
2023-12-08 22:56:58,633.56,grocery,in_store,0,0.0,ALLOW,1
2023-12-08 23:18:56,1480.86,clothing,mobile_app,0,1e-04,ALLOW,1
2023-12-08 23:19:45,20.99,electronics,atm,0,1e-04,ALLOW,1
2023-12-08 23:28:49,302.27,jewelry,mobile_app,0,0.0002,ALLOW,1
2023-12-08 23:31:17,691.59,restaurant,in_store,1,0.9152,REVIEW,1
2023-12-08 23:33:45,1149.94,restaurant,mobile_app,0,0.0002,ALLOW,1
2023-12-08 23:53:47,217.98,online_gaming,mobile_app,0,0.0003,ALLOW,1
2023-12-09 00:00:51,2792.43,travel,online,0,0.0018,ALLOW,1
2023-12-09 00:39:45,154.38,fuel,in_store,0,0.0002,ALLOW,1
2023-12-09 01:17:38,1181.55,entertainment,atm,0,0.0005,ALLOW,1
2023-12-09 01:27:03,158.21,pharmacy,atm,0,1e-04,ALLOW,1
2023-12-09 01:39:30,212.2,electronics,in_store,0,1e-04,ALLOW,1
2023-12-09 01:44:08,186.5,electronics,online,0,0.0005,ALLOW,1
2023-12-09 01:49:01,1382.52,grocery,online,0,0.0,ALLOW,1
2023-12-09 01:58:16,3449.3,restaurant,online,0,0.0,ALLOW,1
2023-12-09 02:24:44,2130.44,fuel,in_store,0,0.0004,ALLOW,1
2023-12-09 02:24:50,1210.63,grocery,in_store,0,0.0,ALLOW,1
2023-12-09 02:57:55,2470.04,electronics,in_store,0,0.0,ALLOW,1
2023-12-09 03:00:53,352.0,entertainment,online,0,0.0005,ALLOW,1
2023-12-09 03:10:45,1692.17,restaurant,online,0,0.0009,ALLOW,1
2023-12-09 03:13:41,3573.23,restaurant,online,0,0.0005,ALLOW,1
2023-12-09 03:16:07,1192.39,entertainment,mobile_app,0,0.0153,ALLOW,1
2023-12-09 03:47:17,838.35,fuel,mobile_app,0,0.0,ALLOW,1
2023-12-09 04:04:03,76.84,clothing,in_store,0,0.0006,ALLOW,1
2023-12-09 04:41:38,1728.34,jewelry,in_store,0,1e-04,ALLOW,1
2023-12-09 04:48:12,300.06,grocery,atm,0,1e-04,ALLOW,1
2023-12-09 04:55:18,5751.73,travel,online,0,0.0002,ALLOW,1
2023-12-09 05:01:16,1191.54,fuel,in_store,0,1e-04,ALLOW,1
2023-12-09 05:03:19,277.38,pharmacy,mobile_app,0,0.0003,ALLOW,1
2023-12-09 05:20:37,1586.57,entertainment,online,0,0.0002,ALLOW,1
2023-12-09 05:23:57,2504.46,clothing,atm,0,0.0002,ALLOW,1
2023-12-09 05:52:10,10.0,electronics,in_store,0,1e-04,ALLOW,1
2023-12-09 06:00:38,3025.91,entertainment,atm,0,1e-04,ALLOW,1
2023-12-09 06:00:56,1703.25,fuel,mobile_app,0,0.0002,ALLOW,1
2023-12-09 06:04:29,962.68,jewelry,mobile_app,0,0.0009,ALLOW,1
2023-12-09 06:16:26,1527.43,jewelry,in_store,0,1e-04,ALLOW,1
2023-12-09 06:24:21,2173.43,jewelry,mobile_app,0,0.0202,ALLOW,1
2023-12-09 06:27:20,1060.48,electronics,mobile_app,0,0.0008,ALLOW,1
2023-12-09 06:38:05,82.55,pharmacy,mobile_app,0,0.0,ALLOW,1
2023-12-09 06:48:57,3760.25,grocery,atm,0,0.0003,ALLOW,1
2023-12-09 06:59:04,876.32,entertainment,atm,0,1e-04,ALLOW,1
2023-12-09 07:13:53,2196.64,jewelry,in_store,0,1e-04,ALLOW,1
2023-12-09 07:23:28,137.83,jewelry,in_store,0,0.0002,ALLOW,1
2023-12-09 07:40:31,606.5,online_gaming,in_store,0,0.0102,ALLOW,1
2023-12-09 07:46:51,2914.27,clothing,in_store,0,0.0011,ALLOW,1
2023-12-09 08:11:00,552.0,electronics,online,0,1e-04,ALLOW,1
2023-12-09 08:17:40,683.6,entertainment,mobile_app,0,1e-04,ALLOW,1
2023-12-09 08:42:54,1509.89,travel,mobile_app,0,0.0,ALLOW,1
2023-12-09 09:00:37,733.73,travel,online,0,1e-04,ALLOW,1
2023-12-09 09:01:03,456.86,restaurant,in_store,0,1e-04,ALLOW,1
2023-12-09 09:11:49,599.03,online_gaming,online,0,1e-04,ALLOW,1
2023-12-09 09:33:53,4183.98,entertainment,mobile_app,0,0.0,ALLOW,1
2023-12-09 09:43:18,4443.61,jewelry,mobile_app,0,1e-04,ALLOW,1
2023-12-09 09:44:31,181.32,jewelry,atm,0,0.0002,ALLOW,1
2023-12-09 09:57:20,8617.88,online_gaming,online,1,0.5056,REVIEW,1
2023-12-09 10:08:31,270.61,pharmacy,online,0,1e-04,ALLOW,1
2023-12-09 10:23:19,49.65,online_gaming,online,0,0.0002,ALLOW,1
2023-12-09 10:27:16,194.37,online_gaming,online,0,0.0006,ALLOW,1
2023-12-09 10:28:00,511.31,travel,atm,0,0.0,ALLOW,1
2023-12-09 10:30:21,6816.87,jewelry,in_store,0,1e-04,ALLOW,1
2023-12-09 10:33:55,1023.31,pharmacy,atm,0,0.0006,ALLOW,1
2023-12-09 10:41:00,261.65,jewelry,online,0,0.0004,ALLOW,1
2023-12-09 10:45:51,285.97,entertainment,atm,0,0.0008,ALLOW,1
2023-12-09 10:55:07,697.87,fuel,atm,0,0.0003,ALLOW,1
2023-12-09 10:56:23,1071.11,electronics,online,0,0.0,ALLOW,1
2023-12-09 10:58:31,466.09,restaurant,atm,1,0.8367,REVIEW,1
2023-12-09 11:06:14,2220.92,jewelry,mobile_app,0,0.0028,ALLOW,1
2023-12-09 11:09:55,644.04,online_gaming,online,0,1e-04,ALLOW,1
2023-12-09 11:23:41,94.93,online_gaming,mobile_app,0,0.0003,ALLOW,1
2023-12-09 11:24:54,1156.81,entertainment,mobile_app,0,0.0003,ALLOW,1
2023-12-09 11:26:41,4740.77,fuel,atm,0,0.0002,ALLOW,1
2023-12-09 11:40:12,3853.48,clothing,in_store,0,0.0085,ALLOW,1
2023-12-09 11:41:03,116.98,pharmacy,atm,0,0.0002,ALLOW,1
2023-12-09 12:13:52,778.87,grocery,mobile_app,0,0.0003,ALLOW,1
2023-12-09 12:24:01,151.37,entertainment,mobile_app,0,0.0003,ALLOW,1
2023-12-09 12:26:21,1067.34,fuel,mobile_app,0,1e-04,ALLOW,1
2023-12-09 12:33:37,1515.1,online_gaming,in_store,0,1e-04,ALLOW,1
2023-12-09 12:34:42,1936.45,restaurant,in_store,0,0.0002,ALLOW,1
2023-12-09 12:35:35,13484.5,fuel,atm,0,0.0079,ALLOW,1
2023-12-09 12:53:30,2695.81,entertainment,mobile_app,0,0.0,ALLOW,1
2023-12-09 12:56:56,449.97,restaurant,mobile_app,0,1e-04,ALLOW,1
2023-12-09 13:04:33,6289.57,fuel,mobile_app,0,1e-04,ALLOW,1
2023-12-09 13:10:06,1638.99,electronics,mobile_app,0,0.0,ALLOW,1
2023-12-09 13:10:53,1200.68,electronics,in_store,0,1e-04,ALLOW,1
2023-12-09 13:27:00,1953.02,jewelry,in_store,0,0.0003,ALLOW,1
2023-12-09 13:57:16,2062.18,entertainment,in_store,0,0.0,ALLOW,1
2023-12-09 13:58:34,182.08,online_gaming,atm,0,1e-04,ALLOW,1
2023-12-09 14:00:37,75.85,fuel,mobile_app,0,1e-04,ALLOW,1
2023-12-09 14:06:02,992.53,fuel,atm,0,0.0003,ALLOW,1
2023-12-09 14:22:49,192.89,jewelry,online,0,0.0003,ALLOW,1
2023-12-09 14:25:52,2248.94,fuel,in_store,0,1e-04,ALLOW,1
2023-12-09 14:27:49,996.82,online_gaming,online,0,0.0037,ALLOW,1
2023-12-09 14:37:06,4791.62,entertainment,mobile_app,0,0.0,ALLOW,1
2023-12-09 14:39:22,2551.79,fuel,mobile_app,0,1e-04,ALLOW,1
2023-12-09 14:48:11,464.31,travel,online,0,0.0002,ALLOW,1
2023-12-09 14:52:37,384.15,pharmacy,mobile_app,0,0.0004,ALLOW,1
2023-12-09 14:59:23,4125.19,clothing,online,0,0.0002,ALLOW,1
2023-12-09 15:38:37,1914.85,fuel,atm,0,0.0002,ALLOW,1
2023-12-09 15:45:31,288.36,travel,mobile_app,0,0.0002,ALLOW,1
2023-12-09 15:54:13,998.28,grocery,atm,0,0.0014,ALLOW,1
2023-12-09 15:55:23,1465.82,online_gaming,mobile_app,1,1.0,REVIEW,1
2023-12-09 15:56:25,664.72,online_gaming,atm,0,1e-04,ALLOW,1
2023-12-09 16:04:51,150.02,pharmacy,in_store,0,0.0036,ALLOW,1
2023-12-09 16:06:07,414.96,clothing,online,0,0.0208,ALLOW,1
2023-12-09 16:13:16,1652.12,travel,mobile_app,0,0.0002,ALLOW,1
2023-12-09 16:22:45,2710.88,pharmacy,mobile_app,0,0.0493,ALLOW,1
2023-12-09 16:40:58,1773.75,clothing,atm,0,1e-04,ALLOW,1
2023-12-09 16:59:20,2724.1,fuel,atm,0,0.0004,ALLOW,1
2023-12-09 17:02:35,4854.9,fuel,in_store,0,1e-04,ALLOW,1
2023-12-09 17:28:48,673.58,grocery,in_store,0,0.0002,ALLOW,1
2023-12-09 17:54:02,930.65,electronics,atm,0,0.0,ALLOW,1
2023-12-09 18:05:35,2024.75,entertainment,online,0,0.0,ALLOW,1
2023-12-09 18:23:36,96.82,fuel,mobile_app,0,0.0002,ALLOW,1
2023-12-09 18:26:02,1469.36,electronics,online,0,1e-04,ALLOW,1
2023-12-09 18:26:53,1128.02,grocery,mobile_app,0,0.0,ALLOW,1
2023-12-09 18:35:11,2680.23,entertainment,atm,0,1e-04,ALLOW,1
2023-12-09 18:41:46,117.41,pharmacy,mobile_app,0,1e-04,ALLOW,1
2023-12-09 18:44:15,307.15,electronics,in_store,0,0.0,ALLOW,1
2023-12-09 18:58:10,1522.51,grocery,online,0,0.0,ALLOW,1
2023-12-09 19:04:04,681.68,grocery,online,0,0.0024,ALLOW,1
2023-12-09 19:13:28,94.52,fuel,mobile_app,0,0.0006,ALLOW,1
2023-12-09 19:13:48,285.06,pharmacy,atm,0,0.0007,ALLOW,1
2023-12-09 19:18:36,4303.73,fuel,online,0,0.0004,ALLOW,1
2023-12-09 19:20:17,1167.08,travel,mobile_app,0,1e-04,ALLOW,1
2023-12-09 19:21:49,1712.98,fuel,online,0,0.0,ALLOW,1
2023-12-09 19:34:23,1455.4,pharmacy,online,0,1e-04,ALLOW,1
2023-12-09 19:37:23,964.83,clothing,mobile_app,0,1e-04,ALLOW,1
2023-12-09 19:44:32,1884.22,clothing,atm,0,0.0006,ALLOW,1
2023-12-09 20:19:42,1026.65,electronics,in_store,0,0.0017,ALLOW,1
2023-12-09 20:41:44,10.0,grocery,in_store,0,1e-04,ALLOW,1
2023-12-09 20:42:02,4451.1,grocery,online,0,1e-04,ALLOW,1
2023-12-09 20:50:06,541.94,online_gaming,atm,0,0.0002,ALLOW,1
2023-12-09 21:21:16,820.54,jewelry,mobile_app,0,0.0002,ALLOW,1
2023-12-09 21:22:27,631.61,clothing,online,0,0.0002,ALLOW,1
2023-12-09 21:39:23,444.09,travel,online,0,1e-04,ALLOW,1
2023-12-09 21:50:22,1837.77,fuel,in_store,0,0.0007,ALLOW,1
2023-12-09 21:54:25,99.39,electronics,mobile_app,0,1e-04,ALLOW,1
2023-12-09 22:02:52,50.15,online_gaming,in_store,0,0.0002,ALLOW,1
2023-12-09 22:06:04,1972.74,electronics,mobile_app,0,0.0015,ALLOW,1
2023-12-09 22:10:45,59.4,pharmacy,atm,0,0.0002,ALLOW,1
2023-12-09 22:19:15,1138.89,fuel,atm,0,1e-04,ALLOW,1
2023-12-09 22:44:22,645.15,online_gaming,atm,0,0.0,ALLOW,1
2023-12-09 22:46:13,1672.28,clothing,online,0,1e-04,ALLOW,1
2023-12-09 22:58:07,1703.66,fuel,mobile_app,0,0.0,ALLOW,1
2023-12-09 23:04:02,483.25,jewelry,mobile_app,0,0.0004,ALLOW,1
2023-12-09 23:20:42,679.85,clothing,mobile_app,0,0.0,ALLOW,1
2023-12-10 00:11:17,1442.86,grocery,in_store,0,1e-04,ALLOW,1
2023-12-10 00:22:01,289.76,pharmacy,online,0,0.0002,ALLOW,1
2023-12-10 00:32:03,399.49,fuel,mobile_app,0,0.0,ALLOW,1
2023-12-10 00:32:31,715.18,electronics,in_store,0,1e-04,ALLOW,1
2023-12-10 00:43:32,1389.26,grocery,online,0,0.0004,ALLOW,1
2023-12-10 00:47:52,349.23,travel,mobile_app,0,1e-04,ALLOW,1
2023-12-10 00:50:26,3112.9,fuel,online,0,0.0009,ALLOW,1
2023-12-10 00:52:25,1970.84,electronics,mobile_app,0,0.0,ALLOW,1
2023-12-10 01:00:57,2092.32,clothing,online,0,1e-04,ALLOW,1
2023-12-10 01:12:05,3969.32,grocery,in_store,0,0.0005,ALLOW,1
2023-12-10 01:24:08,14.36,grocery,mobile_app,0,0.0002,ALLOW,1
2023-12-10 01:24:26,1236.85,grocery,atm,0,0.0,ALLOW,1
2023-12-10 01:24:44,572.25,clothing,online,0,0.0003,ALLOW,1
2023-12-10 01:35:02,236.59,jewelry,online,0,0.0002,ALLOW,1
2023-12-10 01:38:09,541.16,travel,in_store,0,0.0007,ALLOW,1
2023-12-10 01:40:56,300.84,fuel,in_store,0,1e-04,ALLOW,1
2023-12-10 01:41:11,23.19,fuel,atm,0,1e-04,ALLOW,1
2023-12-10 01:49:26,646.78,electronics,in_store,0,0.0,ALLOW,1
2023-12-10 02:15:32,2830.91,online_gaming,in_store,0,0.0,ALLOW,1
2023-12-10 02:21:15,788.5,travel,mobile_app,0,0.0062,ALLOW,1
2023-12-10 02:26:31,1646.29,electronics,atm,0,1e-04,ALLOW,1
2023-12-10 02:40:42,199.49,clothing,online,0,0.0002,ALLOW,1
2023-12-10 02:43:17,2046.86,fuel,atm,0,0.0024,ALLOW,1
2023-12-10 02:44:23,670.07,grocery,mobile_app,0,0.0005,ALLOW,1
2023-12-10 02:51:35,327.71,grocery,mobile_app,0,0.0002,ALLOW,1
2023-12-10 02:59:13,1360.72,clothing,atm,0,0.0003,ALLOW,1
2023-12-10 03:01:19,2424.04,pharmacy,in_store,0,1e-04,ALLOW,1
2023-12-10 03:13:09,99.85,restaurant,in_store,0,0.0003,ALLOW,1
2023-12-10 03:30:13,1163.96,jewelry,mobile_app,0,1e-04,ALLOW,1
2023-12-10 03:43:51,653.3,fuel,online,0,0.0,ALLOW,1
2023-12-10 03:46:16,1587.27,fuel,in_store,0,0.0,ALLOW,1
2023-12-10 03:50:42,301.2,fuel,atm,0,0.0003,ALLOW,1
2023-12-10 04:06:39,607.9,restaurant,in_store,0,1e-04,ALLOW,1
2023-12-10 04:18:48,1980.83,travel,mobile_app,0,0.0002,ALLOW,1
2023-12-10 04:24:25,5144.56,electronics,online,0,0.0006,ALLOW,1
2023-12-10 04:54:23,250.91,jewelry,online,0,1e-04,ALLOW,1
2023-12-10 04:55:03,1217.12,electronics,in_store,0,0.0,ALLOW,1
2023-12-10 05:19:52,3777.31,restaurant,online,0,0.0005,ALLOW,1
2023-12-10 05:31:02,1183.23,travel,in_store,0,0.001,ALLOW,1
2023-12-10 05:33:35,5238.18,jewelry,atm,0,0.0,ALLOW,1
2023-12-10 05:38:06,1239.84,grocery,in_store,0,1e-04,ALLOW,1
2023-12-10 05:45:11,805.13,online_gaming,atm,0,1e-04,ALLOW,1
2023-12-10 05:50:38,976.58,restaurant,mobile_app,0,0.0015,ALLOW,1
2023-12-10 05:58:35,375.57,travel,mobile_app,0,1e-04,ALLOW,1
2023-12-10 06:01:41,35.4,jewelry,atm,0,0.003,ALLOW,1
2023-12-10 06:14:30,769.85,electronics,in_store,0,0.0009,ALLOW,1
2023-12-10 06:38:02,164.59,fuel,atm,0,1e-04,ALLOW,1
2023-12-10 06:40:01,643.42,pharmacy,in_store,0,0.0002,ALLOW,1
2023-12-10 06:47:23,373.63,travel,atm,0,0.0002,ALLOW,1
2023-12-10 06:55:19,29.88,jewelry,mobile_app,0,1e-04,ALLOW,1
2023-12-10 07:02:09,561.6,jewelry,mobile_app,0,0.0002,ALLOW,1
2023-12-10 07:03:00,4211.15,clothing,mobile_app,1,0.995,REVIEW,1
2023-12-10 07:04:00,640.11,jewelry,atm,0,1e-04,ALLOW,1
2023-12-10 07:09:45,447.85,fuel,in_store,0,1e-04,ALLOW,1
2023-12-10 07:35:22,2061.1,electronics,in_store,0,0.0002,ALLOW,1
2023-12-10 07:37:31,448.47,pharmacy,mobile_app,0,1e-04,ALLOW,1
2023-12-10 07:39:40,4742.85,jewelry,in_store,0,1e-04,ALLOW,1
2023-12-10 07:53:04,4166.62,grocery,mobile_app,0,1e-04,ALLOW,1
2023-12-10 08:03:05,546.13,travel,in_store,0,0.0003,ALLOW,1
2023-12-10 08:18:37,5170.25,entertainment,atm,0,0.0003,ALLOW,1
2023-12-10 08:26:37,40.41,entertainment,online,0,1e-04,ALLOW,1
2023-12-10 08:35:48,349.81,travel,atm,0,0.0074,ALLOW,1
2023-12-10 08:48:09,297.2,electronics,in_store,0,1e-04,ALLOW,1
2023-12-10 08:49:02,1132.61,electronics,in_store,0,0.0004,ALLOW,1
2023-12-10 09:00:23,1581.91,clothing,atm,0,1e-04,ALLOW,1
2023-12-10 09:03:24,1215.47,jewelry,atm,0,1e-04,ALLOW,1
2023-12-10 09:03:56,1168.07,fuel,mobile_app,0,0.0,ALLOW,1
2023-12-10 09:13:40,346.84,grocery,in_store,0,1e-04,ALLOW,1
2023-12-10 09:30:39,225.62,restaurant,in_store,0,0.0004,ALLOW,1
2023-12-10 09:59:06,475.42,electronics,mobile_app,0,0.0003,ALLOW,1
2023-12-10 10:03:30,832.84,grocery,atm,0,1e-04,ALLOW,1
2023-12-10 10:05:55,5530.72,fuel,online,0,0.0003,ALLOW,1
2023-12-10 10:39:08,843.13,electronics,mobile_app,0,0.0,ALLOW,1
2023-12-10 10:55:14,536.88,entertainment,online,0,0.0,ALLOW,1
2023-12-10 10:55:42,1129.0,clothing,in_store,0,0.0004,ALLOW,1
2023-12-10 10:58:17,3751.98,grocery,in_store,0,1e-04,ALLOW,1
2023-12-10 11:07:29,1251.52,online_gaming,atm,0,1e-04,ALLOW,1
2023-12-10 11:08:23,1670.74,pharmacy,atm,0,0.0,ALLOW,1
2023-12-10 11:09:24,1256.19,fuel,online,0,1e-04,ALLOW,1
2023-12-10 11:18:07,455.17,pharmacy,mobile_app,0,1e-04,ALLOW,1
2023-12-10 11:43:40,2081.03,clothing,in_store,0,0.0013,ALLOW,1
2023-12-10 11:59:10,832.3,electronics,atm,0,0.0,ALLOW,1
2023-12-10 12:14:34,655.87,pharmacy,online,0,0.0007,ALLOW,1
2023-12-10 12:19:27,1314.23,travel,mobile_app,0,1e-04,ALLOW,1
2023-12-10 12:24:35,1344.97,fuel,atm,0,0.0005,ALLOW,1
2023-12-10 12:34:46,343.17,entertainment,in_store,0,0.0002,ALLOW,1
2023-12-10 12:36:15,184.03,electronics,mobile_app,0,0.0002,ALLOW,1
2023-12-10 12:45:53,209.43,online_gaming,atm,0,0.0011,ALLOW,1
2023-12-10 13:08:35,945.8,clothing,online,0,0.0,ALLOW,1
2023-12-10 13:14:14,855.29,online_gaming,in_store,0,1e-04,ALLOW,1
2023-12-10 13:26:21,4679.78,grocery,online,0,0.0003,ALLOW,1
2023-12-10 13:27:00,1180.51,electronics,online,0,1e-04,ALLOW,1
2023-12-10 13:28:33,2894.31,jewelry,atm,0,1e-04,ALLOW,1
2023-12-10 13:47:49,4733.8,entertainment,in_store,0,1e-04,ALLOW,1
2023-12-10 13:50:08,1013.67,pharmacy,in_store,0,0.0002,ALLOW,1
2023-12-10 13:52:51,674.3,grocery,online,0,0.0,ALLOW,1
2023-12-10 14:03:41,150.8,entertainment,in_store,0,0.0007,ALLOW,1
2023-12-10 14:11:42,374.78,grocery,in_store,0,0.0004,ALLOW,1
2023-12-10 14:21:02,519.45,grocery,online,0,1e-04,ALLOW,1
2023-12-10 14:33:08,163.95,entertainment,atm,0,0.0004,ALLOW,1
2023-12-10 14:45:33,265.96,online_gaming,mobile_app,0,0.0008,ALLOW,1
2023-12-10 14:47:45,469.24,grocery,online,0,1e-04,ALLOW,1
2023-12-10 15:09:51,3849.89,entertainment,atm,0,0.0033,ALLOW,1
2023-12-10 15:13:27,2681.29,pharmacy,atm,0,0.0002,ALLOW,1
2023-12-10 15:21:34,1671.83,pharmacy,online,0,0.0,ALLOW,1
2023-12-10 15:28:25,33.51,grocery,mobile_app,0,0.0003,ALLOW,1
2023-12-10 15:29:51,1591.76,travel,mobile_app,0,0.0008,ALLOW,1
2023-12-10 15:31:55,2603.68,restaurant,in_store,0,1e-04,ALLOW,1
2023-12-10 15:32:20,368.83,travel,in_store,0,0.0002,ALLOW,1
2023-12-10 15:38:22,417.18,clothing,mobile_app,0,0.0011,ALLOW,1
2023-12-10 16:07:10,656.46,clothing,in_store,0,0.0009,ALLOW,1
2023-12-10 16:27:01,276.81,online_gaming,online,0,1e-04,ALLOW,1
2023-12-10 17:00:34,1906.43,jewelry,online,0,0.0003,ALLOW,1
2023-12-10 17:04:52,2481.62,restaurant,atm,0,1e-04,ALLOW,1
2023-12-10 17:12:41,1238.01,jewelry,in_store,0,0.0007,ALLOW,1
2023-12-10 17:43:57,706.43,travel,atm,0,0.0,ALLOW,1
2023-12-10 17:55:34,573.88,fuel,online,0,0.0002,ALLOW,1
2023-12-10 18:25:23,937.8,clothing,atm,0,0.001,ALLOW,1
2023-12-10 18:26:22,4329.28,online_gaming,mobile_app,1,0.9999,REVIEW,1
2023-12-10 18:32:38,421.6,fuel,online,0,0.0093,ALLOW,1
2023-12-10 18:48:56,514.58,clothing,mobile_app,1,0.9997,REVIEW,1
2023-12-10 18:53:08,1392.71,electronics,mobile_app,0,0.0,ALLOW,1
2023-12-10 19:10:29,467.77,electronics,online,0,0.0007,ALLOW,1
2023-12-10 19:20:17,1199.16,pharmacy,atm,0,0.0002,ALLOW,1
2023-12-10 19:23:25,5136.77,pharmacy,online,0,0.0006,ALLOW,1
2023-12-10 19:26:48,1133.76,travel,online,0,0.0003,ALLOW,1
2023-12-10 19:26:49,1831.96,jewelry,atm,0,0.0002,ALLOW,1
2023-12-10 19:30:39,1994.46,grocery,online,0,0.0,ALLOW,1
2023-12-10 19:36:51,998.42,pharmacy,online,0,0.0002,ALLOW,1
2023-12-10 19:43:18,421.45,jewelry,online,0,0.0004,ALLOW,1
2023-12-10 19:44:50,20.06,jewelry,online,0,0.0004,ALLOW,1
2023-12-10 19:48:29,610.87,jewelry,online,0,0.0003,ALLOW,1
2023-12-10 19:52:21,417.6,fuel,mobile_app,0,0.0,ALLOW,1
2023-12-10 19:56:42,1197.74,jewelry,in_store,0,0.0006,ALLOW,1
2023-12-10 19:58:16,646.69,online_gaming,online,0,0.0,ALLOW,1
2023-12-10 20:18:01,91.32,clothing,in_store,0,0.0002,ALLOW,1
2023-12-10 20:24:38,81.11,entertainment,atm,0,1e-04,ALLOW,1
2023-12-10 20:30:20,736.86,electronics,atm,0,0.0003,ALLOW,1
2023-12-10 20:49:29,7996.09,jewelry,online,0,0.0036,ALLOW,1
2023-12-10 21:20:00,208.7,electronics,in_store,0,0.0002,ALLOW,1
2023-12-10 21:22:09,447.9,grocery,in_store,0,1e-04,ALLOW,1
2023-12-10 21:25:59,2108.76,electronics,in_store,0,0.0,ALLOW,1
2023-12-10 21:27:41,465.55,fuel,atm,0,0.0002,ALLOW,1
2023-12-10 21:51:27,1732.18,grocery,atm,0,1e-04,ALLOW,1
2023-12-10 21:55:11,657.56,pharmacy,mobile_app,0,1e-04,ALLOW,1
2023-12-10 21:59:01,649.29,restaurant,atm,0,1e-04,ALLOW,1
2023-12-10 22:01:42,342.88,online_gaming,online,0,0.0007,ALLOW,1
2023-12-10 22:06:41,4102.19,grocery,online,0,0.0002,ALLOW,1
2023-12-10 22:20:18,992.4,grocery,in_store,0,0.0003,ALLOW,1
2023-12-10 22:24:10,14.24,electronics,mobile_app,0,0.0003,ALLOW,1
2023-12-10 22:29:10,996.93,online_gaming,atm,0,1e-04,ALLOW,1
2023-12-10 22:33:23,695.67,restaurant,online,0,1e-04,ALLOW,1
2023-12-10 22:43:32,628.75,electronics,in_store,0,0.0,ALLOW,1
2023-12-10 22:45:42,3441.58,grocery,online,0,0.0,ALLOW,1
2023-12-10 22:57:48,1723.59,restaurant,online,0,0.0003,ALLOW,1
2023-12-10 23:02:23,499.8,jewelry,in_store,0,0.0005,ALLOW,1
2023-12-10 23:25:34,352.55,online_gaming,online,0,1e-04,ALLOW,1
2023-12-11 00:09:07,2308.32,travel,online,0,0.0,ALLOW,1
2023-12-11 00:21:46,560.16,entertainment,online,0,1e-04,ALLOW,1
2023-12-11 00:28:27,559.22,travel,atm,0,1e-04,ALLOW,1
2023-12-11 01:11:35,2232.28,online_gaming,in_store,0,0.0,ALLOW,1
2023-12-11 01:13:07,220.06,online_gaming,atm,0,0.0041,ALLOW,1
2023-12-11 01:51:02,3491.27,electronics,in_store,0,0.0086,ALLOW,1
2023-12-11 02:10:41,1388.62,restaurant,mobile_app,0,1e-04,ALLOW,1
2023-12-11 02:32:20,962.77,entertainment,mobile_app,0,0.0005,ALLOW,1
2023-12-11 02:34:48,566.15,clothing,in_store,0,0.0003,ALLOW,1
2023-12-11 02:36:13,434.76,restaurant,online,0,0.001,ALLOW,1
2023-12-11 02:50:30,1443.29,restaurant,online,0,0.0,ALLOW,1
2023-12-11 02:57:33,10.0,online_gaming,in_store,0,0.0005,ALLOW,1
2023-12-11 03:04:02,1693.51,electronics,atm,0,0.0002,ALLOW,1
2023-12-11 03:11:54,1885.51,clothing,atm,1,0.9995,REVIEW,1
2023-12-11 03:13:26,43.4,fuel,online,0,1e-04,ALLOW,1
2023-12-11 03:18:37,1149.91,jewelry,online,0,0.0006,ALLOW,1
2023-12-11 04:05:35,2349.53,grocery,online,0,1e-04,ALLOW,1
2023-12-11 04:13:58,2816.43,entertainment,atm,0,0.0,ALLOW,1
2023-12-11 04:19:38,700.71,electronics,atm,0,0.0004,ALLOW,1
2023-12-11 04:33:14,308.0,restaurant,online,0,1e-04,ALLOW,1
2023-12-11 04:38:14,157.82,clothing,atm,0,1e-04,ALLOW,1
2023-12-11 04:47:04,237.09,grocery,mobile_app,0,1e-04,ALLOW,1
2023-12-11 04:50:46,439.86,clothing,atm,0,0.0008,ALLOW,1
2023-12-11 04:58:14,1699.58,electronics,online,0,1e-04,ALLOW,1
2023-12-11 05:05:35,564.81,jewelry,in_store,0,0.0,ALLOW,1
2023-12-11 05:36:12,2340.77,electronics,online,0,0.0004,ALLOW,1
2023-12-11 05:38:10,995.39,online_gaming,mobile_app,0,0.0004,ALLOW,1
2023-12-11 05:42:07,2346.19,pharmacy,atm,0,0.0,ALLOW,1
2023-12-11 06:16:46,303.56,entertainment,online,0,1e-04,ALLOW,1
2023-12-11 06:26:32,1056.53,fuel,atm,0,1e-04,ALLOW,1
2023-12-11 06:36:04,344.36,clothing,in_store,0,0.0,ALLOW,1
2023-12-11 06:36:27,1616.86,fuel,online,0,0.0003,ALLOW,1
2023-12-11 06:41:26,771.26,electronics,atm,0,0.0,ALLOW,1
2023-12-11 06:44:53,405.62,restaurant,mobile_app,0,1e-04,ALLOW,1
2023-12-11 06:58:10,1695.39,fuel,online,0,0.0,ALLOW,1
2023-12-11 07:00:07,241.46,travel,in_store,0,0.0003,ALLOW,1
2023-12-11 07:07:51,2755.16,clothing,online,0,0.011,ALLOW,1
2023-12-11 07:11:04,2519.14,electronics,atm,0,0.0003,ALLOW,1
2023-12-11 07:24:08,847.66,travel,online,0,0.0009,ALLOW,1
2023-12-11 08:31:24,581.45,jewelry,atm,0,0.0006,ALLOW,1
2023-12-11 08:33:59,704.84,pharmacy,mobile_app,0,0.0,ALLOW,1
2023-12-11 08:45:12,1362.6,fuel,mobile_app,0,0.0089,ALLOW,1
2023-12-11 08:47:23,283.94,online_gaming,online,0,0.0004,ALLOW,1
2023-12-11 08:49:52,2642.83,online_gaming,mobile_app,0,1e-04,ALLOW,1
2023-12-11 09:00:17,915.93,entertainment,online,0,0.0006,ALLOW,1
2023-12-11 09:06:58,664.1,jewelry,in_store,0,0.0002,ALLOW,1
2023-12-11 09:13:02,607.3,entertainment,in_store,0,0.0002,ALLOW,1
2023-12-11 09:24:51,1227.61,fuel,online,0,1e-04,ALLOW,1
2023-12-11 09:31:08,1187.6,pharmacy,atm,0,0.0008,ALLOW,1
2023-12-11 09:33:07,6429.79,fuel,in_store,0,0.8225,REVIEW,0
2023-12-11 09:39:29,5222.12,grocery,in_store,0,0.0,ALLOW,1
2023-12-11 09:48:22,656.32,entertainment,online,0,1e-04,ALLOW,1
2023-12-11 10:07:34,71.94,pharmacy,in_store,0,0.0009,ALLOW,1
2023-12-11 10:11:27,1049.88,fuel,online,0,0.0002,ALLOW,1
2023-12-11 10:19:24,1192.55,fuel,mobile_app,0,0.0004,ALLOW,1
2023-12-11 10:44:54,625.68,online_gaming,in_store,0,0.0004,ALLOW,1
2023-12-11 10:47:04,785.24,fuel,atm,0,1e-04,ALLOW,1
2023-12-11 10:49:43,2858.41,fuel,in_store,0,0.0,ALLOW,1
2023-12-11 10:51:20,137.56,entertainment,in_store,0,0.0,ALLOW,1
2023-12-11 11:05:08,239.94,jewelry,in_store,0,0.0002,ALLOW,1
2023-12-11 11:06:28,834.75,fuel,atm,0,1e-04,ALLOW,1
2023-12-11 11:10:24,2873.51,electronics,atm,0,0.0003,ALLOW,1
2023-12-11 11:12:33,5887.57,fuel,online,0,0.0,ALLOW,1
2023-12-11 11:26:32,81.35,clothing,mobile_app,0,0.0009,ALLOW,1
2023-12-11 11:37:21,1589.43,pharmacy,online,0,0.0013,ALLOW,1
2023-12-11 11:58:54,2135.03,entertainment,in_store,0,0.0,ALLOW,1
2023-12-11 12:03:30,248.69,clothing,mobile_app,0,1e-04,ALLOW,1
2023-12-11 12:18:33,352.36,fuel,atm,0,1e-04,ALLOW,1
2023-12-11 12:20:24,2715.02,grocery,online,0,0.0002,ALLOW,1
2023-12-11 12:26:06,180.75,online_gaming,in_store,0,0.0002,ALLOW,1
2023-12-11 12:41:29,150.47,clothing,mobile_app,0,0.0002,ALLOW,1
2023-12-11 12:58:36,665.35,jewelry,mobile_app,0,0.0011,ALLOW,1
2023-12-11 12:58:57,4393.7,grocery,atm,0,0.0003,ALLOW,1
2023-12-11 12:59:43,4240.9,grocery,online,0,0.0004,ALLOW,1
2023-12-11 13:01:54,1076.01,grocery,mobile_app,0,0.0002,ALLOW,1
2023-12-11 13:06:43,2620.12,clothing,in_store,0,0.0009,ALLOW,1
2023-12-11 13:12:57,665.51,online_gaming,in_store,0,1e-04,ALLOW,1
2023-12-11 13:14:34,183.98,restaurant,mobile_app,0,1e-04,ALLOW,1
2023-12-11 13:21:47,987.61,online_gaming,in_store,0,1e-04,ALLOW,1
2023-12-11 13:37:54,714.15,pharmacy,mobile_app,0,0.0,ALLOW,1
2023-12-11 14:01:00,2424.8,clothing,online,0,1e-04,ALLOW,1
2023-12-11 15:09:49,536.58,jewelry,mobile_app,0,0.0003,ALLOW,1
2023-12-11 15:19:36,14.9,entertainment,atm,0,0.0,ALLOW,1
2023-12-11 15:40:20,226.81,entertainment,mobile_app,0,0.0004,ALLOW,1
2023-12-11 15:51:37,283.33,restaurant,online,0,0.0003,ALLOW,1
2023-12-11 16:28:48,254.42,online_gaming,mobile_app,0,1e-04,ALLOW,1
2023-12-11 17:04:47,424.52,grocery,mobile_app,0,0.0006,ALLOW,1
2023-12-11 17:20:13,3067.49,restaurant,mobile_app,0,0.0,ALLOW,1
2023-12-11 17:30:42,2918.89,pharmacy,in_store,0,0.001,ALLOW,1
2023-12-11 17:31:51,221.05,clothing,atm,0,1e-04,ALLOW,1
2023-12-11 17:37:18,13.0,grocery,in_store,0,0.0002,ALLOW,1
2023-12-11 17:43:22,2872.11,fuel,online,0,0.0,ALLOW,1
2023-12-11 17:49:45,3450.09,jewelry,in_store,0,1e-04,ALLOW,1
2023-12-11 17:51:07,290.14,clothing,in_store,0,1e-04,ALLOW,1
2023-12-11 18:01:53,794.9,travel,mobile_app,0,1e-04,ALLOW,1
2023-12-11 18:06:23,3934.35,jewelry,atm,0,0.0012,ALLOW,1
2023-12-11 18:23:50,807.95,restaurant,online,0,0.0002,ALLOW,1
2023-12-11 18:25:43,215.1,entertainment,mobile_app,0,0.001,ALLOW,1
2023-12-11 18:37:54,611.07,jewelry,in_store,0,0.0003,ALLOW,1
2023-12-11 18:44:50,1859.63,fuel,atm,0,0.0008,ALLOW,1
2023-12-11 18:51:37,342.84,electronics,in_store,0,1e-04,ALLOW,1
2023-12-11 18:56:09,2697.41,electronics,in_store,0,1e-04,ALLOW,1
2023-12-11 20:07:13,975.94,travel,mobile_app,1,1.0,REVIEW,1
2023-12-11 20:30:20,70.45,online_gaming,in_store,0,0.0009,ALLOW,1
2023-12-11 20:38:18,50.08,entertainment,in_store,0,0.0015,ALLOW,1
2023-12-11 20:47:26,51.17,pharmacy,atm,0,1e-04,ALLOW,1
2023-12-11 20:49:50,233.1,restaurant,online,0,0.0012,ALLOW,1
2023-12-11 20:58:28,2320.5,grocery,in_store,0,0.0015,ALLOW,1
2023-12-11 21:14:14,1125.65,entertainment,in_store,0,0.0004,ALLOW,1
2023-12-11 21:24:12,2223.03,entertainment,mobile_app,0,0.0,ALLOW,1
2023-12-11 21:24:18,734.6,online_gaming,online,0,0.0002,ALLOW,1
2023-12-11 21:33:21,837.8,entertainment,online,0,1e-04,ALLOW,1
2023-12-11 21:37:44,682.57,online_gaming,atm,0,0.0002,ALLOW,1
2023-12-11 21:38:54,2543.03,clothing,online,0,0.0,ALLOW,1
2023-12-11 21:47:01,653.66,pharmacy,in_store,0,0.0,ALLOW,1
2023-12-11 21:49:48,814.18,electronics,mobile_app,0,0.0002,ALLOW,1
2023-12-11 21:55:55,1123.88,fuel,atm,0,1e-04,ALLOW,1
2023-12-11 22:02:41,1395.71,entertainment,in_store,0,1e-04,ALLOW,1
2023-12-11 22:13:30,1954.13,entertainment,in_store,0,1e-04,ALLOW,1
2023-12-11 22:21:15,3374.49,travel,atm,0,1e-04,ALLOW,1
2023-12-11 22:22:11,296.79,jewelry,in_store,0,0.0006,ALLOW,1
2023-12-11 22:22:56,432.05,jewelry,mobile_app,0,1e-04,ALLOW,1
2023-12-11 22:28:35,255.61,online_gaming,mobile_app,0,1e-04,ALLOW,1
2023-12-11 22:37:20,4123.19,grocery,in_store,0,1e-04,ALLOW,1
2023-12-11 22:39:18,4659.36,clothing,mobile_app,0,0.0116,ALLOW,1
2023-12-11 22:49:43,1271.69,travel,online,0,0.0002,ALLOW,1
2023-12-11 22:56:43,4445.33,online_gaming,mobile_app,0,0.0018,ALLOW,1
2023-12-11 22:59:34,224.3,electronics,mobile_app,0,0.0004,ALLOW,1
2023-12-11 23:06:27,1107.05,restaurant,atm,0,0.0002,ALLOW,1
2023-12-11 23:20:41,518.23,jewelry,mobile_app,0,0.0002,ALLOW,1
2023-12-11 23:26:53,208.94,online_gaming,atm,0,0.0009,ALLOW,1
2023-12-11 23:38:42,40.81,entertainment,online,0,0.0007,ALLOW,1
2023-12-12 00:17:52,1432.05,travel,online,0,0.0,ALLOW,1
2023-12-12 00:18:33,1119.53,entertainment,mobile_app,0,0.0004,ALLOW,1
2023-12-12 00:21:34,3968.0,fuel,in_store,0,0.0,ALLOW,1
2023-12-12 00:41:39,4328.52,electronics,in_store,0,1e-04,ALLOW,1
2023-12-12 00:42:03,1218.57,entertainment,in_store,0,0.0,ALLOW,1
2023-12-12 00:46:11,1190.26,grocery,atm,0,1e-04,ALLOW,1
2023-12-12 00:47:19,116.03,clothing,atm,0,1e-04,ALLOW,1
2023-12-12 00:57:04,450.48,fuel,mobile_app,0,0.0,ALLOW,1
2023-12-12 01:04:27,232.86,fuel,online,0,0.011,ALLOW,1
2023-12-12 01:07:01,90.85,entertainment,atm,0,0.0004,ALLOW,1
2023-12-12 01:07:57,1647.03,restaurant,atm,0,1e-04,ALLOW,1
2023-12-12 01:09:02,807.95,online_gaming,in_store,0,0.0,ALLOW,1
2023-12-12 01:20:14,247.5,electronics,online,0,0.0013,ALLOW,1
2023-12-12 01:26:56,284.5,pharmacy,atm,0,1e-04,ALLOW,1
2023-12-12 01:27:15,795.42,electronics,online,0,0.004,ALLOW,1
2023-12-12 01:39:00,870.3,electronics,online,0,0.0,ALLOW,1
2023-12-12 01:52:04,1582.13,fuel,mobile_app,0,1e-04,ALLOW,1
2023-12-12 02:38:20,313.34,entertainment,in_store,0,0.0009,ALLOW,1
2023-12-12 02:52:07,214.1,clothing,in_store,0,0.0002,ALLOW,1
2023-12-12 03:09:50,880.0,grocery,mobile_app,0,1e-04,ALLOW,1
2023-12-12 03:16:46,241.92,clothing,mobile_app,0,1e-04,ALLOW,1
2023-12-12 03:27:40,522.46,clothing,mobile_app,0,1e-04,ALLOW,1
2023-12-12 03:45:37,1013.9,online_gaming,in_store,0,1e-04,ALLOW,1
2023-12-12 03:52:40,148.18,grocery,online,0,0.0008,ALLOW,1
2023-12-12 04:15:52,1471.11,electronics,online,0,1e-04,ALLOW,1
2023-12-12 04:24:40,436.93,grocery,mobile_app,0,0.0006,ALLOW,1
2023-12-12 04:33:31,177.19,clothing,in_store,0,0.0005,ALLOW,1
2023-12-12 04:36:13,963.04,electronics,in_store,0,0.0017,ALLOW,1
2023-12-12 04:39:54,2468.44,electronics,in_store,1,0.9999,REVIEW,1
2023-12-12 04:58:54,1717.29,fuel,mobile_app,0,0.0011,ALLOW,1
2023-12-12 05:12:50,294.41,grocery,mobile_app,0,0.0008,ALLOW,1
2023-12-12 05:31:17,3920.07,clothing,atm,0,0.0002,ALLOW,1
2023-12-12 05:32:35,880.96,online_gaming,in_store,0,0.0003,ALLOW,1
2023-12-12 05:33:15,1120.72,pharmacy,mobile_app,0,0.0024,ALLOW,1
2023-12-12 05:38:11,1769.76,jewelry,online,0,0.0003,ALLOW,1
2023-12-12 05:40:24,3589.88,jewelry,atm,0,0.0003,ALLOW,1
2023-12-12 05:42:23,108.51,entertainment,online,0,0.0002,ALLOW,1
2023-12-12 05:47:02,1782.32,grocery,atm,0,0.0004,ALLOW,1
2023-12-12 05:52:08,1200.72,entertainment,atm,0,0.0,ALLOW,1
2023-12-12 06:08:50,779.26,fuel,in_store,0,0.0022,ALLOW,1
2023-12-12 06:26:07,35.87,jewelry,online,0,1e-04,ALLOW,1
2023-12-12 06:37:54,139.21,entertainment,atm,0,0.0003,ALLOW,1
2023-12-12 07:33:09,146.64,restaurant,in_store,0,1e-04,ALLOW,1
2023-12-12 07:33:57,739.4,fuel,online,0,1e-04,ALLOW,1
2023-12-12 07:48:08,416.07,online_gaming,in_store,0,0.0008,ALLOW,1
2023-12-12 08:02:39,863.69,electronics,in_store,0,0.0002,ALLOW,1
2023-12-12 08:39:43,1124.92,pharmacy,online,0,0.0,ALLOW,1
2023-12-12 09:00:00,2731.87,online_gaming,mobile_app,0,0.0002,ALLOW,1
2023-12-12 09:12:28,1480.13,online_gaming,in_store,0,0.0005,ALLOW,1
2023-12-12 09:15:47,2418.65,entertainment,atm,0,0.0002,ALLOW,1
2023-12-12 09:27:43,689.14,electronics,atm,0,0.0002,ALLOW,1
2023-12-12 09:30:55,2105.42,pharmacy,mobile_app,0,0.0,ALLOW,1
2023-12-12 09:45:07,1745.03,clothing,online,1,0.9999,REVIEW,1
2023-12-12 10:21:35,457.67,jewelry,mobile_app,0,0.0003,ALLOW,1
2023-12-12 10:31:34,389.94,entertainment,online,0,0.0,ALLOW,1
2023-12-12 10:47:10,24.09,entertainment,mobile_app,0,0.0004,ALLOW,1
2023-12-12 10:54:12,3613.02,clothing,mobile_app,0,1e-04,ALLOW,1
2023-12-12 11:23:45,356.49,pharmacy,online,0,0.0002,ALLOW,1
2023-12-12 11:23:49,2191.4,grocery,in_store,0,1e-04,ALLOW,1
2023-12-12 11:26:25,845.04,restaurant,mobile_app,0,1e-04,ALLOW,1
2023-12-12 11:36:51,1727.2,fuel,online,0,1e-04,ALLOW,1
2023-12-12 12:12:30,1318.11,electronics,atm,0,0.0004,ALLOW,1
2023-12-12 12:25:32,602.91,jewelry,in_store,0,0.0,ALLOW,1
2023-12-12 12:34:04,2272.2,entertainment,in_store,0,0.0,ALLOW,1
2023-12-12 12:51:30,152.66,online_gaming,online,0,0.0,ALLOW,1
2023-12-12 12:56:56,1337.71,travel,atm,0,0.0,ALLOW,1
2023-12-12 13:12:09,781.15,entertainment,atm,0,0.0011,ALLOW,1
2023-12-12 13:14:44,70.98,electronics,in_store,0,0.0021,ALLOW,1
2023-12-12 13:24:21,145.57,entertainment,mobile_app,0,0.0003,ALLOW,1
2023-12-12 13:24:52,3922.46,clothing,mobile_app,0,0.0,ALLOW,1
2023-12-12 13:27:17,2196.09,electronics,online,0,1e-04,ALLOW,1
2023-12-12 13:45:33,5700.09,online_gaming,mobile_app,0,0.0003,ALLOW,1
2023-12-12 13:47:27,259.76,clothing,atm,0,0.0002,ALLOW,1
2023-12-12 13:48:56,1092.88,online_gaming,atm,0,0.0003,ALLOW,1
2023-12-12 13:50:15,1383.86,fuel,online,0,0.0004,ALLOW,1
2023-12-12 14:02:27,2416.08,restaurant,atm,0,1e-04,ALLOW,1
2023-12-12 14:04:14,1805.93,travel,mobile_app,0,0.0016,ALLOW,1
2023-12-12 14:05:21,107.37,travel,atm,0,1e-04,ALLOW,1
2023-12-12 14:27:23,814.59,jewelry,online,0,1e-04,ALLOW,1
2023-12-12 14:37:50,1937.71,clothing,mobile_app,0,0.0002,ALLOW,1
2023-12-12 14:47:01,104.87,travel,in_store,0,0.0003,ALLOW,1
2023-12-12 15:09:19,2352.29,electronics,in_store,0,1e-04,ALLOW,1
2023-12-12 15:24:06,2290.62,grocery,online,0,1e-04,ALLOW,1
2023-12-12 15:30:50,1268.2,fuel,mobile_app,0,1e-04,ALLOW,1
2023-12-12 15:41:30,2734.88,pharmacy,atm,0,1e-04,ALLOW,1
2023-12-12 15:55:49,2816.46,electronics,online,0,0.0,ALLOW,1
2023-12-12 16:08:45,2636.15,grocery,online,0,0.0004,ALLOW,1
2023-12-12 16:14:29,1241.8,jewelry,mobile_app,0,0.0003,ALLOW,1
2023-12-12 16:25:35,528.54,pharmacy,atm,0,0.0003,ALLOW,1
2023-12-12 16:29:34,1600.83,pharmacy,mobile_app,0,0.0002,ALLOW,1
2023-12-12 16:54:58,137.06,online_gaming,online,0,0.0,ALLOW,1
2023-12-12 17:05:31,1525.18,electronics,mobile_app,0,0.0002,ALLOW,1
2023-12-12 17:13:33,687.1,jewelry,atm,0,1e-04,ALLOW,1
2023-12-12 17:25:46,3930.11,grocery,atm,0,0.0,ALLOW,1
2023-12-12 17:41:57,512.82,pharmacy,in_store,0,0.0,ALLOW,1
2023-12-12 17:42:45,986.91,restaurant,online,0,0.0002,ALLOW,1
2023-12-12 18:03:09,1795.85,fuel,online,0,0.0003,ALLOW,1
2023-12-12 18:12:37,636.38,entertainment,mobile_app,0,0.001,ALLOW,1
2023-12-12 18:16:04,381.36,entertainment,online,0,0.0003,ALLOW,1
2023-12-12 18:21:14,3919.69,travel,online,0,0.001,ALLOW,1
2023-12-12 18:25:43,2202.88,online_gaming,in_store,0,0.0,ALLOW,1
2023-12-12 18:35:41,1301.72,entertainment,mobile_app,0,1e-04,ALLOW,1
2023-12-12 19:08:30,1290.15,clothing,in_store,0,0.0003,ALLOW,1
2023-12-12 19:19:10,1450.16,entertainment,online,0,0.0002,ALLOW,1
2023-12-12 19:22:25,514.59,online_gaming,mobile_app,0,0.0002,ALLOW,1
2023-12-12 19:25:03,293.36,electronics,online,0,0.0006,ALLOW,1
2023-12-12 19:54:47,1142.88,clothing,online,0,0.0,ALLOW,1
2023-12-12 19:58:43,635.05,jewelry,mobile_app,0,1e-04,ALLOW,1
2023-12-12 20:12:47,2442.04,entertainment,in_store,0,0.0033,ALLOW,1
2023-12-12 20:17:35,1372.74,grocery,online,0,0.0,ALLOW,1
2023-12-12 20:18:56,999.79,clothing,atm,0,0.0101,ALLOW,1
2023-12-12 20:19:18,555.14,grocery,mobile_app,0,1e-04,ALLOW,1
2023-12-12 20:20:52,906.51,online_gaming,atm,0,1e-04,ALLOW,1
2023-12-12 20:21:09,27.77,entertainment,in_store,0,0.0007,ALLOW,1
2023-12-12 20:51:26,1236.03,clothing,online,0,1e-04,ALLOW,1
2023-12-12 20:55:19,72.17,entertainment,atm,0,1e-04,ALLOW,1
2023-12-12 21:10:16,257.21,electronics,online,0,0.0,ALLOW,1
2023-12-12 21:25:05,4131.17,restaurant,online,0,0.0002,ALLOW,1
2023-12-12 21:25:49,289.06,jewelry,mobile_app,0,0.0005,ALLOW,1
2023-12-12 21:34:45,91.25,restaurant,in_store,0,0.0005,ALLOW,1
2023-12-12 21:38:56,1753.42,restaurant,atm,0,0.0,ALLOW,1
2023-12-12 21:46:14,5263.67,restaurant,mobile_app,0,0.0003,ALLOW,1
2023-12-12 21:58:22,650.66,grocery,in_store,0,1e-04,ALLOW,1
2023-12-12 22:04:35,434.62,electronics,mobile_app,0,0.0002,ALLOW,1
2023-12-12 22:19:00,295.01,online_gaming,online,0,0.0142,ALLOW,1
2023-12-12 22:35:07,1163.08,jewelry,online,0,1e-04,ALLOW,1
2023-12-12 22:42:12,901.78,grocery,in_store,0,1e-04,ALLOW,1
2023-12-12 22:57:50,2826.67,grocery,mobile_app,0,0.0003,ALLOW,1
2023-12-12 23:06:01,10.0,electronics,in_store,0,1e-04,ALLOW,1
2023-12-12 23:26:50,1593.41,clothing,online,0,0.0002,ALLOW,1
2023-12-12 23:31:23,1490.56,grocery,online,0,0.0006,ALLOW,1
2023-12-12 23:45:07,1007.02,pharmacy,atm,0,1e-04,ALLOW,1
2023-12-12 23:47:45,1672.14,entertainment,online,0,1e-04,ALLOW,1
2023-12-12 23:57:18,698.94,pharmacy,online,0,1e-04,ALLOW,1
2023-12-13 00:03:59,1452.55,electronics,online,0,1e-04,ALLOW,1
2023-12-13 00:13:57,1124.38,online_gaming,mobile_app,0,0.0,ALLOW,1
2023-12-13 00:23:05,1944.99,pharmacy,mobile_app,0,1e-04,ALLOW,1
2023-12-13 00:28:36,1915.91,restaurant,mobile_app,0,0.0003,ALLOW,1
2023-12-13 00:46:06,939.99,clothing,atm,0,1e-04,ALLOW,1
2023-12-13 01:09:51,720.42,entertainment,online,0,1e-04,ALLOW,1
2023-12-13 01:20:32,41.02,fuel,atm,0,1e-04,ALLOW,1
2023-12-13 01:22:15,627.22,fuel,in_store,0,0.0003,ALLOW,1
2023-12-13 01:26:28,1380.78,online_gaming,online,0,1e-04,ALLOW,1
2023-12-13 01:32:43,1246.84,electronics,mobile_app,0,0.0003,ALLOW,1
2023-12-13 01:55:33,1586.57,pharmacy,mobile_app,0,0.0003,ALLOW,1
2023-12-13 01:55:35,1798.96,electronics,mobile_app,0,1e-04,ALLOW,1
2023-12-13 02:00:44,1282.84,fuel,mobile_app,0,1e-04,ALLOW,1
2023-12-13 02:02:10,3061.34,grocery,in_store,0,0.0,ALLOW,1
2023-12-13 02:04:14,402.12,restaurant,online,0,1e-04,ALLOW,1
2023-12-13 02:26:43,3456.4,clothing,atm,0,1e-04,ALLOW,1
2023-12-13 02:31:20,1551.07,online_gaming,atm,0,0.0,ALLOW,1
2023-12-13 02:38:37,955.53,restaurant,online,0,1e-04,ALLOW,1
2023-12-13 02:39:47,910.87,online_gaming,mobile_app,0,0.0027,ALLOW,1
2023-12-13 02:40:14,1339.91,online_gaming,online,0,1e-04,ALLOW,1
2023-12-13 02:48:15,1298.72,pharmacy,atm,0,1e-04,ALLOW,1
2023-12-13 03:07:27,1209.24,clothing,atm,0,0.0,ALLOW,1
2023-12-13 03:12:35,1021.86,jewelry,online,0,0.0015,ALLOW,1
2023-12-13 03:17:00,289.39,clothing,in_store,0,0.0005,ALLOW,1
2023-12-13 03:24:40,855.07,online_gaming,atm,0,0.0042,ALLOW,1
2023-12-13 03:42:59,1846.77,fuel,atm,0,0.0003,ALLOW,1
2023-12-13 03:46:33,638.34,restaurant,online,0,1e-04,ALLOW,1
2023-12-13 03:47:08,2064.67,electronics,online,0,0.0,ALLOW,1
2023-12-13 04:00:04,186.7,pharmacy,mobile_app,0,0.0014,ALLOW,1
2023-12-13 04:20:41,2638.44,jewelry,online,0,1e-04,ALLOW,1
2023-12-13 04:21:35,787.29,clothing,mobile_app,0,0.0006,ALLOW,1
2023-12-13 04:25:03,142.78,travel,mobile_app,0,0.0004,ALLOW,1
2023-12-13 04:32:11,3220.17,grocery,online,0,0.0,ALLOW,1
2023-12-13 04:33:04,1678.93,jewelry,mobile_app,0,0.0,ALLOW,1
2023-12-13 04:56:19,1442.59,jewelry,atm,0,0.0004,ALLOW,1
2023-12-13 05:07:50,1997.87,grocery,online,0,1e-04,ALLOW,1
2023-12-13 05:12:34,4199.92,fuel,mobile_app,0,0.0,ALLOW,1
2023-12-13 05:24:42,2143.08,entertainment,in_store,0,1e-04,ALLOW,1
2023-12-13 05:25:50,1531.35,grocery,mobile_app,0,1e-04,ALLOW,1
2023-12-13 05:40:54,624.66,online_gaming,atm,0,0.0003,ALLOW,1
2023-12-13 05:46:10,469.61,online_gaming,mobile_app,0,0.0025,ALLOW,1
2023-12-13 06:33:54,902.99,pharmacy,online,0,0.0,ALLOW,1
2023-12-13 07:02:30,247.39,clothing,in_store,0,0.0002,ALLOW,1
2023-12-13 07:39:11,3402.2,fuel,atm,0,1e-04,ALLOW,1
2023-12-13 07:39:14,109.79,travel,online,0,0.0004,ALLOW,1
2023-12-13 07:56:26,278.02,online_gaming,in_store,0,0.0,ALLOW,1
2023-12-13 08:01:42,2041.11,clothing,atm,0,0.0008,ALLOW,1
2023-12-13 08:17:40,619.93,fuel,in_store,0,0.0,ALLOW,1
2023-12-13 08:24:17,255.98,clothing,atm,0,1e-04,ALLOW,1
2023-12-13 08:35:11,690.05,grocery,atm,0,0.0004,ALLOW,1
2023-12-13 08:38:45,1917.54,clothing,online,0,0.0004,ALLOW,1
2023-12-13 08:51:02,1144.24,online_gaming,mobile_app,0,0.0004,ALLOW,1
2023-12-13 08:53:30,3769.53,online_gaming,in_store,0,1e-04,ALLOW,1
2023-12-13 09:00:53,872.21,restaurant,online,0,0.0003,ALLOW,1
2023-12-13 09:05:02,376.8,clothing,in_store,0,0.0002,ALLOW,1
2023-12-13 09:20:12,280.08,jewelry,mobile_app,0,1e-04,ALLOW,1
2023-12-13 09:22:12,2870.92,entertainment,atm,0,0.0004,ALLOW,1
2023-12-13 09:23:34,288.64,clothing,atm,0,0.0013,ALLOW,1
2023-12-13 09:47:10,2848.41,travel,online,0,1e-04,ALLOW,1
2023-12-13 09:59:48,2678.71,restaurant,mobile_app,0,0.0028,ALLOW,1
2023-12-13 10:06:24,445.88,jewelry,online,0,0.0087,ALLOW,1
2023-12-13 10:13:55,874.31,electronics,in_store,0,0.0002,ALLOW,1
2023-12-13 10:20:40,5429.21,electronics,online,0,1e-04,ALLOW,1
2023-12-13 10:24:46,3005.07,pharmacy,mobile_app,0,0.0023,ALLOW,1
2023-12-13 11:00:02,1270.72,jewelry,online,0,0.0,ALLOW,1
2023-12-13 11:01:49,2426.67,grocery,in_store,0,0.0,ALLOW,1
2023-12-13 11:06:00,878.53,electronics,in_store,0,1e-04,ALLOW,1
2023-12-13 11:21:01,432.2,pharmacy,mobile_app,0,0.0,ALLOW,1
2023-12-13 11:32:52,5893.49,jewelry,atm,0,0.0052,ALLOW,1
2023-12-13 11:38:21,2177.17,electronics,mobile_app,0,0.0,ALLOW,1
2023-12-13 11:53:17,2257.96,jewelry,in_store,0,0.0002,ALLOW,1
2023-12-13 12:04:06,109.46,online_gaming,in_store,0,0.0008,ALLOW,1
2023-12-13 12:11:12,3015.41,clothing,mobile_app,0,1e-04,ALLOW,1
2023-12-13 12:12:37,638.14,clothing,atm,0,0.0003,ALLOW,1
2023-12-13 12:16:27,458.4,jewelry,in_store,0,0.0002,ALLOW,1
2023-12-13 12:17:54,796.71,restaurant,in_store,0,1e-04,ALLOW,1
2023-12-13 12:27:50,1375.64,restaurant,online,0,0.0003,ALLOW,1
2023-12-13 12:29:17,960.55,grocery,mobile_app,0,0.0,ALLOW,1
2023-12-13 12:40:24,1267.18,grocery,mobile_app,0,0.0,ALLOW,1
2023-12-13 12:45:33,1633.28,entertainment,in_store,0,0.0019,ALLOW,1
2023-12-13 12:58:32,2299.85,jewelry,online,0,0.0002,ALLOW,1
2023-12-13 13:05:48,1236.25,grocery,mobile_app,0,0.0,ALLOW,1
2023-12-13 13:13:04,928.92,pharmacy,online,0,0.0025,ALLOW,1
2023-12-13 13:31:12,2151.16,pharmacy,atm,0,0.0,ALLOW,1
2023-12-13 13:38:36,4458.82,fuel,online,0,0.0,ALLOW,1
2023-12-13 13:50:55,822.09,clothing,online,0,0.0003,ALLOW,1
2023-12-13 13:56:45,3580.15,electronics,in_store,0,1e-04,ALLOW,1
2023-12-13 13:59:28,5615.4,electronics,mobile_app,0,0.1321,ALLOW,1
2023-12-13 14:00:22,6315.55,entertainment,atm,0,0.0016,ALLOW,1
2023-12-13 14:07:02,592.65,clothing,in_store,0,1e-04,ALLOW,1
2023-12-13 14:07:40,343.34,pharmacy,online,0,0.0003,ALLOW,1
2023-12-13 14:16:17,4112.12,travel,mobile_app,0,0.0023,ALLOW,1
2023-12-13 14:16:58,360.17,jewelry,mobile_app,0,0.0003,ALLOW,1
2023-12-13 14:41:15,949.07,pharmacy,in_store,0,1e-04,ALLOW,1
2023-12-13 14:45:44,1113.96,pharmacy,online,0,1e-04,ALLOW,1
2023-12-13 14:47:43,325.9,travel,mobile_app,0,1e-04,ALLOW,1
2023-12-13 14:49:04,2843.65,grocery,in_store,0,0.0,ALLOW,1
2023-12-13 14:54:35,2432.85,online_gaming,atm,0,0.0023,ALLOW,1
2023-12-13 15:14:55,606.04,online_gaming,mobile_app,0,0.0003,ALLOW,1
2023-12-13 15:15:03,101.54,restaurant,mobile_app,0,0.0002,ALLOW,1
2023-12-13 15:24:42,627.44,restaurant,in_store,0,0.0,ALLOW,1
2023-12-13 15:39:36,773.67,online_gaming,online,0,0.0029,ALLOW,1
2023-12-13 15:46:42,614.72,online_gaming,in_store,0,1e-04,ALLOW,1
2023-12-13 15:54:05,2488.81,electronics,in_store,0,0.0,ALLOW,1
2023-12-13 15:55:35,1031.53,pharmacy,in_store,0,1e-04,ALLOW,1
2023-12-13 15:59:14,954.19,fuel,mobile_app,0,1e-04,ALLOW,1
2023-12-13 16:18:41,634.65,entertainment,atm,0,0.0003,ALLOW,1
2023-12-13 16:19:03,977.21,travel,mobile_app,0,0.001,ALLOW,1
2023-12-13 16:34:22,360.65,fuel,atm,0,1e-04,ALLOW,1
2023-12-13 16:34:50,691.51,entertainment,atm,0,1e-04,ALLOW,1
2023-12-13 16:37:23,3439.92,fuel,online,0,0.001,ALLOW,1
2023-12-13 16:48:58,1588.15,travel,online,0,0.0,ALLOW,1
2023-12-13 16:51:09,2364.27,travel,in_store,0,0.0004,ALLOW,1
2023-12-13 16:51:16,5544.46,online_gaming,online,0,0.0255,ALLOW,1
2023-12-13 16:56:40,933.98,entertainment,mobile_app,0,0.0063,ALLOW,1
2023-12-13 17:01:19,2425.78,jewelry,online,0,1e-04,ALLOW,1
2023-12-13 17:16:25,2012.22,jewelry,mobile_app,0,0.0003,ALLOW,1
2023-12-13 17:19:25,774.91,clothing,atm,0,0.0002,ALLOW,1
2023-12-13 17:32:10,1438.34,jewelry,mobile_app,0,1e-04,ALLOW,1
2023-12-13 17:34:40,5110.19,restaurant,in_store,0,1e-04,ALLOW,1
2023-12-13 17:55:50,1820.41,clothing,online,0,0.0003,ALLOW,1
2023-12-13 18:05:05,647.03,fuel,in_store,0,0.0,ALLOW,1
2023-12-13 18:07:40,164.43,clothing,online,0,0.002,ALLOW,1
2023-12-13 18:18:13,6035.02,electronics,mobile_app,0,0.0005,ALLOW,1
2023-12-13 18:20:23,2534.41,restaurant,online,0,0.0,ALLOW,1
2023-12-13 18:56:40,1918.43,jewelry,online,0,0.0,ALLOW,1
2023-12-13 19:02:24,1886.34,restaurant,in_store,0,0.0002,ALLOW,1
2023-12-13 19:06:07,306.31,pharmacy,in_store,0,1e-04,ALLOW,1
2023-12-13 19:11:43,2391.41,grocery,in_store,0,0.0,ALLOW,1
2023-12-13 19:15:04,379.38,electronics,mobile_app,0,0.0007,ALLOW,1
2023-12-13 19:19:31,738.87,entertainment,online,0,0.0,ALLOW,1
2023-12-13 19:34:56,1023.61,restaurant,atm,0,1e-04,ALLOW,1
2023-12-13 19:46:38,3917.01,clothing,mobile_app,0,0.0585,ALLOW,1
2023-12-13 19:51:28,2232.61,online_gaming,in_store,0,0.0002,ALLOW,1
2023-12-13 19:57:10,187.18,travel,in_store,0,0.0004,ALLOW,1
2023-12-13 20:18:22,2221.36,entertainment,in_store,0,1e-04,ALLOW,1
2023-12-13 20:19:45,564.64,pharmacy,in_store,0,0.0,ALLOW,1
2023-12-13 20:26:28,1996.63,electronics,online,0,0.0004,ALLOW,1
2023-12-13 20:28:43,916.69,jewelry,in_store,0,0.002,ALLOW,1
2023-12-13 20:35:08,1205.13,grocery,online,0,0.0,ALLOW,1
2023-12-13 20:39:54,6382.95,restaurant,mobile_app,0,1e-04,ALLOW,1
2023-12-13 20:46:31,4285.11,clothing,online,0,0.0007,ALLOW,1
2023-12-13 20:49:40,1116.53,fuel,online,0,0.0,ALLOW,1
2023-12-13 20:50:28,697.77,electronics,mobile_app,0,0.0002,ALLOW,1
2023-12-13 20:56:21,468.98,electronics,atm,0,0.0002,ALLOW,1
2023-12-13 21:05:15,1822.16,entertainment,in_store,0,0.0002,ALLOW,1
2023-12-13 21:11:45,6513.19,pharmacy,atm,0,1e-04,ALLOW,1
2023-12-13 21:41:20,3832.61,grocery,in_store,0,0.0,ALLOW,1
2023-12-13 21:50:17,669.75,grocery,atm,0,0.0004,ALLOW,1
2023-12-13 21:53:30,1412.25,travel,mobile_app,0,0.0007,ALLOW,1
2023-12-13 22:26:33,1023.51,pharmacy,in_store,0,0.0002,ALLOW,1
2023-12-13 22:39:27,885.13,online_gaming,mobile_app,0,0.0003,ALLOW,1
2023-12-13 22:43:54,1160.76,grocery,in_store,0,0.0005,ALLOW,1
2023-12-13 22:58:12,1353.54,restaurant,online,0,0.0004,ALLOW,1
2023-12-13 22:59:40,1218.27,clothing,in_store,0,1e-04,ALLOW,1
2023-12-13 23:02:26,3862.57,electronics,mobile_app,0,1e-04,ALLOW,1
2023-12-13 23:04:30,2366.95,fuel,mobile_app,0,0.0012,ALLOW,1
2023-12-13 23:05:17,437.86,online_gaming,in_store,0,1e-04,ALLOW,1
2023-12-13 23:17:55,4184.8,restaurant,online,0,0.0007,ALLOW,1
2023-12-13 23:27:26,2077.6,travel,mobile_app,0,0.0075,ALLOW,1
2023-12-13 23:28:51,1828.25,clothing,mobile_app,0,0.0005,ALLOW,1
2023-12-13 23:48:59,464.79,grocery,atm,0,0.0006,ALLOW,1
2023-12-13 23:49:55,299.33,clothing,online,0,1e-04,ALLOW,1
2023-12-14 00:07:14,1195.59,electronics,online,0,1e-04,ALLOW,1
2023-12-14 00:10:19,1517.15,restaurant,online,0,0.0006,ALLOW,1
2023-12-14 01:10:07,3647.29,electronics,online,0,0.0,ALLOW,1
2023-12-14 01:12:00,1437.72,grocery,mobile_app,0,0.0,ALLOW,1
2023-12-14 01:15:08,2088.17,clothing,atm,0,1e-04,ALLOW,1
2023-12-14 01:27:22,559.27,travel,atm,0,1e-04,ALLOW,1
2023-12-14 01:50:08,568.31,grocery,atm,0,0.0,ALLOW,1
2023-12-14 02:14:34,2379.68,fuel,mobile_app,0,0.0,ALLOW,1
2023-12-14 02:21:23,3795.93,travel,in_store,0,0.0004,ALLOW,1
2023-12-14 02:22:43,836.77,grocery,mobile_app,0,1e-04,ALLOW,1
2023-12-14 02:28:46,1520.85,travel,mobile_app,0,0.0002,ALLOW,1
2023-12-14 02:38:02,617.72,electronics,mobile_app,0,0.0,ALLOW,1
2023-12-14 02:46:15,23.43,electronics,online,0,0.0,ALLOW,1
2023-12-14 02:58:29,380.54,jewelry,in_store,0,1e-04,ALLOW,1
2023-12-14 03:23:59,7848.85,online_gaming,mobile_app,0,0.5765,REVIEW,0
2023-12-14 04:04:10,1050.48,pharmacy,atm,0,1e-04,ALLOW,1
2023-12-14 04:14:19,2827.81,pharmacy,in_store,0,0.0006,ALLOW,1
2023-12-14 04:47:12,81.24,restaurant,in_store,0,0.0002,ALLOW,1
2023-12-14 04:59:12,551.33,fuel,in_store,0,0.014,ALLOW,1
2023-12-14 05:07:41,114.77,jewelry,in_store,0,0.0026,ALLOW,1
2023-12-14 05:12:22,1899.8,electronics,in_store,0,0.0,ALLOW,1
2023-12-14 05:13:15,2234.66,restaurant,mobile_app,0,0.0014,ALLOW,1
2023-12-14 05:22:09,334.54,grocery,online,0,0.0003,ALLOW,1
2023-12-14 05:54:07,7461.56,fuel,online,0,1e-04,ALLOW,1
2023-12-14 06:01:39,83.07,electronics,online,0,0.0,ALLOW,1
2023-12-14 06:08:59,77.78,clothing,online,0,0.0003,ALLOW,1
2023-12-14 06:28:08,486.4,clothing,in_store,0,0.0,ALLOW,1
2023-12-14 06:32:15,1225.85,jewelry,atm,0,1e-04,ALLOW,1
2023-12-14 06:44:18,504.99,travel,online,0,1e-04,ALLOW,1
2023-12-14 07:32:16,1398.41,entertainment,online,0,1e-04,ALLOW,1
2023-12-14 07:56:55,1700.39,jewelry,mobile_app,0,0.0032,ALLOW,1
2023-12-14 08:07:41,2641.61,fuel,atm,0,0.0,ALLOW,1
2023-12-14 08:16:56,68.49,grocery,mobile_app,0,0.0003,ALLOW,1
2023-12-14 08:22:18,2675.72,travel,atm,0,0.0012,ALLOW,1
2023-12-14 08:34:14,5099.9,restaurant,atm,0,0.0008,ALLOW,1
2023-12-14 08:40:25,1389.36,clothing,in_store,0,0.0002,ALLOW,1
2023-12-14 08:41:08,4523.92,travel,mobile_app,1,1.0,REVIEW,1
2023-12-14 08:52:45,1697.57,online_gaming,online,0,0.0005,ALLOW,1
2023-12-14 08:58:32,1369.89,travel,mobile_app,0,1e-04,ALLOW,1
2023-12-14 09:11:31,365.77,travel,online,0,0.0027,ALLOW,1
2023-12-14 09:13:58,349.19,pharmacy,atm,0,1e-04,ALLOW,1
2023-12-14 09:16:10,893.58,entertainment,in_store,0,1e-04,ALLOW,1
2023-12-14 09:31:46,716.02,entertainment,atm,0,1e-04,ALLOW,1
2023-12-14 09:34:21,2273.21,electronics,in_store,0,0.0005,ALLOW,1
2023-12-14 09:56:16,1512.07,clothing,atm,0,0.0002,ALLOW,1
2023-12-14 10:29:44,193.17,fuel,mobile_app,0,0.0002,ALLOW,1
2023-12-14 10:32:52,538.44,restaurant,in_store,0,0.0004,ALLOW,1
2023-12-14 10:34:57,4125.09,online_gaming,in_store,0,0.0007,ALLOW,1
2023-12-14 10:43:07,537.86,grocery,online,0,0.0002,ALLOW,1
2023-12-14 11:14:35,2338.02,clothing,atm,0,0.0211,ALLOW,1
2023-12-14 11:19:38,1836.18,entertainment,online,0,0.0,ALLOW,1
2023-12-14 11:26:59,487.99,clothing,mobile_app,0,1e-04,ALLOW,1
2023-12-14 11:53:20,250.9,electronics,mobile_app,0,0.0021,ALLOW,1
2023-12-14 12:03:34,1102.83,travel,atm,0,1e-04,ALLOW,1
2023-12-14 12:14:55,1493.31,clothing,atm,0,1e-04,ALLOW,1
2023-12-14 12:19:41,1754.17,clothing,in_store,0,0.0002,ALLOW,1
2023-12-14 12:19:53,5151.14,clothing,in_store,0,1e-04,ALLOW,1
2023-12-14 12:26:27,5731.5,jewelry,atm,0,0.0042,ALLOW,1
2023-12-14 12:36:10,1258.78,fuel,mobile_app,0,0.0003,ALLOW,1
2023-12-14 12:45:03,1861.67,online_gaming,in_store,0,0.0,ALLOW,1
2023-12-14 12:47:34,204.44,online_gaming,mobile_app,0,0.0002,ALLOW,1
2023-12-14 13:17:06,482.69,electronics,online,0,0.0005,ALLOW,1
2023-12-14 13:22:28,103.05,clothing,in_store,0,1e-04,ALLOW,1
2023-12-14 13:41:40,949.15,travel,in_store,0,1e-04,ALLOW,1
2023-12-14 14:03:56,9557.45,restaurant,atm,1,1.0,REVIEW,1
2023-12-14 14:09:15,97.89,grocery,online,0,0.0002,ALLOW,1
2023-12-14 14:09:25,1392.33,pharmacy,mobile_app,0,0.0,ALLOW,1
2023-12-14 14:25:41,3448.52,travel,in_store,0,0.0513,ALLOW,1
2023-12-14 14:31:49,548.49,clothing,mobile_app,0,0.0008,ALLOW,1
2023-12-14 14:50:20,2427.83,online_gaming,in_store,0,0.0,ALLOW,1
2023-12-14 14:56:06,1183.58,electronics,atm,0,0.0,ALLOW,1
2023-12-14 15:07:47,11358.71,grocery,mobile_app,0,0.4799,REVIEW,0
2023-12-14 15:13:07,5677.79,online_gaming,in_store,0,0.0002,ALLOW,1
2023-12-14 15:16:00,3298.38,online_gaming,mobile_app,0,0.0004,ALLOW,1
2023-12-14 15:28:11,274.24,grocery,mobile_app,0,0.0014,ALLOW,1
2023-12-14 15:29:00,491.27,entertainment,atm,0,0.0,ALLOW,1
2023-12-14 15:48:54,1144.89,pharmacy,in_store,0,1e-04,ALLOW,1
2023-12-14 15:54:00,790.2,electronics,mobile_app,0,0.0,ALLOW,1
2023-12-14 15:57:37,810.15,travel,online,0,0.0002,ALLOW,1
2023-12-14 16:03:28,2344.6,online_gaming,online,0,0.0002,ALLOW,1
2023-12-14 16:14:43,1229.37,fuel,mobile_app,0,0.0,ALLOW,1
2023-12-14 16:22:27,2599.36,entertainment,online,0,0.0,ALLOW,1
2023-12-14 16:28:18,797.59,pharmacy,in_store,0,0.0013,ALLOW,1
2023-12-14 16:46:36,387.35,grocery,in_store,0,0.0018,ALLOW,1
2023-12-14 16:47:59,2089.86,entertainment,online,0,1e-04,ALLOW,1
2023-12-14 16:51:18,919.27,jewelry,online,0,0.0003,ALLOW,1
2023-12-14 16:56:46,1036.67,entertainment,mobile_app,0,1e-04,ALLOW,1
2023-12-14 17:36:07,797.55,grocery,mobile_app,0,0.0002,ALLOW,1
2023-12-14 17:36:39,125.72,fuel,online,0,1e-04,ALLOW,1
2023-12-14 17:45:15,4993.6,electronics,online,0,1e-04,ALLOW,1
2023-12-14 17:53:15,1089.63,grocery,in_store,0,1e-04,ALLOW,1
2023-12-14 18:21:38,3070.45,jewelry,atm,0,0.0002,ALLOW,1
2023-12-14 18:23:12,1071.38,jewelry,online,0,0.0004,ALLOW,1
2023-12-14 18:38:25,401.52,jewelry,online,0,0.0003,ALLOW,1
2023-12-14 18:47:34,3325.09,fuel,in_store,0,0.0,ALLOW,1
2023-12-14 18:48:31,948.92,electronics,atm,0,0.0,ALLOW,1
2023-12-14 18:54:35,234.88,jewelry,online,0,1e-04,ALLOW,1
2023-12-14 18:56:57,357.81,fuel,atm,0,0.0002,ALLOW,1
2023-12-14 19:03:45,3666.2,restaurant,atm,0,0.001,ALLOW,1
2023-12-14 19:38:54,7227.69,entertainment,online,0,1e-04,ALLOW,1
2023-12-14 20:01:40,379.61,pharmacy,atm,0,0.0004,ALLOW,1
2023-12-14 20:02:55,727.33,grocery,in_store,0,1e-04,ALLOW,1
2023-12-14 20:08:01,30.96,pharmacy,atm,0,0.0003,ALLOW,1
2023-12-14 20:13:03,48.96,electronics,online,0,0.0003,ALLOW,1
2023-12-14 20:27:12,2267.72,fuel,mobile_app,0,0.0,ALLOW,1
2023-12-14 20:34:04,689.13,clothing,atm,0,0.0004,ALLOW,1
2023-12-14 20:34:35,5048.1,restaurant,atm,0,0.001,ALLOW,1
2023-12-14 20:36:53,1788.95,pharmacy,in_store,0,0.0002,ALLOW,1
2023-12-14 20:38:36,2115.25,online_gaming,atm,0,1e-04,ALLOW,1
2023-12-14 20:45:30,4200.52,grocery,atm,0,0.003,ALLOW,1
2023-12-14 20:53:33,545.72,pharmacy,online,0,0.0,ALLOW,1
2023-12-14 20:55:13,10.0,entertainment,online,0,0.0005,ALLOW,1
2023-12-14 21:09:59,2488.89,restaurant,atm,0,0.0004,ALLOW,1
2023-12-14 21:45:32,549.14,fuel,in_store,0,0.0086,ALLOW,1
2023-12-14 21:50:40,1238.66,fuel,in_store,0,0.0035,ALLOW,1
2023-12-14 21:59:28,130.88,electronics,in_store,0,0.0005,ALLOW,1
2023-12-14 22:03:10,1229.2,pharmacy,online,0,1e-04,ALLOW,1
2023-12-14 22:07:31,1033.02,fuel,in_store,0,0.0004,ALLOW,1
2023-12-14 22:18:19,1038.61,online_gaming,mobile_app,0,1e-04,ALLOW,1
2023-12-14 22:25:44,18.14,electronics,in_store,0,0.0,ALLOW,1
2023-12-14 22:42:49,735.67,fuel,mobile_app,0,1e-04,ALLOW,1
2023-12-14 22:43:36,547.72,grocery,in_store,0,0.0,ALLOW,1
2023-12-14 22:57:50,289.21,pharmacy,online,0,0.0,ALLOW,1
2023-12-14 22:59:47,736.89,entertainment,online,0,1e-04,ALLOW,1
2023-12-14 23:02:54,873.04,restaurant,online,0,0.0009,ALLOW,1
2023-12-14 23:09:48,1476.41,entertainment,online,0,0.0002,ALLOW,1
2023-12-14 23:09:58,140.99,fuel,in_store,0,1e-04,ALLOW,1
2023-12-14 23:10:55,691.69,travel,online,0,0.0004,ALLOW,1
2023-12-14 23:28:38,2099.76,fuel,mobile_app,0,0.0,ALLOW,1
2023-12-14 23:32:14,1148.17,pharmacy,online,0,0.0,ALLOW,1
2023-12-15 00:02:13,113.04,grocery,online,0,0.0007,ALLOW,1
2023-12-15 00:17:44,13.95,restaurant,mobile_app,0,0.0004,ALLOW,1
2023-12-15 00:21:38,305.85,electronics,mobile_app,0,0.0004,ALLOW,1
2023-12-15 00:22:52,1984.69,online_gaming,in_store,0,1e-04,ALLOW,1
2023-12-15 00:25:36,1529.76,grocery,online,0,0.0,ALLOW,1
2023-12-15 00:37:54,658.38,pharmacy,atm,0,0.0004,ALLOW,1
2023-12-15 00:39:32,1189.43,entertainment,online,0,0.0,ALLOW,1
2023-12-15 00:45:15,1726.95,restaurant,in_store,0,1e-04,ALLOW,1
2023-12-15 00:55:43,7830.05,online_gaming,atm,0,0.001,ALLOW,1
2023-12-15 00:58:39,20.78,pharmacy,atm,0,0.0004,ALLOW,1
2023-12-15 01:05:36,1616.06,travel,in_store,0,0.0003,ALLOW,1
2023-12-15 01:14:12,2482.43,travel,mobile_app,0,1e-04,ALLOW,1
2023-12-15 01:30:54,2580.76,fuel,mobile_app,0,0.0002,ALLOW,1
2023-12-15 01:39:26,51.87,pharmacy,in_store,0,0.0004,ALLOW,1
2023-12-15 01:47:42,971.42,entertainment,online,0,0.0,ALLOW,1
2023-12-15 01:49:33,1928.85,entertainment,mobile_app,0,0.001,ALLOW,1
2023-12-15 01:50:27,1793.75,electronics,in_store,0,0.0002,ALLOW,1
2023-12-15 02:02:47,547.36,online_gaming,atm,0,1e-04,ALLOW,1
2023-12-15 02:23:00,67.47,pharmacy,atm,0,0.0002,ALLOW,1
2023-12-15 02:27:55,1201.81,fuel,in_store,0,0.0003,ALLOW,1
2023-12-15 02:40:12,228.51,travel,atm,0,0.0006,ALLOW,1
2023-12-15 03:00:57,432.38,fuel,atm,0,0.0004,ALLOW,1
2023-12-15 03:02:27,2801.95,fuel,mobile_app,0,0.0,ALLOW,1
2023-12-15 03:21:56,4015.84,fuel,mobile_app,0,0.0007,ALLOW,1
2023-12-15 03:31:23,1488.8,clothing,online,0,0.0003,ALLOW,1
2023-12-15 03:39:56,733.19,travel,online,0,0.0003,ALLOW,1
2023-12-15 03:43:10,2124.61,entertainment,mobile_app,0,0.0,ALLOW,1
2023-12-15 03:46:53,1191.28,entertainment,mobile_app,0,0.0,ALLOW,1
2023-12-15 03:51:19,771.67,fuel,online,0,1e-04,ALLOW,1
2023-12-15 03:54:26,9580.16,travel,in_store,0,1e-04,ALLOW,1
2023-12-15 04:02:58,330.59,travel,online,0,0.0004,ALLOW,1
2023-12-15 04:12:14,3476.63,travel,online,0,0.0395,ALLOW,1
2023-12-15 04:14:11,1647.67,pharmacy,mobile_app,0,1e-04,ALLOW,1
2023-12-15 04:22:37,1567.58,online_gaming,online,0,1e-04,ALLOW,1
2023-12-15 04:39:31,89.56,clothing,atm,0,1e-04,ALLOW,1
2023-12-15 04:44:23,937.64,electronics,in_store,0,0.0,ALLOW,1
2023-12-15 04:49:04,187.48,clothing,online,0,0.001,ALLOW,1
2023-12-15 04:50:34,10.0,jewelry,atm,0,0.0002,ALLOW,1
2023-12-15 04:56:06,10.0,restaurant,in_store,0,1e-04,ALLOW,1
2023-12-15 05:31:49,2535.69,jewelry,mobile_app,0,0.0004,ALLOW,1
2023-12-15 06:07:47,6413.94,clothing,mobile_app,0,0.0006,ALLOW,1
2023-12-15 06:11:05,1352.76,fuel,atm,0,1e-04,ALLOW,1
2023-12-15 06:18:00,3080.54,restaurant,in_store,0,0.0002,ALLOW,1
2023-12-15 06:21:13,2126.64,electronics,in_store,0,1e-04,ALLOW,1
2023-12-15 06:40:51,3029.83,online_gaming,in_store,0,0.0004,ALLOW,1
2023-12-15 06:54:19,6739.2,entertainment,atm,0,1e-04,ALLOW,1
2023-12-15 06:54:37,535.65,pharmacy,atm,0,0.0011,ALLOW,1
2023-12-15 06:56:58,2042.5,clothing,online,0,0.0003,ALLOW,1
2023-12-15 07:02:10,742.55,electronics,atm,0,0.0009,ALLOW,1
2023-12-15 07:35:08,1385.94,pharmacy,in_store,0,0.0002,ALLOW,1
2023-12-15 07:45:15,1277.0,grocery,in_store,0,1e-04,ALLOW,1
2023-12-15 07:56:28,971.75,entertainment,in_store,0,0.0,ALLOW,1
2023-12-15 07:58:19,2512.6,fuel,mobile_app,0,0.0002,ALLOW,1
2023-12-15 08:00:26,900.78,grocery,atm,0,0.0,ALLOW,1
2023-12-15 08:00:46,2560.53,fuel,mobile_app,0,1e-04,ALLOW,1
2023-12-15 08:01:12,1621.76,pharmacy,online,0,0.0,ALLOW,1
2023-12-15 08:07:19,281.13,entertainment,online,0,0.0002,ALLOW,1
2023-12-15 08:19:28,528.42,electronics,mobile_app,0,1e-04,ALLOW,1
2023-12-15 08:22:54,658.7,restaurant,atm,0,1e-04,ALLOW,1
2023-12-15 08:35:03,4191.65,pharmacy,in_store,0,1e-04,ALLOW,1
2023-12-15 08:35:40,1801.37,electronics,online,0,0.0004,ALLOW,1
2023-12-15 08:36:57,25.82,restaurant,atm,0,0.0002,ALLOW,1
2023-12-15 08:38:11,47.43,clothing,online,0,0.0002,ALLOW,1
2023-12-15 08:39:07,27.85,clothing,atm,0,1e-04,ALLOW,1
2023-12-15 08:54:35,981.97,entertainment,mobile_app,0,1e-04,ALLOW,1
2023-12-15 08:59:21,650.93,pharmacy,online,0,0.0002,ALLOW,1
2023-12-15 09:01:54,2721.43,online_gaming,mobile_app,0,1e-04,ALLOW,1
2023-12-15 09:02:54,1645.93,fuel,online,0,0.0036,ALLOW,1
2023-12-15 09:03:49,506.34,restaurant,in_store,0,0.0005,ALLOW,1
2023-12-15 09:05:05,5395.24,grocery,mobile_app,0,0.0003,ALLOW,1
2023-12-15 09:12:04,5134.66,travel,atm,0,0.0009,ALLOW,1
2023-12-15 09:22:33,2880.91,restaurant,in_store,0,0.0,ALLOW,1
2023-12-15 09:35:20,298.02,restaurant,online,0,1e-04,ALLOW,1
2023-12-15 09:39:53,867.01,online_gaming,atm,0,0.0002,ALLOW,1
2023-12-15 09:43:03,787.8,electronics,in_store,0,1e-04,ALLOW,1
2023-12-15 09:43:18,524.79,jewelry,in_store,0,1e-04,ALLOW,1
2023-12-15 09:47:09,3071.17,restaurant,atm,0,0.0003,ALLOW,1
2023-12-15 10:12:22,513.06,electronics,online,0,0.0002,ALLOW,1
2023-12-15 10:16:16,356.42,entertainment,mobile_app,0,0.0,ALLOW,1
2023-12-15 10:24:55,2161.3,restaurant,online,0,0.0014,ALLOW,1
2023-12-15 10:28:07,1070.53,travel,in_store,0,0.0004,ALLOW,1
2023-12-15 10:29:53,122.61,fuel,in_store,0,0.0006,ALLOW,1
2023-12-15 10:33:42,526.99,electronics,online,0,0.0007,ALLOW,1
2023-12-15 10:37:16,2362.23,travel,online,0,0.0002,ALLOW,1
2023-12-15 10:40:20,461.31,travel,mobile_app,0,0.0009,ALLOW,1
2023-12-15 10:43:17,482.95,entertainment,mobile_app,0,0.0004,ALLOW,1
2023-12-15 10:46:34,3071.79,electronics,online,0,0.0,ALLOW,1
2023-12-15 10:50:41,370.35,restaurant,in_store,0,1e-04,ALLOW,1
2023-12-15 11:01:53,1022.97,fuel,online,0,0.0006,ALLOW,1
2023-12-15 11:02:18,2900.75,electronics,online,0,1e-04,ALLOW,1
2023-12-15 11:02:32,883.51,fuel,atm,0,0.0002,ALLOW,1
2023-12-15 11:29:50,1572.92,jewelry,in_store,0,0.0005,ALLOW,1
2023-12-15 11:37:16,378.73,pharmacy,online,0,0.0008,ALLOW,1
2023-12-15 11:48:51,1528.53,clothing,online,0,0.0014,ALLOW,1
2023-12-15 11:56:38,3546.14,fuel,in_store,0,0.0,ALLOW,1
2023-12-15 12:00:19,432.26,entertainment,in_store,0,0.001,ALLOW,1
2023-12-15 12:32:32,3046.11,pharmacy,mobile_app,0,0.0012,ALLOW,1
2023-12-15 12:44:02,3002.89,electronics,mobile_app,0,0.0,ALLOW,1
2023-12-15 12:50:54,1765.99,restaurant,mobile_app,0,1e-04,ALLOW,1
2023-12-15 13:03:48,865.32,jewelry,atm,0,0.0002,ALLOW,1
2023-12-15 13:23:26,359.62,clothing,in_store,0,0.0002,ALLOW,1
2023-12-15 13:25:15,897.99,clothing,in_store,0,0.0,ALLOW,1
2023-12-15 13:35:58,1148.73,online_gaming,in_store,0,0.0007,ALLOW,1
2023-12-15 13:41:45,253.1,electronics,atm,0,0.0004,ALLOW,1
2023-12-15 13:43:51,515.89,restaurant,in_store,0,0.0003,ALLOW,1
2023-12-15 13:58:46,2714.81,pharmacy,atm,0,1e-04,ALLOW,1
2023-12-15 14:06:10,479.08,entertainment,atm,0,0.0005,ALLOW,1
2023-12-15 14:23:59,3939.64,grocery,atm,0,0.0,ALLOW,1
2023-12-15 14:28:20,970.16,electronics,online,0,0.0,ALLOW,1
2023-12-15 14:30:15,854.1,jewelry,online,0,0.0,ALLOW,1
2023-12-15 14:31:19,901.49,pharmacy,mobile_app,0,1e-04,ALLOW,1
2023-12-15 14:49:28,867.46,online_gaming,in_store,0,1e-04,ALLOW,1
2023-12-15 14:55:20,388.08,grocery,mobile_app,0,0.0004,ALLOW,1
2023-12-15 14:57:37,3765.02,restaurant,online,0,0.0045,ALLOW,1
2023-12-15 14:59:11,2852.9,travel,mobile_app,0,0.0003,ALLOW,1
2023-12-15 15:01:22,270.05,online_gaming,atm,0,0.0006,ALLOW,1
2023-12-15 15:08:51,399.18,restaurant,online,0,0.0329,ALLOW,1
2023-12-15 15:14:36,582.97,pharmacy,in_store,0,0.0003,ALLOW,1
2023-12-15 15:27:06,4442.27,entertainment,in_store,0,0.0,ALLOW,1
2023-12-15 15:54:24,197.65,clothing,atm,0,0.0005,ALLOW,1
2023-12-15 16:05:21,333.28,restaurant,atm,0,0.0013,ALLOW,1
2023-12-15 16:38:33,1499.23,travel,in_store,0,1e-04,ALLOW,1
2023-12-15 16:38:37,1580.22,clothing,mobile_app,0,0.002,ALLOW,1
2023-12-15 16:49:25,344.02,restaurant,atm,0,0.002,ALLOW,1
2023-12-15 17:03:37,10527.2,travel,in_store,0,0.0002,ALLOW,1
2023-12-15 17:18:05,3194.0,jewelry,in_store,0,1e-04,ALLOW,1
2023-12-15 17:26:19,33.24,electronics,atm,0,1e-04,ALLOW,1
2023-12-15 17:28:10,4218.32,online_gaming,atm,1,1.0,REVIEW,1
2023-12-15 17:33:24,54.65,electronics,atm,0,0.0003,ALLOW,1
2023-12-15 17:41:05,1276.38,grocery,in_store,0,0.0003,ALLOW,1
2023-12-15 17:48:49,2286.6,online_gaming,mobile_app,0,1e-04,ALLOW,1
2023-12-15 17:49:28,803.18,electronics,atm,0,0.0108,ALLOW,1
2023-12-15 17:53:11,3095.32,online_gaming,atm,0,0.0008,ALLOW,1
2023-12-15 17:53:11,2340.63,pharmacy,online,0,1e-04,ALLOW,1
2023-12-15 18:20:56,218.39,restaurant,online,0,1e-04,ALLOW,1
2023-12-15 18:32:18,2988.55,online_gaming,mobile_app,0,0.0019,ALLOW,1
2023-12-15 18:58:55,189.3,entertainment,online,0,0.0003,ALLOW,1
2023-12-15 19:03:46,236.5,restaurant,in_store,0,0.0002,ALLOW,1
2023-12-15 19:14:53,373.82,pharmacy,mobile_app,0,0.0004,ALLOW,1
2023-12-15 19:27:55,1268.13,grocery,online,0,0.0003,ALLOW,1
2023-12-15 19:42:41,974.69,entertainment,mobile_app,0,1e-04,ALLOW,1
2023-12-15 19:43:40,4258.4,online_gaming,in_store,0,1e-04,ALLOW,1
2023-12-15 19:50:11,23.22,electronics,mobile_app,0,0.0,ALLOW,1
2023-12-15 19:52:06,2811.44,travel,online,0,0.0,ALLOW,1
2023-12-15 20:06:04,713.48,pharmacy,mobile_app,0,0.0,ALLOW,1
2023-12-15 20:06:34,2216.76,grocery,in_store,0,0.0,ALLOW,1
2023-12-15 20:21:09,1455.81,grocery,mobile_app,0,0.0,ALLOW,1
2023-12-15 20:26:10,81.71,entertainment,online,0,0.0002,ALLOW,1
2023-12-15 20:32:38,1483.54,restaurant,mobile_app,0,0.0002,ALLOW,1
2023-12-15 21:05:27,1530.08,grocery,atm,0,0.0,ALLOW,1
2023-12-15 21:12:10,301.01,pharmacy,in_store,0,0.0003,ALLOW,1
2023-12-15 21:12:40,4909.74,online_gaming,in_store,0,0.0,ALLOW,1
2023-12-15 21:18:33,3471.25,pharmacy,online,0,0.0,ALLOW,1
2023-12-15 21:32:49,843.51,travel,atm,0,0.0013,ALLOW,1
2023-12-15 21:45:26,736.11,travel,atm,0,1e-04,ALLOW,1
2023-12-15 21:58:36,654.02,grocery,in_store,0,1e-04,ALLOW,1
2023-12-15 22:15:14,187.04,jewelry,online,0,0.0042,ALLOW,1
2023-12-15 22:23:17,2212.63,online_gaming,atm,0,0.0,ALLOW,1
2023-12-15 22:36:53,1343.25,electronics,online,0,0.0,ALLOW,1
2023-12-15 22:44:01,1174.67,grocery,online,0,1e-04,ALLOW,1
2023-12-15 22:51:28,2831.68,clothing,in_store,0,1e-04,ALLOW,1
2023-12-15 23:28:56,367.64,grocery,mobile_app,0,0.0006,ALLOW,1
2023-12-16 00:32:32,489.84,jewelry,mobile_app,0,0.0003,ALLOW,1
2023-12-16 00:33:20,65.42,travel,atm,0,1e-04,ALLOW,1
2023-12-16 00:48:30,3354.6,travel,online,0,0.0,ALLOW,1
2023-12-16 00:56:28,6056.4,fuel,online,0,0.0011,ALLOW,1
2023-12-16 01:01:52,21.77,electronics,mobile_app,0,1e-04,ALLOW,1
2023-12-16 01:13:47,114.52,clothing,in_store,0,0.0003,ALLOW,1
2023-12-16 01:38:14,554.97,restaurant,online,0,1e-04,ALLOW,1
2023-12-16 01:49:09,397.88,travel,online,0,1e-04,ALLOW,1
2023-12-16 02:10:20,660.8,clothing,in_store,0,0.0002,ALLOW,1
2023-12-16 02:26:58,1175.39,electronics,online,0,1e-04,ALLOW,1
2023-12-16 02:27:59,547.16,travel,online,0,1e-04,ALLOW,1
2023-12-16 02:52:54,2449.18,online_gaming,atm,0,1e-04,ALLOW,1
2023-12-16 03:01:55,815.02,online_gaming,mobile_app,0,0.0002,ALLOW,1
2023-12-16 03:02:33,671.52,fuel,atm,0,0.0005,ALLOW,1
2023-12-16 03:11:04,1412.82,online_gaming,in_store,0,0.0002,ALLOW,1
2023-12-16 03:12:10,1248.85,electronics,in_store,0,1e-04,ALLOW,1
2023-12-16 03:51:11,1869.79,online_gaming,in_store,0,0.0004,ALLOW,1
2023-12-16 04:03:36,870.66,travel,atm,0,0.0004,ALLOW,1
2023-12-16 04:24:17,236.3,electronics,online,0,1e-04,ALLOW,1
2023-12-16 04:59:04,309.29,online_gaming,atm,0,0.0,ALLOW,1
2023-12-16 05:05:16,127.18,electronics,mobile_app,0,1e-04,ALLOW,1
2023-12-16 05:06:22,2529.79,grocery,in_store,0,0.0079,ALLOW,1
2023-12-16 05:16:41,1622.24,travel,atm,0,0.0211,ALLOW,1
2023-12-16 05:41:36,137.88,restaurant,online,0,0.0006,ALLOW,1
2023-12-16 05:49:21,1574.57,online_gaming,mobile_app,0,0.0007,ALLOW,1
2023-12-16 05:52:57,4437.46,online_gaming,atm,0,0.0,ALLOW,1
2023-12-16 06:00:53,1010.23,online_gaming,atm,0,1e-04,ALLOW,1
2023-12-16 06:21:27,328.2,travel,atm,0,1e-04,ALLOW,1
2023-12-16 07:01:32,2926.86,pharmacy,online,0,0.0002,ALLOW,1
2023-12-16 07:15:57,1982.76,fuel,mobile_app,0,0.0007,ALLOW,1
2023-12-16 07:16:17,1097.33,restaurant,online,0,0.0007,ALLOW,1
2023-12-16 07:25:16,520.76,fuel,mobile_app,0,0.0002,ALLOW,1
2023-12-16 07:27:07,559.29,grocery,in_store,0,0.0067,ALLOW,1
2023-12-16 07:33:54,30.39,fuel,atm,0,0.0002,ALLOW,1
2023-12-16 08:10:20,1248.38,electronics,atm,0,1e-04,ALLOW,1
2023-12-16 08:43:16,957.33,electronics,in_store,0,1e-04,ALLOW,1
2023-12-16 08:47:03,2950.67,jewelry,in_store,0,0.0,ALLOW,1
2023-12-16 08:51:59,47.05,clothing,in_store,0,0.0004,ALLOW,1
2023-12-16 09:26:20,462.45,jewelry,atm,0,1e-04,ALLOW,1
2023-12-16 09:29:46,15.81,travel,mobile_app,0,0.0002,ALLOW,1
2023-12-16 09:31:37,4749.17,clothing,online,0,0.0039,ALLOW,1
2023-12-16 09:45:36,1247.85,online_gaming,online,0,0.0002,ALLOW,1
2023-12-16 09:51:01,603.83,pharmacy,atm,0,0.0004,ALLOW,1
2023-12-16 10:05:19,4833.61,travel,mobile_app,0,0.0,ALLOW,1
2023-12-16 10:09:14,1142.9,grocery,in_store,0,0.0011,ALLOW,1
2023-12-16 10:12:45,192.04,fuel,mobile_app,0,0.0,ALLOW,1
2023-12-16 10:20:46,609.01,grocery,mobile_app,0,0.0,ALLOW,1
2023-12-16 10:20:55,3286.52,jewelry,online,0,1e-04,ALLOW,1
2023-12-16 10:37:18,333.86,travel,in_store,0,0.0003,ALLOW,1
2023-12-16 11:02:39,496.96,restaurant,mobile_app,0,1e-04,ALLOW,1
2023-12-16 11:22:30,270.39,grocery,atm,0,1e-04,ALLOW,1
2023-12-16 11:23:18,2672.25,clothing,in_store,0,0.0003,ALLOW,1
2023-12-16 11:32:33,1650.73,restaurant,online,0,0.0002,ALLOW,1
2023-12-16 11:40:23,2715.46,jewelry,mobile_app,0,1e-04,ALLOW,1
2023-12-16 12:17:47,4547.0,restaurant,mobile_app,0,0.0037,ALLOW,1
2023-12-16 12:24:04,475.44,jewelry,online,0,0.0002,ALLOW,1
2023-12-16 12:41:04,2616.02,pharmacy,online,0,0.0007,ALLOW,1
2023-12-16 13:06:39,30.36,entertainment,mobile_app,0,0.0002,ALLOW,1
2023-12-16 13:11:09,1477.25,travel,atm,0,1e-04,ALLOW,1
2023-12-16 13:11:40,1026.46,fuel,atm,0,0.0,ALLOW,1
2023-12-16 13:23:10,324.39,online_gaming,online,1,0.9999,REVIEW,1
2023-12-16 13:41:42,2137.13,entertainment,mobile_app,0,0.0002,ALLOW,1
2023-12-16 13:53:14,49.98,clothing,mobile_app,0,0.0014,ALLOW,1
2023-12-16 14:19:23,984.35,online_gaming,mobile_app,0,0.0003,ALLOW,1
2023-12-16 14:19:50,10.0,pharmacy,atm,0,0.0009,ALLOW,1
2023-12-16 14:25:54,288.98,pharmacy,mobile_app,0,0.0004,ALLOW,1
2023-12-16 14:59:07,2230.35,grocery,in_store,0,1e-04,ALLOW,1
2023-12-16 15:09:37,3913.44,clothing,mobile_app,0,0.0007,ALLOW,1
2023-12-16 15:38:00,1390.99,electronics,online,0,1e-04,ALLOW,1
2023-12-16 15:39:08,603.51,online_gaming,online,0,0.0004,ALLOW,1
2023-12-16 15:40:31,441.98,grocery,mobile_app,0,0.0002,ALLOW,1
2023-12-16 15:42:27,48.8,entertainment,in_store,0,0.0002,ALLOW,1
2023-12-16 15:42:58,376.5,pharmacy,mobile_app,0,0.0003,ALLOW,1
2023-12-16 15:47:42,816.24,online_gaming,atm,0,0.0009,ALLOW,1
2023-12-16 15:49:08,1067.66,entertainment,online,0,1e-04,ALLOW,1
2023-12-16 15:52:20,3212.25,jewelry,in_store,0,0.0004,ALLOW,1
2023-12-16 16:00:54,287.91,entertainment,in_store,0,1e-04,ALLOW,1
2023-12-16 16:02:34,73.91,travel,in_store,0,0.0002,ALLOW,1
2023-12-16 16:09:28,1340.38,electronics,atm,0,0.0,ALLOW,1
2023-12-16 16:40:02,6611.56,online_gaming,atm,0,0.1839,ALLOW,1
2023-12-16 16:46:12,84.1,electronics,mobile_app,0,1e-04,ALLOW,1
2023-12-16 16:59:17,1002.29,clothing,online,0,0.0016,ALLOW,1
2023-12-16 17:08:02,235.8,travel,in_store,0,0.0108,ALLOW,1
2023-12-16 17:30:50,814.42,jewelry,online,0,0.0,ALLOW,1
2023-12-16 17:45:03,4892.14,restaurant,in_store,0,0.0039,ALLOW,1
2023-12-16 17:58:29,535.03,travel,mobile_app,0,0.0002,ALLOW,1
2023-12-16 18:37:37,3492.09,pharmacy,in_store,0,0.0,ALLOW,1
2023-12-16 18:39:22,127.83,pharmacy,atm,0,0.0004,ALLOW,1
2023-12-16 18:48:32,139.23,fuel,atm,0,1e-04,ALLOW,1
2023-12-16 18:55:05,85.92,online_gaming,atm,0,0.0004,ALLOW,1
2023-12-16 18:59:20,5415.09,grocery,online,0,0.0004,ALLOW,1
2023-12-16 19:03:01,1965.12,grocery,atm,0,1e-04,ALLOW,1
2023-12-16 19:20:46,29.98,pharmacy,in_store,0,0.0002,ALLOW,1
2023-12-16 19:20:48,555.89,pharmacy,mobile_app,0,0.0002,ALLOW,1
2023-12-16 19:21:44,481.5,restaurant,in_store,0,0.0004,ALLOW,1
2023-12-16 19:59:36,142.94,electronics,in_store,0,0.0003,ALLOW,1
2023-12-16 20:04:53,1888.88,pharmacy,online,0,0.0002,ALLOW,1
2023-12-16 20:30:18,590.47,jewelry,online,0,1e-04,ALLOW,1
2023-12-16 20:32:40,1151.41,electronics,mobile_app,0,0.0002,ALLOW,1
2023-12-16 20:36:33,310.99,electronics,atm,0,0.0003,ALLOW,1
2023-12-16 20:41:29,9526.78,clothing,online,0,0.0002,ALLOW,1
2023-12-16 20:43:06,198.22,entertainment,mobile_app,0,0.0008,ALLOW,1
2023-12-16 20:50:04,1363.62,travel,mobile_app,0,0.0003,ALLOW,1
2023-12-16 20:50:13,478.22,electronics,in_store,0,1e-04,ALLOW,1
2023-12-16 20:53:11,5426.03,clothing,online,0,0.0,ALLOW,1
2023-12-16 21:23:07,2477.65,online_gaming,in_store,0,1e-04,ALLOW,1
2023-12-16 21:25:11,1783.42,pharmacy,mobile_app,0,1e-04,ALLOW,1
2023-12-16 21:27:29,1706.22,travel,atm,0,0.0006,ALLOW,1
2023-12-16 21:49:49,536.38,entertainment,in_store,0,0.0003,ALLOW,1
2023-12-16 21:56:48,135.38,pharmacy,online,0,0.0002,ALLOW,1
2023-12-16 22:18:34,2736.02,fuel,atm,0,0.0,ALLOW,1
2023-12-16 22:35:07,3860.04,electronics,mobile_app,0,0.0,ALLOW,1
2023-12-16 22:47:39,1773.64,pharmacy,in_store,0,1e-04,ALLOW,1
2023-12-16 22:56:23,3251.73,electronics,online,0,1e-04,ALLOW,1
2023-12-16 23:12:46,448.42,restaurant,atm,0,0.0002,ALLOW,1
2023-12-16 23:20:15,1528.82,restaurant,atm,0,0.0013,ALLOW,1
2023-12-16 23:44:57,1613.7,fuel,in_store,0,0.0004,ALLOW,1
2023-12-17 00:07:35,355.48,grocery,mobile_app,0,0.0002,ALLOW,1
2023-12-17 00:10:41,1250.0,grocery,in_store,0,1e-04,ALLOW,1
2023-12-17 00:11:24,4512.75,fuel,mobile_app,0,1e-04,ALLOW,1
2023-12-17 00:22:16,1880.24,grocery,online,0,0.0137,ALLOW,1
2023-12-17 00:25:34,6941.21,travel,in_store,0,0.0,ALLOW,1
2023-12-17 00:25:44,1594.9,fuel,mobile_app,0,1e-04,ALLOW,1
2023-12-17 00:57:08,304.66,grocery,online,0,1e-04,ALLOW,1
2023-12-17 01:04:45,278.0,restaurant,mobile_app,0,0.0017,ALLOW,1
2023-12-17 01:13:10,3502.39,pharmacy,in_store,0,0.0003,ALLOW,1
2023-12-17 01:29:09,1454.86,fuel,online,0,0.0,ALLOW,1
2023-12-17 01:33:27,295.92,entertainment,online,0,1e-04,ALLOW,1
2023-12-17 02:10:34,1302.32,entertainment,mobile_app,0,0.0005,ALLOW,1
2023-12-17 02:12:36,713.55,electronics,in_store,0,0.0,ALLOW,1
2023-12-17 02:20:32,232.79,fuel,mobile_app,0,1e-04,ALLOW,1
2023-12-17 02:27:02,4914.01,grocery,atm,0,0.0011,ALLOW,1
2023-12-17 02:31:28,2790.56,grocery,mobile_app,0,0.0005,ALLOW,1
2023-12-17 02:35:38,2424.71,electronics,online,0,0.0,ALLOW,1
2023-12-17 02:41:03,439.96,travel,online,0,0.0003,ALLOW,1
2023-12-17 02:47:27,919.78,grocery,mobile_app,0,1e-04,ALLOW,1
2023-12-17 03:04:39,1080.01,clothing,mobile_app,0,0.0002,ALLOW,1
2023-12-17 03:09:23,1391.66,grocery,in_store,0,0.0,ALLOW,1
2023-12-17 03:19:14,1022.48,fuel,atm,0,0.0023,ALLOW,1
2023-12-17 03:26:46,3748.69,fuel,in_store,0,0.0002,ALLOW,1
2023-12-17 03:32:57,75.14,grocery,atm,0,1e-04,ALLOW,1
2023-12-17 03:44:05,64.53,online_gaming,online,0,0.0002,ALLOW,1
2023-12-17 03:45:04,875.95,restaurant,atm,0,0.0003,ALLOW,1
2023-12-17 03:51:57,2498.57,entertainment,atm,0,0.0002,ALLOW,1
2023-12-17 03:55:41,466.6,jewelry,mobile_app,0,1e-04,ALLOW,1
2023-12-17 04:23:15,1481.02,pharmacy,atm,0,0.0005,ALLOW,1
2023-12-17 04:25:58,1881.64,restaurant,in_store,0,0.0002,ALLOW,1
2023-12-17 04:30:25,650.42,online_gaming,online,0,0.0,ALLOW,1
2023-12-17 04:39:50,3823.28,pharmacy,in_store,0,0.0041,ALLOW,1
2023-12-17 04:53:38,323.25,grocery,in_store,0,0.0004,ALLOW,1
2023-12-17 04:53:55,1740.31,electronics,atm,0,0.0,ALLOW,1
2023-12-17 05:17:37,1497.05,travel,in_store,0,0.0002,ALLOW,1
2023-12-17 05:18:11,764.33,entertainment,mobile_app,0,0.0006,ALLOW,1
2023-12-17 05:31:19,6915.89,pharmacy,in_store,0,0.0015,ALLOW,1
2023-12-17 05:41:35,1148.99,travel,atm,0,1e-04,ALLOW,1
2023-12-17 05:45:00,482.05,online_gaming,in_store,0,0.0007,ALLOW,1
2023-12-17 05:55:11,345.59,restaurant,in_store,0,0.0002,ALLOW,1
2023-12-17 06:05:05,3930.91,grocery,online,0,1e-04,ALLOW,1
2023-12-17 06:08:22,5796.84,restaurant,mobile_app,0,1e-04,ALLOW,1
2023-12-17 06:17:33,3649.02,travel,atm,0,0.0011,ALLOW,1
2023-12-17 06:27:07,3463.16,jewelry,in_store,0,0.0006,ALLOW,1
2023-12-17 06:28:27,3735.8,restaurant,mobile_app,0,0.003,ALLOW,1
2023-12-17 06:51:35,1027.81,restaurant,in_store,0,0.0,ALLOW,1
2023-12-17 06:54:06,1595.8,pharmacy,mobile_app,0,0.0,ALLOW,1
2023-12-17 06:54:49,45.94,fuel,mobile_app,0,0.0003,ALLOW,1
2023-12-17 07:10:34,3664.35,online_gaming,online,0,0.0,ALLOW,1
2023-12-17 07:18:49,4506.3,clothing,mobile_app,1,0.9999,REVIEW,1
2023-12-17 07:25:01,954.97,restaurant,online,0,1e-04,ALLOW,1
2023-12-17 07:29:32,659.33,pharmacy,in_store,0,0.0002,ALLOW,1
2023-12-17 07:36:33,236.15,clothing,atm,0,0.002,ALLOW,1
2023-12-17 07:36:38,284.63,clothing,online,0,1e-04,ALLOW,1
2023-12-17 07:37:11,2272.11,clothing,atm,1,0.9999,REVIEW,1
2023-12-17 07:42:51,68.97,fuel,atm,0,0.0002,ALLOW,1
2023-12-17 07:54:46,3539.82,pharmacy,atm,0,0.0002,ALLOW,1
2023-12-17 08:05:34,553.13,restaurant,in_store,0,0.0005,ALLOW,1
2023-12-17 08:07:40,5322.26,fuel,mobile_app,0,0.0,ALLOW,1
2023-12-17 08:08:29,1038.49,electronics,online,0,0.0002,ALLOW,1
2023-12-17 08:15:09,685.25,jewelry,online,0,0.0002,ALLOW,1
2023-12-17 08:19:19,88.91,restaurant,in_store,0,0.0006,ALLOW,1
2023-12-17 08:30:39,24.63,online_gaming,in_store,0,1e-04,ALLOW,1
2023-12-17 08:39:01,5159.23,online_gaming,in_store,0,1e-04,ALLOW,1
2023-12-17 08:45:17,17.17,entertainment,online,0,1e-04,ALLOW,1
2023-12-17 08:49:11,2161.81,pharmacy,in_store,0,0.0005,ALLOW,1
2023-12-17 08:57:26,1922.31,fuel,atm,0,0.0,ALLOW,1
2023-12-17 08:59:24,248.36,electronics,online,0,1e-04,ALLOW,1
2023-12-17 09:05:53,1846.51,grocery,in_store,0,0.0,ALLOW,1
2023-12-17 09:18:05,1322.85,grocery,atm,0,0.0,ALLOW,1
2023-12-17 09:29:12,1495.08,entertainment,mobile_app,0,0.0002,ALLOW,1
2023-12-17 09:46:26,2886.82,electronics,atm,0,1e-04,ALLOW,1
2023-12-17 09:48:49,4143.74,travel,in_store,0,1e-04,ALLOW,1
2023-12-17 09:50:47,1398.89,electronics,mobile_app,0,0.0002,ALLOW,1
2023-12-17 09:58:07,4356.73,travel,in_store,0,0.0,ALLOW,1
2023-12-17 10:04:39,313.3,pharmacy,in_store,0,0.0002,ALLOW,1
2023-12-17 10:47:58,452.45,travel,mobile_app,0,0.0004,ALLOW,1
2023-12-17 11:02:48,2858.36,jewelry,online,0,1e-04,ALLOW,1
2023-12-17 11:09:20,2415.68,online_gaming,atm,0,0.0006,ALLOW,1
2023-12-17 11:17:17,3758.62,fuel,atm,0,1e-04,ALLOW,1
2023-12-17 11:18:39,2323.23,entertainment,mobile_app,0,0.0008,ALLOW,1
2023-12-17 11:23:32,640.35,electronics,mobile_app,0,0.0,ALLOW,1
2023-12-17 11:47:24,955.06,clothing,mobile_app,0,0.0,ALLOW,1
2023-12-17 11:55:56,2720.29,fuel,atm,0,0.0002,ALLOW,1
2023-12-17 11:58:45,3269.8,clothing,in_store,0,0.0006,ALLOW,1
2023-12-17 12:11:57,3465.89,restaurant,online,0,0.0002,ALLOW,1
2023-12-17 12:17:41,1715.09,entertainment,mobile_app,0,0.0002,ALLOW,1
2023-12-17 12:28:20,863.05,jewelry,online,0,1e-04,ALLOW,1
2023-12-17 12:28:35,1854.44,entertainment,mobile_app,0,0.0,ALLOW,1
2023-12-17 13:01:35,744.18,entertainment,atm,0,0.0,ALLOW,1
2023-12-17 13:09:05,1081.93,travel,in_store,0,0.0002,ALLOW,1
2023-12-17 13:14:47,10.0,electronics,atm,0,0.0002,ALLOW,1
2023-12-17 13:23:46,1426.12,restaurant,mobile_app,0,1e-04,ALLOW,1
2023-12-17 13:27:54,4276.28,pharmacy,atm,0,1e-04,ALLOW,1
2023-12-17 13:32:44,2170.65,travel,in_store,0,0.0005,ALLOW,1
2023-12-17 13:35:12,475.01,electronics,atm,0,1e-04,ALLOW,1
2023-12-17 13:57:18,294.47,pharmacy,mobile_app,0,1e-04,ALLOW,1
2023-12-17 14:03:38,1408.5,jewelry,in_store,0,0.002,ALLOW,1
2023-12-17 14:15:30,19.6,pharmacy,online,0,0.0005,ALLOW,1
2023-12-17 14:27:01,1624.03,pharmacy,online,0,0.0003,ALLOW,1
2023-12-17 14:34:53,5484.64,entertainment,mobile_app,0,1e-04,ALLOW,1
2023-12-17 14:36:30,1042.09,restaurant,online,0,0.0,ALLOW,1
2023-12-17 14:41:08,516.29,pharmacy,atm,0,0.0005,ALLOW,1
2023-12-17 15:01:19,89.81,travel,in_store,0,0.0004,ALLOW,1
2023-12-17 15:05:47,3653.22,fuel,in_store,0,1e-04,ALLOW,1
2023-12-17 15:07:36,1416.77,fuel,online,0,0.0002,ALLOW,1
2023-12-17 15:11:54,2148.41,grocery,mobile_app,0,1e-04,ALLOW,1
2023-12-17 15:29:14,237.96,restaurant,atm,0,0.0,ALLOW,1
2023-12-17 15:35:52,2103.3,grocery,mobile_app,0,1e-04,ALLOW,1
2023-12-17 15:45:51,208.54,entertainment,mobile_app,0,1e-04,ALLOW,1
2023-12-17 15:47:20,1780.62,restaurant,in_store,0,0.0002,ALLOW,1
2023-12-17 16:22:58,1427.14,fuel,atm,0,0.0409,ALLOW,1
2023-12-17 16:47:12,1227.33,electronics,online,0,1e-04,ALLOW,1
2023-12-17 17:07:32,3672.55,electronics,online,0,1e-04,ALLOW,1
2023-12-17 17:25:30,237.87,fuel,atm,0,0.0002,ALLOW,1
2023-12-17 17:28:54,826.76,grocery,atm,0,0.0061,ALLOW,1
2023-12-17 17:50:24,932.77,jewelry,in_store,0,0.2021,ALLOW,1
2023-12-17 17:53:10,152.35,online_gaming,atm,0,1e-04,ALLOW,1
2023-12-17 17:59:52,1639.92,fuel,online,0,1e-04,ALLOW,1
2023-12-17 18:33:08,380.43,pharmacy,online,0,1e-04,ALLOW,1
2023-12-17 18:47:14,1044.52,entertainment,atm,0,1e-04,ALLOW,1
2023-12-17 18:52:11,652.94,clothing,online,0,0.0004,ALLOW,1
2023-12-17 18:54:32,2500.53,entertainment,atm,0,0.0005,ALLOW,1
2023-12-17 19:00:13,1125.0,travel,in_store,0,0.0002,ALLOW,1
2023-12-17 19:00:23,37.37,clothing,mobile_app,0,0.0016,ALLOW,1
2023-12-17 19:04:48,878.92,travel,atm,0,1e-04,ALLOW,1
2023-12-17 19:14:54,1600.22,grocery,in_store,0,1e-04,ALLOW,1
2023-12-17 19:20:21,703.75,travel,online,0,0.0002,ALLOW,1
2023-12-17 19:40:50,1795.64,electronics,mobile_app,0,0.001,ALLOW,1
2023-12-17 19:46:39,459.59,entertainment,online,0,1e-04,ALLOW,1
2023-12-17 20:00:42,1854.85,fuel,online,0,1e-04,ALLOW,1
2023-12-17 20:15:40,55.49,clothing,online,0,0.0002,ALLOW,1
2023-12-17 20:24:04,982.99,electronics,atm,0,0.0,ALLOW,1
2023-12-17 20:34:00,2686.63,grocery,in_store,0,0.0,ALLOW,1
2023-12-17 20:46:09,2446.14,online_gaming,online,0,1e-04,ALLOW,1
2023-12-17 21:10:15,3446.25,online_gaming,atm,0,0.0,ALLOW,1
2023-12-17 21:16:28,6379.39,grocery,online,0,0.0043,ALLOW,1
2023-12-17 21:19:27,1506.85,clothing,online,0,0.0023,ALLOW,1
2023-12-17 21:33:32,2653.76,grocery,online,0,0.0,ALLOW,1
2023-12-17 21:34:30,1134.44,entertainment,atm,0,0.0007,ALLOW,1
2023-12-17 21:43:42,2495.49,jewelry,online,0,0.0002,ALLOW,1
2023-12-17 22:07:13,392.43,entertainment,online,0,0.003,ALLOW,1
2023-12-17 22:07:15,428.16,online_gaming,mobile_app,0,1e-04,ALLOW,1
2023-12-17 22:17:26,1925.07,electronics,mobile_app,0,0.0015,ALLOW,1
2023-12-17 22:32:57,241.98,grocery,atm,0,1e-04,ALLOW,1
2023-12-17 22:48:55,1685.91,grocery,in_store,0,1e-04,ALLOW,1
2023-12-17 22:52:56,74.72,online_gaming,in_store,0,0.0004,ALLOW,1
2023-12-17 22:57:46,2714.24,restaurant,atm,0,0.0,ALLOW,1
2023-12-17 23:11:28,2264.27,entertainment,atm,0,1e-04,ALLOW,1
2023-12-17 23:12:05,943.66,restaurant,mobile_app,0,0.0008,ALLOW,1
2023-12-17 23:23:07,3950.66,travel,mobile_app,0,0.0027,ALLOW,1
2023-12-17 23:23:10,905.96,entertainment,atm,0,0.0,ALLOW,1
2023-12-17 23:31:06,2355.29,online_gaming,mobile_app,0,0.0008,ALLOW,1
2023-12-17 23:47:08,141.43,travel,online,0,1e-04,ALLOW,1
2023-12-17 23:56:41,506.51,pharmacy,mobile_app,0,1e-04,ALLOW,1
2023-12-18 00:19:09,8129.01,restaurant,mobile_app,0,0.0119,ALLOW,1
2023-12-18 01:05:54,783.48,clothing,atm,0,0.0,ALLOW,1
2023-12-18 01:09:36,78.83,online_gaming,mobile_app,0,1e-04,ALLOW,1
2023-12-18 01:11:08,408.18,travel,atm,0,1e-04,ALLOW,1
2023-12-18 01:19:07,1639.33,pharmacy,mobile_app,0,0.0,ALLOW,1
2023-12-18 01:26:40,2022.39,travel,atm,0,0.0013,ALLOW,1
2023-12-18 01:40:42,666.25,clothing,atm,0,0.0007,ALLOW,1
2023-12-18 02:48:28,695.95,jewelry,atm,0,0.0004,ALLOW,1
2023-12-18 02:57:00,4576.7,fuel,mobile_app,0,1e-04,ALLOW,1
2023-12-18 02:59:12,300.83,pharmacy,in_store,0,0.0002,ALLOW,1
2023-12-18 03:16:22,1882.98,grocery,online,0,1e-04,ALLOW,1
2023-12-18 03:20:13,831.08,grocery,atm,0,0.0006,ALLOW,1
2023-12-18 03:46:54,2865.89,fuel,atm,0,0.0009,ALLOW,1
2023-12-18 03:48:09,942.63,entertainment,in_store,0,0.0,ALLOW,1
2023-12-18 03:52:13,2820.38,entertainment,online,0,0.02,ALLOW,1
2023-12-18 04:19:52,1709.16,restaurant,in_store,0,1e-04,ALLOW,1
2023-12-18 04:50:13,10.0,fuel,atm,0,0.0002,ALLOW,1
2023-12-18 04:53:05,755.39,grocery,atm,0,1e-04,ALLOW,1
2023-12-18 04:58:49,1505.41,jewelry,mobile_app,0,1e-04,ALLOW,1
2023-12-18 05:19:37,3337.81,electronics,online,0,0.0012,ALLOW,1
2023-12-18 05:21:27,1141.13,fuel,online,0,0.0,ALLOW,1
2023-12-18 05:22:56,250.06,electronics,in_store,0,1e-04,ALLOW,1
2023-12-18 05:23:33,3333.39,travel,in_store,0,0.0012,ALLOW,1
2023-12-18 05:35:30,2539.57,electronics,mobile_app,0,1e-04,ALLOW,1
2023-12-18 05:59:21,913.33,pharmacy,online,0,0.1011,ALLOW,1
2023-12-18 06:00:24,397.32,online_gaming,in_store,0,1e-04,ALLOW,1
2023-12-18 06:01:19,1230.78,pharmacy,online,0,0.0002,ALLOW,1
2023-12-18 06:10:24,852.88,clothing,atm,0,0.0019,ALLOW,1
2023-12-18 06:12:00,316.56,restaurant,atm,0,0.0008,ALLOW,1
2023-12-18 06:34:51,1044.14,pharmacy,online,0,0.0,ALLOW,1
2023-12-18 06:38:01,610.79,pharmacy,in_store,0,0.0004,ALLOW,1
2023-12-18 06:43:52,359.75,entertainment,online,0,1e-04,ALLOW,1
2023-12-18 07:00:53,458.76,clothing,online,0,0.0007,ALLOW,1
2023-12-18 07:11:40,384.66,entertainment,in_store,0,0.0485,ALLOW,1
2023-12-18 07:32:14,212.81,pharmacy,mobile_app,0,0.0002,ALLOW,1
2023-12-18 07:32:22,523.2,clothing,atm,0,0.0006,ALLOW,1
2023-12-18 07:36:29,79.67,jewelry,mobile_app,0,0.0002,ALLOW,1
2023-12-18 08:04:55,172.52,entertainment,in_store,0,0.0003,ALLOW,1
2023-12-18 08:11:52,1349.93,electronics,atm,0,1e-04,ALLOW,1
2023-12-18 08:26:41,856.6,restaurant,in_store,0,1e-04,ALLOW,1
2023-12-18 08:29:05,2938.06,online_gaming,mobile_app,0,0.0004,ALLOW,1
2023-12-18 08:37:56,1921.73,entertainment,atm,0,1e-04,ALLOW,1
2023-12-18 08:38:20,761.59,travel,mobile_app,0,0.0002,ALLOW,1
2023-12-18 08:52:30,1162.4,clothing,atm,0,1e-04,ALLOW,1
2023-12-18 08:52:54,2412.8,travel,atm,0,0.0002,ALLOW,1
2023-12-18 09:11:37,26.7,jewelry,in_store,0,0.0009,ALLOW,1
2023-12-18 09:14:11,329.24,electronics,atm,0,1e-04,ALLOW,1
2023-12-18 09:32:40,1519.37,fuel,in_store,0,1e-04,ALLOW,1
2023-12-18 09:52:26,11.09,pharmacy,atm,0,0.0003,ALLOW,1
2023-12-18 09:58:42,348.8,entertainment,atm,0,1e-04,ALLOW,1
2023-12-18 09:58:53,2851.73,entertainment,mobile_app,0,0.0002,ALLOW,1
2023-12-18 10:07:23,1987.71,electronics,online,0,0.0,ALLOW,1
2023-12-18 10:13:47,321.15,clothing,mobile_app,0,0.0039,ALLOW,1
2023-12-18 10:17:19,416.36,jewelry,online,0,0.0081,ALLOW,1
2023-12-18 10:19:07,1679.41,jewelry,atm,0,0.0006,ALLOW,1
2023-12-18 10:26:34,5063.69,restaurant,atm,0,0.0006,ALLOW,1
2023-12-18 10:36:02,541.35,grocery,atm,0,0.001,ALLOW,1
2023-12-18 10:50:14,1937.98,online_gaming,atm,0,1e-04,ALLOW,1
2023-12-18 10:53:58,216.19,grocery,atm,0,0.0,ALLOW,1
2023-12-18 11:06:44,1457.32,travel,online,0,0.0018,ALLOW,1
2023-12-18 11:07:45,5204.81,grocery,online,0,1e-04,ALLOW,1
2023-12-18 11:15:22,25.64,restaurant,atm,0,0.0002,ALLOW,1
2023-12-18 11:20:34,987.14,fuel,mobile_app,0,0.0003,ALLOW,1
2023-12-18 11:29:37,162.13,jewelry,mobile_app,0,1e-04,ALLOW,1
2023-12-18 11:41:10,10.0,grocery,atm,0,0.0,ALLOW,1
2023-12-18 11:44:10,3291.21,electronics,in_store,0,0.0005,ALLOW,1
2023-12-18 11:47:45,1037.43,restaurant,online,0,0.0002,ALLOW,1
2023-12-18 11:57:49,2000.07,travel,atm,0,1e-04,ALLOW,1
2023-12-18 12:17:24,303.73,electronics,mobile_app,0,0.0002,ALLOW,1
2023-12-18 12:18:20,447.48,fuel,mobile_app,0,0.0004,ALLOW,1
2023-12-18 12:23:51,748.03,grocery,atm,0,1e-04,ALLOW,1
2023-12-18 12:29:23,1613.47,restaurant,mobile_app,0,1e-04,ALLOW,1
2023-12-18 12:35:59,867.19,electronics,mobile_app,0,0.0002,ALLOW,1
2023-12-18 12:38:22,3267.12,jewelry,mobile_app,0,0.0047,ALLOW,1
2023-12-18 12:41:01,3767.52,jewelry,atm,0,1e-04,ALLOW,1
2023-12-18 12:42:00,949.93,online_gaming,mobile_app,0,0.0002,ALLOW,1
2023-12-18 12:54:04,360.38,fuel,atm,0,1e-04,ALLOW,1
2023-12-18 12:56:50,1130.52,travel,mobile_app,1,0.9998,REVIEW,1
2023-12-18 12:57:56,300.04,pharmacy,atm,0,0.0004,ALLOW,1
2023-12-18 13:09:59,2138.93,restaurant,online,0,0.0,ALLOW,1
2023-12-18 13:15:34,132.14,electronics,online,0,1e-04,ALLOW,1
2023-12-18 13:20:49,2094.26,entertainment,in_store,0,0.0,ALLOW,1
2023-12-18 13:33:47,1293.03,entertainment,atm,0,1e-04,ALLOW,1
2023-12-18 13:51:50,1281.05,grocery,online,0,0.0,ALLOW,1
2023-12-18 13:58:44,1684.94,fuel,in_store,0,0.0006,ALLOW,1
2023-12-18 14:17:47,3574.41,travel,in_store,0,0.0,ALLOW,1
2023-12-18 14:21:47,1415.7,entertainment,mobile_app,0,0.0,ALLOW,1
2023-12-18 14:36:22,806.11,fuel,online,0,0.0008,ALLOW,1
2023-12-18 14:37:31,1737.06,travel,atm,0,0.0042,ALLOW,1
2023-12-18 14:54:27,5760.83,jewelry,in_store,0,0.0,ALLOW,1
2023-12-18 14:59:43,3352.0,grocery,online,0,0.0004,ALLOW,1
2023-12-18 15:25:52,1900.28,entertainment,atm,0,0.0042,ALLOW,1
2023-12-18 15:50:20,7532.28,electronics,online,0,0.062,ALLOW,1
2023-12-18 16:16:34,142.5,travel,in_store,0,0.0003,ALLOW,1
2023-12-18 16:21:54,4847.07,pharmacy,mobile_app,0,0.0002,ALLOW,1
2023-12-18 16:37:03,8889.33,online_gaming,mobile_app,1,0.9985,REVIEW,1
2023-12-18 16:40:38,4355.55,grocery,in_store,0,0.0,ALLOW,1
2023-12-18 16:51:33,452.55,jewelry,in_store,0,0.001,ALLOW,1
2023-12-18 16:52:16,530.77,pharmacy,atm,0,0.0002,ALLOW,1
2023-12-18 17:07:20,1451.12,clothing,atm,0,0.0006,ALLOW,1
2023-12-18 17:35:37,675.47,fuel,atm,0,0.0,ALLOW,1
2023-12-18 17:36:01,689.71,fuel,in_store,0,0.0003,ALLOW,1
2023-12-18 17:46:59,1093.78,online_gaming,mobile_app,0,0.0011,ALLOW,1
2023-12-18 18:09:48,2436.47,pharmacy,mobile_app,0,1e-04,ALLOW,1
2023-12-18 18:28:55,3133.23,travel,in_store,0,0.0,ALLOW,1
2023-12-18 18:42:49,932.46,travel,atm,0,0.0003,ALLOW,1
2023-12-18 19:23:37,5150.58,jewelry,atm,1,0.9999,REVIEW,1
2023-12-18 19:36:45,465.78,online_gaming,in_store,0,0.0113,ALLOW,1
2023-12-18 19:39:23,2853.89,electronics,in_store,0,1e-04,ALLOW,1
2023-12-18 19:42:40,310.22,clothing,online,0,0.0006,ALLOW,1
2023-12-18 19:43:28,330.24,clothing,in_store,0,0.0002,ALLOW,1
2023-12-18 19:45:27,775.2,electronics,in_store,0,0.0005,ALLOW,1
2023-12-18 19:52:10,723.87,pharmacy,atm,0,0.0002,ALLOW,1
2023-12-18 20:12:03,1200.37,electronics,in_store,0,0.0002,ALLOW,1
2023-12-18 20:13:48,2443.8,restaurant,mobile_app,0,1e-04,ALLOW,1
2023-12-18 20:22:39,2897.33,clothing,mobile_app,0,0.0002,ALLOW,1
2023-12-18 20:24:08,5267.71,jewelry,online,0,0.0005,ALLOW,1
2023-12-18 20:36:53,4151.45,clothing,online,0,0.0,ALLOW,1
2023-12-18 20:37:25,2183.65,restaurant,in_store,0,0.0,ALLOW,1
2023-12-18 20:37:34,2367.58,travel,in_store,0,0.0,ALLOW,1
2023-12-18 20:38:21,449.62,restaurant,atm,0,0.0023,ALLOW,1
2023-12-18 20:47:09,4023.26,restaurant,in_store,0,0.006,ALLOW,1
2023-12-18 20:58:54,4299.66,restaurant,online,0,0.0037,ALLOW,1
2023-12-18 21:00:38,157.24,restaurant,in_store,0,0.0004,ALLOW,1
2023-12-18 21:03:46,5303.6,entertainment,online,0,0.0,ALLOW,1
2023-12-18 21:20:55,1037.15,online_gaming,mobile_app,0,0.0,ALLOW,1
2023-12-18 21:44:14,767.14,pharmacy,mobile_app,0,1e-04,ALLOW,1
2023-12-18 21:57:46,3514.88,travel,mobile_app,0,0.0005,ALLOW,1
2023-12-18 22:13:42,146.79,pharmacy,online,0,1e-04,ALLOW,1
2023-12-18 22:29:25,1065.82,electronics,online,0,1e-04,ALLOW,1
2023-12-18 22:49:57,1585.65,grocery,mobile_app,0,1e-04,ALLOW,1
2023-12-18 23:11:43,1456.62,pharmacy,in_store,0,1e-04,ALLOW,1
2023-12-18 23:35:29,4103.37,grocery,in_store,0,1e-04,ALLOW,1
2023-12-18 23:55:42,1521.11,travel,online,0,1e-04,ALLOW,1
2023-12-18 23:57:40,2978.28,online_gaming,in_store,0,0.0,ALLOW,1
2023-12-19 00:50:09,3193.9,jewelry,in_store,0,0.0,ALLOW,1
2023-12-19 00:58:50,1909.63,pharmacy,online,0,0.0006,ALLOW,1
2023-12-19 01:01:47,3582.94,grocery,mobile_app,0,0.0,ALLOW,1
2023-12-19 01:04:19,674.64,electronics,mobile_app,0,0.0009,ALLOW,1
2023-12-19 01:24:26,737.53,jewelry,atm,0,1e-04,ALLOW,1
2023-12-19 01:38:50,154.38,restaurant,online,0,0.0004,ALLOW,1
2023-12-19 01:44:27,578.01,clothing,mobile_app,0,1e-04,ALLOW,1
2023-12-19 02:21:43,3038.33,entertainment,in_store,0,0.0,ALLOW,1
2023-12-19 02:29:35,1718.56,fuel,atm,0,0.0004,ALLOW,1
2023-12-19 02:45:51,259.3,pharmacy,mobile_app,0,0.0008,ALLOW,1
2023-12-19 02:55:02,737.49,travel,atm,0,0.0003,ALLOW,1
2023-12-19 02:56:22,778.4,fuel,mobile_app,0,1e-04,ALLOW,1
2023-12-19 03:03:03,137.08,clothing,online,0,0.0007,ALLOW,1
2023-12-19 03:03:58,1933.47,electronics,online,0,0.0,ALLOW,1
2023-12-19 03:10:05,864.64,grocery,mobile_app,0,0.0,ALLOW,1
2023-12-19 03:15:34,463.64,electronics,in_store,0,0.0019,ALLOW,1
2023-12-19 03:23:28,2048.16,fuel,mobile_app,0,0.0,ALLOW,1
2023-12-19 03:49:19,1281.59,grocery,in_store,0,0.0015,ALLOW,1
2023-12-19 03:57:38,88.99,pharmacy,online,0,0.0002,ALLOW,1
2023-12-19 04:02:06,3822.59,jewelry,in_store,0,0.0003,ALLOW,1
2023-12-19 04:20:24,1293.31,clothing,mobile_app,0,0.0002,ALLOW,1
2023-12-19 05:12:42,1888.02,restaurant,mobile_app,0,1e-04,ALLOW,1
2023-12-19 05:18:21,2117.04,clothing,online,0,0.0002,ALLOW,1
2023-12-19 05:41:16,1444.29,travel,in_store,0,1e-04,ALLOW,1
2023-12-19 05:59:56,728.22,clothing,online,0,1e-04,ALLOW,1
2023-12-19 06:16:08,491.57,online_gaming,in_store,0,0.0002,ALLOW,1
2023-12-19 06:27:30,3791.2,travel,in_store,0,0.0613,ALLOW,1
2023-12-19 06:31:30,1333.73,pharmacy,atm,0,0.0002,ALLOW,1
2023-12-19 06:42:00,406.08,online_gaming,mobile_app,0,0.0009,ALLOW,1
2023-12-19 06:44:32,4255.7,pharmacy,mobile_app,0,0.0006,ALLOW,1
2023-12-19 06:45:52,259.65,clothing,mobile_app,0,0.0149,ALLOW,1
2023-12-19 06:47:51,252.04,jewelry,in_store,0,1e-04,ALLOW,1
2023-12-19 07:01:34,211.89,entertainment,in_store,0,1e-04,ALLOW,1
2023-12-19 07:10:41,1321.62,grocery,in_store,0,1e-04,ALLOW,1
2023-12-19 07:11:55,410.11,pharmacy,atm,0,0.0004,ALLOW,1
2023-12-19 07:13:02,577.32,jewelry,atm,0,0.0002,ALLOW,1
2023-12-19 07:18:48,200.07,entertainment,atm,0,0.0,ALLOW,1
2023-12-19 07:31:13,2336.98,entertainment,mobile_app,0,1e-04,ALLOW,1
2023-12-19 07:33:58,1484.63,travel,mobile_app,0,0.0003,ALLOW,1
2023-12-19 08:03:47,2011.33,travel,online,0,0.0029,ALLOW,1
2023-12-19 08:05:03,1267.88,entertainment,in_store,0,0.0005,ALLOW,1
2023-12-19 08:15:00,756.91,jewelry,mobile_app,0,1e-04,ALLOW,1
2023-12-19 08:28:31,2713.7,travel,in_store,0,1e-04,ALLOW,1
2023-12-19 08:51:23,230.9,jewelry,atm,0,0.001,ALLOW,1
2023-12-19 09:41:59,225.82,grocery,mobile_app,0,1e-04,ALLOW,1
2023-12-19 09:42:47,2017.72,restaurant,mobile_app,0,0.0111,ALLOW,1
2023-12-19 10:02:32,875.83,electronics,online,0,0.0,ALLOW,1
2023-12-19 10:03:08,142.84,electronics,atm,0,0.0026,ALLOW,1
2023-12-19 10:11:59,388.99,grocery,mobile_app,0,0.0,ALLOW,1
2023-12-19 10:36:10,1342.57,online_gaming,atm,0,1e-04,ALLOW,1
2023-12-19 10:36:56,644.2,grocery,mobile_app,0,0.0,ALLOW,1
2023-12-19 11:23:20,1388.44,electronics,atm,0,0.0,ALLOW,1
2023-12-19 11:27:10,200.0,travel,in_store,1,1.0,REVIEW,1
2023-12-19 11:29:08,1391.91,grocery,atm,0,0.0,ALLOW,1
2023-12-19 11:53:02,4264.55,grocery,mobile_app,0,1e-04,ALLOW,1
2023-12-19 11:53:29,1159.99,clothing,online,0,0.0002,ALLOW,1
2023-12-19 11:58:41,814.36,jewelry,atm,0,0.0002,ALLOW,1
2023-12-19 12:15:08,946.21,online_gaming,atm,0,0.0003,ALLOW,1
2023-12-19 12:34:02,37.02,entertainment,in_store,0,0.0008,ALLOW,1
2023-12-19 12:41:33,947.93,clothing,atm,0,0.0002,ALLOW,1
2023-12-19 13:04:25,790.8,pharmacy,mobile_app,0,0.0,ALLOW,1
2023-12-19 13:44:26,4548.7,restaurant,online,0,0.0,ALLOW,1
2023-12-19 13:56:49,3929.39,travel,in_store,0,1e-04,ALLOW,1
2023-12-19 14:08:02,3728.84,online_gaming,in_store,0,1e-04,ALLOW,1
2023-12-19 14:18:18,1055.48,electronics,in_store,0,0.0091,ALLOW,1
2023-12-19 14:24:12,4075.69,grocery,online,0,1e-04,ALLOW,1
2023-12-19 14:26:29,1981.66,jewelry,mobile_app,0,0.0002,ALLOW,1
2023-12-19 14:38:25,996.96,pharmacy,mobile_app,0,0.0002,ALLOW,1
2023-12-19 14:39:35,3406.4,travel,atm,0,0.0002,ALLOW,1
2023-12-19 14:47:42,10.0,electronics,mobile_app,0,1e-04,ALLOW,1
2023-12-19 14:52:07,800.68,entertainment,online,0,1e-04,ALLOW,1
2023-12-19 15:02:08,877.23,clothing,online,0,0.0003,ALLOW,1
2023-12-19 15:02:26,3027.32,fuel,online,0,1e-04,ALLOW,1
2023-12-19 15:20:11,1050.26,fuel,in_store,0,0.0021,ALLOW,1
2023-12-19 15:23:36,458.54,pharmacy,atm,0,0.0007,ALLOW,1
2023-12-19 15:27:08,253.8,fuel,in_store,0,0.0,ALLOW,1
2023-12-19 15:34:25,487.43,pharmacy,online,0,0.0002,ALLOW,1
2023-12-19 15:42:52,1613.86,travel,atm,0,1e-04,ALLOW,1
2023-12-19 16:08:47,814.95,grocery,in_store,0,0.0093,ALLOW,1
2023-12-19 16:10:38,1976.82,entertainment,in_store,0,0.0002,ALLOW,1
2023-12-19 16:21:01,1837.75,online_gaming,online,0,1e-04,ALLOW,1
2023-12-19 16:21:13,10148.06,clothing,atm,1,0.9999,REVIEW,1
2023-12-19 16:23:44,945.34,pharmacy,atm,0,1e-04,ALLOW,1
2023-12-19 16:46:06,5201.32,pharmacy,mobile_app,0,0.038,ALLOW,1
2023-12-19 16:49:05,935.53,travel,mobile_app,0,1e-04,ALLOW,1
2023-12-19 16:51:07,1813.05,fuel,atm,0,0.0008,ALLOW,1
2023-12-19 17:13:30,1626.8,clothing,in_store,0,1e-04,ALLOW,1
2023-12-19 17:13:47,1713.85,grocery,atm,0,0.0,ALLOW,1
2023-12-19 17:20:04,382.39,restaurant,atm,0,1e-04,ALLOW,1
2023-12-19 17:20:40,1582.01,entertainment,atm,0,0.0024,ALLOW,1
2023-12-19 17:32:48,136.82,electronics,in_store,0,1e-04,ALLOW,1
2023-12-19 18:11:40,838.32,grocery,online,0,0.0002,ALLOW,1
2023-12-19 18:24:30,1388.88,pharmacy,in_store,0,1e-04,ALLOW,1
2023-12-19 18:44:49,2430.43,jewelry,atm,0,0.0,ALLOW,1
2023-12-19 18:48:37,1376.84,online_gaming,mobile_app,0,0.0023,ALLOW,1
2023-12-19 18:50:10,2051.47,electronics,mobile_app,0,0.0002,ALLOW,1
2023-12-19 18:57:54,700.18,pharmacy,mobile_app,0,0.0041,ALLOW,1
2023-12-19 18:59:15,651.09,fuel,mobile_app,0,0.0039,ALLOW,1
2023-12-19 19:00:25,3199.01,clothing,atm,0,0.0063,ALLOW,1
2023-12-19 19:03:32,1886.42,grocery,mobile_app,0,0.0007,ALLOW,1
2023-12-19 19:07:40,4851.49,fuel,mobile_app,0,1e-04,ALLOW,1
2023-12-19 19:12:28,112.22,grocery,in_store,0,0.0002,ALLOW,1
2023-12-19 19:19:14,2989.68,grocery,mobile_app,0,1e-04,ALLOW,1
2023-12-19 19:21:42,1669.24,online_gaming,atm,0,1e-04,ALLOW,1
2023-12-19 19:22:03,217.15,fuel,in_store,0,0.0004,ALLOW,1
2023-12-19 19:23:40,4845.93,entertainment,online,0,0.0,ALLOW,1
2023-12-19 19:28:14,47.97,fuel,online,0,1e-04,ALLOW,1
2023-12-19 19:31:30,865.32,pharmacy,atm,0,0.0,ALLOW,1
2023-12-19 19:37:45,4167.61,travel,online,0,0.0,ALLOW,1
2023-12-19 19:45:37,1655.41,restaurant,mobile_app,0,1e-04,ALLOW,1
2023-12-19 19:45:58,233.85,restaurant,mobile_app,0,0.0,ALLOW,1
2023-12-19 19:50:43,1265.3,grocery,atm,0,1e-04,ALLOW,1
2023-12-19 19:55:14,1326.79,fuel,in_store,0,0.0005,ALLOW,1
2023-12-19 20:03:35,1660.0,jewelry,online,0,1e-04,ALLOW,1
2023-12-19 20:07:11,1655.37,pharmacy,in_store,0,0.0004,ALLOW,1
2023-12-19 20:10:51,13.35,travel,online,0,0.0013,ALLOW,1
2023-12-19 20:20:50,566.75,entertainment,online,0,0.0004,ALLOW,1
2023-12-19 20:23:30,2666.68,entertainment,mobile_app,0,0.0006,ALLOW,1
2023-12-19 20:38:33,2634.05,jewelry,in_store,0,0.0003,ALLOW,1
2023-12-19 20:51:43,2168.33,grocery,online,0,1e-04,ALLOW,1
2023-12-19 21:01:41,240.85,jewelry,in_store,0,0.001,ALLOW,1
2023-12-19 21:13:19,1138.82,online_gaming,mobile_app,0,0.0,ALLOW,1
2023-12-19 22:03:34,1967.49,clothing,online,0,0.0007,ALLOW,1
2023-12-19 22:10:15,1896.7,entertainment,in_store,0,0.0,ALLOW,1
2023-12-19 22:16:24,16850.83,electronics,atm,1,1.0,REVIEW,1
2023-12-19 22:37:00,2230.35,entertainment,online,0,0.0002,ALLOW,1
2023-12-19 22:48:08,790.09,travel,in_store,0,0.0004,ALLOW,1
2023-12-19 23:20:58,1504.89,travel,atm,0,0.0002,ALLOW,1
2023-12-19 23:49:31,2270.22,jewelry,mobile_app,0,0.0,ALLOW,1
2023-12-20 00:06:49,1028.89,grocery,atm,0,0.0006,ALLOW,1
2023-12-20 00:13:30,3680.84,grocery,online,0,0.0004,ALLOW,1
2023-12-20 00:15:03,2544.37,jewelry,in_store,0,0.0,ALLOW,1
2023-12-20 00:30:59,735.05,fuel,online,0,0.0002,ALLOW,1
2023-12-20 00:40:18,1574.06,grocery,online,0,0.0002,ALLOW,1
2023-12-20 00:51:34,1297.64,clothing,atm,0,0.0,ALLOW,1
2023-12-20 01:05:58,145.89,grocery,online,0,0.0,ALLOW,1
2023-12-20 01:10:12,1341.47,travel,online,0,0.0002,ALLOW,1
2023-12-20 01:13:05,2047.05,entertainment,online,0,0.0009,ALLOW,1
2023-12-20 02:00:50,60.23,entertainment,online,0,1e-04,ALLOW,1
2023-12-20 02:09:00,3440.89,electronics,mobile_app,0,1e-04,ALLOW,1
2023-12-20 02:13:57,2697.43,jewelry,online,0,1e-04,ALLOW,1
2023-12-20 02:15:03,754.42,restaurant,mobile_app,0,1e-04,ALLOW,1
2023-12-20 02:47:13,14049.47,electronics,online,0,0.0019,ALLOW,1
2023-12-20 03:03:19,320.38,grocery,atm,0,0.0002,ALLOW,1
2023-12-20 03:07:51,573.92,clothing,mobile_app,0,0.0004,ALLOW,1
2023-12-20 03:18:13,844.44,travel,mobile_app,0,0.0004,ALLOW,1
2023-12-20 03:20:16,2420.25,fuel,mobile_app,0,0.0003,ALLOW,1
2023-12-20 03:21:27,2187.82,online_gaming,atm,0,1e-04,ALLOW,1
2023-12-20 03:25:36,1152.75,pharmacy,online,0,1e-04,ALLOW,1
2023-12-20 03:26:00,367.97,restaurant,in_store,0,1e-04,ALLOW,1
2023-12-20 04:22:11,248.39,online_gaming,online,0,1e-04,ALLOW,1
2023-12-20 04:48:44,5830.47,fuel,atm,0,0.0,ALLOW,1
2023-12-20 04:53:17,1678.98,electronics,online,0,0.0,ALLOW,1
2023-12-20 04:59:49,1941.09,restaurant,mobile_app,0,0.0002,ALLOW,1
2023-12-20 05:07:57,258.29,online_gaming,atm,0,0.001,ALLOW,1
2023-12-20 05:23:50,2220.77,travel,in_store,0,1e-04,ALLOW,1
2023-12-20 05:29:24,492.45,fuel,in_store,0,0.0,ALLOW,1
2023-12-20 05:48:14,974.88,pharmacy,mobile_app,0,0.0012,ALLOW,1
2023-12-20 05:49:20,62.74,clothing,atm,0,0.0008,ALLOW,1
2023-12-20 06:19:24,1467.16,pharmacy,online,0,1e-04,ALLOW,1
2023-12-20 06:20:29,751.75,fuel,mobile_app,0,0.0,ALLOW,1
2023-12-20 06:24:31,539.2,clothing,online,0,0.0009,ALLOW,1
2023-12-20 06:44:25,10.0,entertainment,online,0,0.0002,ALLOW,1
2023-12-20 06:48:45,1212.14,fuel,atm,0,0.0,ALLOW,1
2023-12-20 06:52:42,865.26,online_gaming,online,0,0.0004,ALLOW,1
2023-12-20 07:01:30,1288.93,electronics,online,0,1e-04,ALLOW,1
2023-12-20 07:04:54,1156.22,jewelry,atm,0,0.0007,ALLOW,1
2023-12-20 07:10:08,2163.04,pharmacy,in_store,0,1e-04,ALLOW,1
2023-12-20 07:37:27,3649.67,entertainment,atm,0,0.0005,ALLOW,1
2023-12-20 07:43:52,11.05,clothing,atm,0,0.0005,ALLOW,1
2023-12-20 08:10:13,470.05,travel,in_store,1,0.2203,REVIEW,1
2023-12-20 08:14:25,1003.34,clothing,mobile_app,0,1e-04,ALLOW,1
2023-12-20 08:17:27,111.92,jewelry,in_store,0,0.0002,ALLOW,1
2023-12-20 08:30:54,3877.81,entertainment,atm,0,0.0,ALLOW,1
2023-12-20 08:33:29,1308.19,online_gaming,atm,0,0.0005,ALLOW,1
2023-12-20 08:43:52,4121.54,electronics,mobile_app,0,1e-04,ALLOW,1
2023-12-20 08:45:03,3283.75,pharmacy,online,0,0.0,ALLOW,1
2023-12-20 08:47:54,2777.11,restaurant,in_store,0,1e-04,ALLOW,1
2023-12-20 08:50:49,1821.16,clothing,mobile_app,0,0.0002,ALLOW,1
2023-12-20 09:28:49,244.24,restaurant,online,0,1e-04,ALLOW,1
2023-12-20 09:50:16,3576.85,entertainment,online,0,0.0008,ALLOW,1
2023-12-20 10:05:51,2904.7,electronics,in_store,0,1e-04,ALLOW,1
2023-12-20 10:24:33,289.31,fuel,mobile_app,0,1e-04,ALLOW,1
2023-12-20 10:32:45,946.26,grocery,online,0,0.0003,ALLOW,1
2023-12-20 10:33:28,4520.1,online_gaming,online,0,0.0,ALLOW,1
2023-12-20 10:42:05,520.63,restaurant,mobile_app,0,1e-04,ALLOW,1
2023-12-20 10:47:07,539.89,online_gaming,online,0,0.0034,ALLOW,1
2023-12-20 11:04:04,1049.97,grocery,online,0,1e-04,ALLOW,1
2023-12-20 11:07:02,2898.51,online_gaming,online,0,1e-04,ALLOW,1
2023-12-20 11:07:24,585.5,jewelry,mobile_app,0,1e-04,ALLOW,1
2023-12-20 11:13:44,697.52,grocery,in_store,0,1e-04,ALLOW,1
2023-12-20 11:21:08,671.01,electronics,online,0,1e-04,ALLOW,1
2023-12-20 11:27:37,356.74,electronics,online,0,0.0003,ALLOW,1
2023-12-20 11:48:37,2390.9,restaurant,online,0,0.0101,ALLOW,1
2023-12-20 12:00:48,1119.85,clothing,online,0,0.0076,ALLOW,1
2023-12-20 12:02:03,298.91,entertainment,online,0,1e-04,ALLOW,1
2023-12-20 12:17:24,1539.25,online_gaming,mobile_app,0,0.0003,ALLOW,1
2023-12-20 12:36:16,715.57,fuel,in_store,0,1e-04,ALLOW,1
2023-12-20 13:16:41,876.07,fuel,mobile_app,0,1e-04,ALLOW,1
2023-12-20 13:58:39,208.52,travel,atm,0,0.002,ALLOW,1
2023-12-20 13:58:44,1028.17,restaurant,online,0,0.0003,ALLOW,1
2023-12-20 14:00:27,2556.84,entertainment,in_store,0,1e-04,ALLOW,1
2023-12-20 14:19:25,641.18,restaurant,online,0,1e-04,ALLOW,1
2023-12-20 14:26:51,412.66,restaurant,in_store,0,1e-04,ALLOW,1
2023-12-20 14:43:28,3005.7,entertainment,atm,0,0.0034,ALLOW,1
2023-12-20 14:46:41,2716.85,restaurant,online,0,0.0002,ALLOW,1
2023-12-20 14:53:54,571.91,fuel,atm,0,0.0005,ALLOW,1
2023-12-20 15:18:49,993.38,grocery,mobile_app,0,0.0002,ALLOW,1
2023-12-20 15:30:19,52.71,travel,atm,0,1e-04,ALLOW,1
2023-12-20 15:42:08,3601.64,restaurant,mobile_app,0,0.0234,ALLOW,1
2023-12-20 15:51:20,550.78,electronics,online,0,1e-04,ALLOW,1
2023-12-20 15:53:15,3647.03,travel,mobile_app,0,0.0009,ALLOW,1
2023-12-20 15:58:31,524.28,fuel,in_store,0,1e-04,ALLOW,1
2023-12-20 16:01:02,4134.28,grocery,in_store,0,0.0,ALLOW,1
2023-12-20 16:06:03,674.72,travel,in_store,0,0.0003,ALLOW,1
2023-12-20 16:07:35,1303.91,entertainment,atm,0,0.005,ALLOW,1
2023-12-20 16:26:38,1294.28,jewelry,mobile_app,0,0.0004,ALLOW,1
2023-12-20 16:27:01,3962.4,fuel,in_store,0,0.0,ALLOW,1
2023-12-20 17:08:40,2998.84,restaurant,atm,0,0.0,ALLOW,1
2023-12-20 17:17:50,2566.75,pharmacy,mobile_app,0,1e-04,ALLOW,1
2023-12-20 17:24:57,428.51,electronics,online,0,1e-04,ALLOW,1
2023-12-20 17:49:43,3111.72,fuel,in_store,0,1e-04,ALLOW,1
2023-12-20 18:09:29,1386.33,restaurant,atm,0,0.0,ALLOW,1
2023-12-20 18:38:21,2574.81,online_gaming,online,0,0.0008,ALLOW,1
2023-12-20 18:56:17,842.03,pharmacy,online,0,0.0002,ALLOW,1
2023-12-20 19:33:33,341.04,online_gaming,mobile_app,0,0.002,ALLOW,1
2023-12-20 19:33:40,1002.56,travel,mobile_app,0,0.0111,ALLOW,1
2023-12-20 19:40:43,3509.05,entertainment,atm,0,0.0026,ALLOW,1
2023-12-20 21:09:00,754.85,entertainment,mobile_app,0,1e-04,ALLOW,1
2023-12-20 21:20:36,444.72,travel,atm,0,1e-04,ALLOW,1
2023-12-20 21:21:04,1520.04,grocery,mobile_app,0,0.0,ALLOW,1
2023-12-20 21:22:17,1017.15,entertainment,in_store,0,1e-04,ALLOW,1
2023-12-20 21:23:04,150.77,jewelry,in_store,0,1e-04,ALLOW,1
2023-12-20 21:29:23,1673.75,fuel,mobile_app,0,0.0003,ALLOW,1
2023-12-20 21:37:37,822.2,jewelry,mobile_app,0,0.0002,ALLOW,1
2023-12-20 21:42:14,80.35,grocery,atm,0,0.0002,ALLOW,1
2023-12-20 22:37:31,1137.81,electronics,in_store,0,0.001,ALLOW,1
2023-12-20 22:37:45,3080.05,online_gaming,in_store,0,0.0002,ALLOW,1
2023-12-20 22:56:50,2666.6,entertainment,mobile_app,0,0.0,ALLOW,1
2023-12-20 23:02:22,94.58,online_gaming,in_store,0,0.0003,ALLOW,1
2023-12-20 23:11:25,787.87,clothing,online,0,0.0024,ALLOW,1
2023-12-20 23:14:44,129.27,clothing,atm,0,0.0002,ALLOW,1
2023-12-20 23:30:52,3718.89,online_gaming,mobile_app,0,0.0003,ALLOW,1
2023-12-20 23:38:53,877.5,clothing,online,0,0.0002,ALLOW,1
2023-12-20 23:50:41,1712.36,restaurant,mobile_app,0,0.0103,ALLOW,1
2023-12-20 23:53:52,1995.82,grocery,mobile_app,0,0.0003,ALLOW,1
2023-12-21 00:00:04,766.5,online_gaming,atm,0,0.0003,ALLOW,1
2023-12-21 00:18:56,756.49,grocery,online,0,0.0027,ALLOW,1
2023-12-21 00:27:01,2220.96,restaurant,atm,0,0.0,ALLOW,1
2023-12-21 00:40:30,471.04,entertainment,mobile_app,0,1e-04,ALLOW,1
2023-12-21 00:41:56,1695.42,travel,in_store,0,0.0003,ALLOW,1
2023-12-21 00:42:19,3984.94,clothing,in_store,0,0.0003,ALLOW,1
2023-12-21 01:22:02,418.18,restaurant,in_store,0,0.0009,ALLOW,1
2023-12-21 01:34:25,850.02,jewelry,online,0,1e-04,ALLOW,1
2023-12-21 01:38:41,3924.76,entertainment,online,0,0.0003,ALLOW,1
2023-12-21 01:45:37,439.65,grocery,mobile_app,0,0.0002,ALLOW,1
2023-12-21 02:02:37,779.24,electronics,in_store,0,1e-04,ALLOW,1
2023-12-21 02:10:48,595.5,online_gaming,online,0,1e-04,ALLOW,1
2023-12-21 02:14:37,1001.34,restaurant,mobile_app,0,1e-04,ALLOW,1
2023-12-21 02:14:44,629.27,clothing,atm,0,1e-04,ALLOW,1
2023-12-21 02:24:40,3839.04,jewelry,in_store,0,0.0006,ALLOW,1
2023-12-21 02:37:43,1107.14,clothing,online,0,0.0005,ALLOW,1
2023-12-21 02:40:13,1211.48,pharmacy,atm,0,0.0,ALLOW,1
2023-12-21 02:42:04,632.97,clothing,atm,0,1e-04,ALLOW,1
2023-12-21 02:47:05,341.53,online_gaming,in_store,0,0.0007,ALLOW,1
2023-12-21 03:02:11,865.87,entertainment,mobile_app,0,0.0008,ALLOW,1
2023-12-21 03:04:32,688.57,electronics,atm,0,1e-04,ALLOW,1
2023-12-21 03:09:03,456.79,grocery,mobile_app,0,0.0003,ALLOW,1
2023-12-21 03:39:19,3131.07,pharmacy,mobile_app,0,0.0,ALLOW,1
2023-12-21 03:40:44,1149.92,online_gaming,online,0,1e-04,ALLOW,1
2023-12-21 03:53:04,2291.41,electronics,in_store,0,0.0002,ALLOW,1
2023-12-21 03:57:31,128.54,electronics,atm,0,1e-04,ALLOW,1
2023-12-21 03:58:26,3691.66,entertainment,mobile_app,0,1e-04,ALLOW,1
2023-12-21 04:02:35,2683.48,fuel,online,0,0.0,ALLOW,1
2023-12-21 04:22:16,504.61,pharmacy,atm,0,1e-04,ALLOW,1
2023-12-21 04:33:53,487.35,entertainment,in_store,0,0.0004,ALLOW,1
2023-12-21 04:57:37,4795.87,jewelry,online,0,0.0003,ALLOW,1
2023-12-21 05:12:04,212.49,clothing,mobile_app,0,0.0086,ALLOW,1
2023-12-21 05:19:01,10125.92,travel,online,0,0.2343,REVIEW,0
2023-12-21 05:21:50,94.56,fuel,online,0,0.0003,ALLOW,1
2023-12-21 05:26:59,5316.98,online_gaming,online,1,0.9907,REVIEW,1
2023-12-21 05:33:59,3355.78,clothing,mobile_app,0,0.0,ALLOW,1
2023-12-21 05:38:39,1728.66,clothing,atm,0,0.0013,ALLOW,1
2023-12-21 05:53:54,13.86,pharmacy,mobile_app,0,0.0004,ALLOW,1
2023-12-21 06:25:15,3266.04,travel,in_store,0,0.001,ALLOW,1
2023-12-21 06:36:36,1289.09,grocery,atm,0,0.0002,ALLOW,1
2023-12-21 06:44:18,375.47,electronics,online,0,0.0,ALLOW,1
2023-12-21 06:53:32,761.48,electronics,in_store,0,0.0002,ALLOW,1
2023-12-21 07:19:02,647.53,electronics,in_store,0,1e-04,ALLOW,1
2023-12-21 07:33:55,223.94,electronics,atm,0,0.0004,ALLOW,1
2023-12-21 07:39:33,1932.4,entertainment,atm,0,1e-04,ALLOW,1
2023-12-21 07:42:09,617.98,clothing,mobile_app,0,0.0014,ALLOW,1
2023-12-21 07:51:21,1077.23,travel,mobile_app,0,1e-04,ALLOW,1
2023-12-21 08:21:33,1187.49,grocery,atm,0,0.0003,ALLOW,1
2023-12-21 08:42:07,397.39,pharmacy,in_store,0,1e-04,ALLOW,1
2023-12-21 08:51:31,368.41,grocery,mobile_app,0,0.0,ALLOW,1
2023-12-21 08:51:55,35.52,electronics,in_store,0,0.0002,ALLOW,1
2023-12-21 08:53:54,1094.94,grocery,in_store,0,1e-04,ALLOW,1
2023-12-21 08:56:53,622.36,jewelry,in_store,0,0.0003,ALLOW,1
2023-12-21 09:06:10,1079.01,restaurant,in_store,0,0.0005,ALLOW,1
2023-12-21 09:22:14,2242.61,jewelry,mobile_app,0,0.0003,ALLOW,1
2023-12-21 09:25:52,3757.34,pharmacy,atm,0,0.0002,ALLOW,1
2023-12-21 09:36:10,2373.97,restaurant,atm,0,0.0008,ALLOW,1
2023-12-21 09:42:50,100.46,pharmacy,in_store,0,0.0002,ALLOW,1
2023-12-21 09:56:56,2209.87,online_gaming,mobile_app,0,0.0003,ALLOW,1
2023-12-21 10:01:44,3851.98,jewelry,atm,0,0.0003,ALLOW,1
2023-12-21 10:02:28,2826.43,electronics,atm,0,1e-04,ALLOW,1
2023-12-21 10:03:37,4144.32,clothing,mobile_app,0,0.0002,ALLOW,1
2023-12-21 10:08:56,2491.15,clothing,in_store,0,0.001,ALLOW,1
2023-12-21 10:15:53,1614.77,electronics,in_store,0,0.0002,ALLOW,1
2023-12-21 10:22:33,243.81,online_gaming,mobile_app,0,0.0004,ALLOW,1
2023-12-21 10:42:04,121.8,restaurant,mobile_app,0,0.0005,ALLOW,1
2023-12-21 11:26:11,2469.57,fuel,mobile_app,0,0.0024,ALLOW,1
2023-12-21 11:49:57,495.05,pharmacy,mobile_app,0,0.0002,ALLOW,1
2023-12-21 12:06:10,24.34,clothing,in_store,0,0.0003,ALLOW,1
2023-12-21 12:11:29,90.27,pharmacy,atm,0,0.0004,ALLOW,1
2023-12-21 12:13:11,2926.61,grocery,in_store,0,1e-04,ALLOW,1
2023-12-21 12:14:43,2578.67,jewelry,online,0,0.0,ALLOW,1
2023-12-21 12:21:39,2489.46,travel,atm,0,0.0014,ALLOW,1
2023-12-21 12:21:58,461.83,clothing,in_store,0,0.0014,ALLOW,1
2023-12-21 12:23:50,3499.61,fuel,atm,0,0.001,ALLOW,1
2023-12-21 13:00:13,2048.41,clothing,mobile_app,0,1e-04,ALLOW,1
2023-12-21 13:11:41,188.14,pharmacy,online,0,0.0006,ALLOW,1
2023-12-21 13:16:36,7807.03,pharmacy,online,0,0.0043,ALLOW,1
2023-12-21 13:32:06,765.12,online_gaming,in_store,0,1e-04,ALLOW,1
2023-12-21 13:42:31,451.14,grocery,atm,0,0.0002,ALLOW,1
2023-12-21 13:43:47,534.07,restaurant,online,0,0.0002,ALLOW,1
2023-12-21 13:43:56,1477.18,grocery,in_store,0,1e-04,ALLOW,1
2023-12-21 14:08:56,987.9,online_gaming,mobile_app,0,1e-04,ALLOW,1
2023-12-21 14:17:04,491.87,pharmacy,atm,0,1e-04,ALLOW,1
2023-12-21 14:40:15,1296.14,electronics,atm,0,0.0051,ALLOW,1
2023-12-21 14:46:49,1320.5,fuel,in_store,0,0.0009,ALLOW,1
2023-12-21 15:00:05,2530.12,online_gaming,in_store,0,0.0023,ALLOW,1
2023-12-21 15:16:35,602.15,online_gaming,mobile_app,0,0.0004,ALLOW,1
2023-12-21 15:17:52,152.05,grocery,mobile_app,0,0.0004,ALLOW,1
2023-12-21 15:19:58,38.43,entertainment,mobile_app,0,1e-04,ALLOW,1
2023-12-21 15:20:31,6992.42,grocery,online,0,0.0392,ALLOW,1
2023-12-21 15:41:15,696.8,fuel,mobile_app,0,0.0016,ALLOW,1
2023-12-21 15:43:16,1481.36,online_gaming,atm,1,0.864,REVIEW,1
2023-12-21 15:53:24,3764.66,online_gaming,in_store,0,0.0002,ALLOW,1
2023-12-21 15:57:11,1009.48,electronics,online,0,0.0,ALLOW,1
2023-12-21 16:13:57,740.41,grocery,mobile_app,0,0.0,ALLOW,1
2023-12-21 16:15:47,2339.0,electronics,in_store,0,0.0002,ALLOW,1
2023-12-21 16:31:39,1685.0,jewelry,online,0,0.0128,ALLOW,1
2023-12-21 16:33:16,1332.1,online_gaming,mobile_app,0,0.0,ALLOW,1
2023-12-21 16:40:48,3869.74,jewelry,atm,0,0.0002,ALLOW,1
2023-12-21 16:43:02,476.48,travel,mobile_app,0,1e-04,ALLOW,1
2023-12-21 16:47:07,2785.38,restaurant,online,0,0.0,ALLOW,1
2023-12-21 17:06:14,2005.33,fuel,online,0,0.0,ALLOW,1
2023-12-21 17:06:58,762.4,entertainment,atm,0,1e-04,ALLOW,1
2023-12-21 17:07:14,575.37,online_gaming,in_store,0,1e-04,ALLOW,1
2023-12-21 17:51:36,2269.72,restaurant,online,1,0.9999,REVIEW,1
2023-12-21 18:10:32,2367.68,electronics,atm,0,0.001,ALLOW,1
2023-12-21 18:18:59,525.29,entertainment,atm,0,0.0002,ALLOW,1
2023-12-21 18:24:49,1629.47,clothing,mobile_app,0,0.0006,ALLOW,1
2023-12-21 18:59:14,862.48,fuel,mobile_app,0,1e-04,ALLOW,1
2023-12-21 19:08:30,395.08,fuel,atm,0,0.0002,ALLOW,1
2023-12-21 19:09:03,3198.71,fuel,mobile_app,0,0.0008,ALLOW,1
2023-12-21 19:12:39,2495.64,travel,mobile_app,0,0.0,ALLOW,1
2023-12-21 19:14:40,959.6,online_gaming,atm,0,1e-04,ALLOW,1
2023-12-21 19:26:12,610.23,pharmacy,mobile_app,0,0.0003,ALLOW,1
2023-12-21 19:50:27,1795.23,fuel,atm,0,0.0002,ALLOW,1
2023-12-21 20:43:09,3112.76,entertainment,mobile_app,0,0.0004,ALLOW,1
2023-12-21 20:58:02,382.81,fuel,atm,0,0.0011,ALLOW,1
2023-12-21 21:07:08,1497.08,pharmacy,atm,0,0.0005,ALLOW,1
2023-12-21 21:09:40,443.42,restaurant,atm,0,0.0069,ALLOW,1
2023-12-21 21:17:11,5112.15,online_gaming,mobile_app,0,0.0033,ALLOW,1
2023-12-21 21:37:51,633.67,entertainment,mobile_app,0,0.0,ALLOW,1
2023-12-21 21:40:04,246.08,entertainment,mobile_app,0,1e-04,ALLOW,1
2023-12-21 21:50:52,532.51,online_gaming,in_store,0,0.0002,ALLOW,1
2023-12-21 21:52:16,398.34,entertainment,mobile_app,0,0.0005,ALLOW,1
2023-12-21 21:55:46,487.36,restaurant,in_store,0,0.0003,ALLOW,1
2023-12-21 22:11:23,433.95,fuel,mobile_app,0,0.0005,ALLOW,1
2023-12-21 22:18:43,258.67,online_gaming,mobile_app,0,0.0006,ALLOW,1
2023-12-21 22:19:36,318.09,entertainment,online,0,1e-04,ALLOW,1
2023-12-21 22:36:40,599.73,online_gaming,in_store,0,0.0004,ALLOW,1
2023-12-21 22:41:34,444.38,online_gaming,in_store,0,0.0002,ALLOW,1
2023-12-21 22:42:13,1073.21,travel,online,0,0.0111,ALLOW,1
2023-12-21 22:53:13,1025.57,online_gaming,in_store,0,0.0005,ALLOW,1
2023-12-21 22:58:58,1528.38,clothing,online,0,0.0003,ALLOW,1
2023-12-21 23:01:51,399.13,fuel,online,0,0.0003,ALLOW,1
2023-12-21 23:04:01,1904.07,clothing,atm,0,0.0007,ALLOW,1
2023-12-21 23:04:10,841.48,entertainment,online,0,1e-04,ALLOW,1
2023-12-21 23:07:39,1348.72,fuel,mobile_app,0,0.0,ALLOW,1
2023-12-21 23:38:30,2508.89,grocery,atm,0,1e-04,ALLOW,1
2023-12-21 23:43:09,1981.95,jewelry,online,0,1e-04,ALLOW,1
2023-12-21 23:48:28,511.06,grocery,online,0,0.0003,ALLOW,1
2023-12-21 23:49:03,40.69,electronics,in_store,0,0.0002,ALLOW,1
2023-12-21 23:57:02,1096.83,fuel,in_store,0,0.0006,ALLOW,1
2023-12-21 23:58:48,80.7,entertainment,in_store,0,0.0015,ALLOW,1
2023-12-22 00:19:43,3217.38,clothing,online,0,0.0006,ALLOW,1
2023-12-22 00:20:24,93.03,fuel,atm,0,0.0003,ALLOW,1
2023-12-22 00:26:25,524.38,fuel,in_store,0,0.0006,ALLOW,1
2023-12-22 00:40:05,1962.41,online_gaming,online,0,0.0002,ALLOW,1
2023-12-22 00:45:40,790.95,entertainment,atm,0,0.0004,ALLOW,1
2023-12-22 00:51:42,790.68,fuel,atm,0,1e-04,ALLOW,1
2023-12-22 01:11:18,678.4,travel,in_store,0,1e-04,ALLOW,1
2023-12-22 01:12:33,361.08,grocery,in_store,0,0.0017,ALLOW,1
2023-12-22 01:23:28,1544.19,pharmacy,in_store,0,0.0006,ALLOW,1
2023-12-22 01:34:06,2651.32,restaurant,mobile_app,0,0.0,ALLOW,1
2023-12-22 01:45:17,3296.83,grocery,online,0,0.0002,ALLOW,1
2023-12-22 01:56:47,3308.38,entertainment,in_store,0,0.009,ALLOW,1
2023-12-22 02:55:16,319.47,fuel,online,0,0.001,ALLOW,1
2023-12-22 02:59:26,821.0,electronics,mobile_app,0,1e-04,ALLOW,1
2023-12-22 03:02:23,757.87,fuel,in_store,0,1e-04,ALLOW,1
2023-12-22 03:15:27,944.67,clothing,atm,0,0.0005,ALLOW,1
2023-12-22 03:16:00,1116.24,jewelry,atm,0,0.0121,ALLOW,1
2023-12-22 03:17:02,1073.08,online_gaming,online,0,0.0003,ALLOW,1
2023-12-22 03:27:47,1295.08,online_gaming,mobile_app,0,1e-04,ALLOW,1
2023-12-22 03:39:20,600.51,online_gaming,atm,0,1e-04,ALLOW,1
2023-12-22 03:47:39,186.35,jewelry,atm,0,0.0005,ALLOW,1
2023-12-22 03:49:11,675.55,clothing,in_store,0,0.0009,ALLOW,1
2023-12-22 03:59:18,153.29,grocery,mobile_app,0,0.0006,ALLOW,1
2023-12-22 04:00:57,1195.89,travel,atm,0,1e-04,ALLOW,1
2023-12-22 04:19:33,2215.05,travel,atm,0,0.0004,ALLOW,1
2023-12-22 04:26:38,6084.1,clothing,atm,0,0.0006,ALLOW,1
2023-12-22 04:28:58,1089.74,online_gaming,in_store,0,0.0005,ALLOW,1
2023-12-22 04:30:09,135.46,entertainment,atm,0,0.0003,ALLOW,1
2023-12-22 04:46:14,1455.44,grocery,atm,0,0.0,ALLOW,1
2023-12-22 04:50:35,616.7,pharmacy,atm,0,1e-04,ALLOW,1
2023-12-22 05:00:32,275.99,pharmacy,mobile_app,0,1e-04,ALLOW,1
2023-12-22 05:12:27,2096.18,grocery,atm,0,0.0,ALLOW,1
2023-12-22 05:23:03,1326.18,restaurant,mobile_app,0,0.0006,ALLOW,1
2023-12-22 05:35:00,836.67,travel,mobile_app,0,0.0081,ALLOW,1
2023-12-22 05:41:46,4607.16,entertainment,atm,0,0.0003,ALLOW,1
2023-12-22 05:56:19,2089.32,electronics,online,0,0.0002,ALLOW,1
2023-12-22 06:08:07,709.15,electronics,online,0,0.0015,ALLOW,1
2023-12-22 06:11:34,329.96,pharmacy,online,0,0.0,ALLOW,1
2023-12-22 06:12:09,2958.15,electronics,in_store,0,0.0004,ALLOW,1
2023-12-22 06:13:38,394.07,jewelry,in_store,0,0.0007,ALLOW,1
2023-12-22 06:14:07,1792.16,jewelry,online,0,0.0,ALLOW,1
2023-12-22 06:27:02,4893.78,clothing,atm,0,1e-04,ALLOW,1
2023-12-22 06:45:18,289.89,clothing,online,0,1e-04,ALLOW,1
2023-12-22 06:48:26,10360.43,clothing,mobile_app,0,0.0174,ALLOW,1
2023-12-22 07:12:54,45.88,travel,mobile_app,0,0.0003,ALLOW,1
2023-12-22 07:45:18,4981.87,restaurant,online,0,0.0002,ALLOW,1
2023-12-22 08:21:54,2048.36,travel,mobile_app,0,1e-04,ALLOW,1
2023-12-22 08:45:15,2678.5,online_gaming,in_store,0,1e-04,ALLOW,1
2023-12-22 08:49:39,290.16,clothing,in_store,0,0.0002,ALLOW,1
2023-12-22 09:14:47,1542.33,grocery,online,0,1e-04,ALLOW,1
2023-12-22 09:36:50,6248.53,grocery,in_store,0,0.0003,ALLOW,1
2023-12-22 09:38:13,2487.63,restaurant,mobile_app,0,0.0003,ALLOW,1
2023-12-22 09:58:56,614.51,clothing,in_store,0,0.0003,ALLOW,1
2023-12-22 10:18:54,2056.93,restaurant,in_store,0,1e-04,ALLOW,1
2023-12-22 10:21:48,2571.58,jewelry,in_store,0,0.0119,ALLOW,1
2023-12-22 10:30:10,499.51,jewelry,in_store,0,1e-04,ALLOW,1
2023-12-22 10:30:17,2655.0,online_gaming,online,0,1e-04,ALLOW,1
2023-12-22 10:36:36,2391.87,restaurant,mobile_app,0,0.0,ALLOW,1
2023-12-22 10:38:01,203.97,travel,mobile_app,0,0.0002,ALLOW,1
2023-12-22 10:38:36,936.31,entertainment,in_store,0,0.0003,ALLOW,1
2023-12-22 11:00:42,1373.47,jewelry,in_store,0,1e-04,ALLOW,1
2023-12-22 11:02:40,2779.02,grocery,mobile_app,0,0.0,ALLOW,1
2023-12-22 11:10:47,296.41,electronics,online,0,1e-04,ALLOW,1
2023-12-22 11:14:13,2034.28,grocery,atm,0,0.0002,ALLOW,1
2023-12-22 11:17:19,469.76,clothing,in_store,0,1e-04,ALLOW,1
2023-12-22 11:18:53,535.47,online_gaming,atm,0,1e-04,ALLOW,1
2023-12-22 11:33:25,327.64,clothing,online,0,1e-04,ALLOW,1
2023-12-22 11:41:33,5980.45,grocery,online,0,0.0,ALLOW,1
2023-12-22 11:48:59,161.18,electronics,mobile_app,0,0.0006,ALLOW,1
2023-12-22 12:08:17,1859.06,pharmacy,online,0,0.0,ALLOW,1
2023-12-22 12:12:41,1221.72,fuel,atm,0,0.0,ALLOW,1
2023-12-22 12:21:13,2655.65,electronics,mobile_app,0,0.001,ALLOW,1
2023-12-22 12:46:05,1179.73,grocery,atm,0,0.0003,ALLOW,1
2023-12-22 13:16:07,1090.48,travel,mobile_app,0,0.0005,ALLOW,1
2023-12-22 13:17:06,1205.47,pharmacy,atm,0,1e-04,ALLOW,1
2023-12-22 13:19:48,3562.71,entertainment,atm,0,0.0021,ALLOW,1
2023-12-22 13:23:18,1102.17,online_gaming,atm,0,0.0,ALLOW,1
2023-12-22 13:29:34,1572.2,entertainment,atm,0,0.0007,ALLOW,1
2023-12-22 13:40:25,1284.92,electronics,mobile_app,0,0.0077,ALLOW,1
2023-12-22 13:40:38,34.33,jewelry,online,0,0.0003,ALLOW,1
2023-12-22 13:45:13,101.81,clothing,mobile_app,0,0.0004,ALLOW,1
2023-12-22 13:51:18,2144.29,electronics,atm,0,0.0002,ALLOW,1
2023-12-22 14:05:18,296.1,grocery,mobile_app,0,0.0005,ALLOW,1
2023-12-22 14:39:08,391.46,pharmacy,online,0,0.0002,ALLOW,1
2023-12-22 14:49:04,3167.12,pharmacy,in_store,0,0.0,ALLOW,1
2023-12-22 14:58:19,312.21,travel,in_store,0,1e-04,ALLOW,1
2023-12-22 15:04:25,88.77,entertainment,atm,0,0.0005,ALLOW,1
2023-12-22 15:07:43,2009.86,grocery,mobile_app,0,0.0,ALLOW,1
2023-12-22 15:23:40,2318.06,fuel,mobile_app,0,0.0,ALLOW,1
2023-12-22 15:36:05,373.9,jewelry,in_store,0,0.0016,ALLOW,1
2023-12-22 15:38:58,349.32,grocery,mobile_app,0,0.0002,ALLOW,1
2023-12-22 15:47:56,3287.29,electronics,mobile_app,0,0.0002,ALLOW,1
2023-12-22 15:55:31,1837.4,restaurant,in_store,0,0.0006,ALLOW,1
2023-12-22 15:59:28,824.82,pharmacy,mobile_app,0,0.0006,ALLOW,1
2023-12-22 16:13:34,1068.1,restaurant,atm,0,0.0002,ALLOW,1
2023-12-22 16:18:47,463.47,entertainment,in_store,0,0.0008,ALLOW,1
2023-12-22 16:21:28,171.66,restaurant,online,0,0.0004,ALLOW,1
2023-12-22 16:36:18,653.78,clothing,online,0,1e-04,ALLOW,1
2023-12-22 16:45:00,2706.16,entertainment,in_store,0,0.0016,ALLOW,1
2023-12-22 16:50:56,1581.68,online_gaming,atm,0,1e-04,ALLOW,1
2023-12-22 17:08:46,561.79,pharmacy,mobile_app,0,0.0003,ALLOW,1
2023-12-22 17:29:38,433.43,electronics,mobile_app,0,1e-04,ALLOW,1
2023-12-22 17:54:05,980.57,entertainment,atm,0,0.0041,ALLOW,1
2023-12-22 18:04:55,560.98,jewelry,atm,0,0.0002,ALLOW,1
2023-12-22 18:24:15,694.56,entertainment,online,0,1e-04,ALLOW,1
2023-12-22 18:45:39,585.58,entertainment,atm,0,0.0,ALLOW,1
2023-12-22 18:54:10,1598.31,entertainment,online,0,1e-04,ALLOW,1
2023-12-22 18:59:39,1338.24,online_gaming,online,0,0.0002,ALLOW,1
2023-12-22 19:17:54,1180.7,travel,in_store,0,1e-04,ALLOW,1
2023-12-22 19:19:02,677.27,jewelry,mobile_app,0,1e-04,ALLOW,1
2023-12-22 19:20:30,374.96,entertainment,in_store,0,0.0011,ALLOW,1
2023-12-22 19:30:00,2448.06,online_gaming,atm,0,0.0035,ALLOW,1
2023-12-22 19:34:15,251.03,pharmacy,in_store,0,0.0007,ALLOW,1
2023-12-22 19:43:38,187.59,entertainment,atm,0,0.0002,ALLOW,1
2023-12-22 20:04:41,3496.51,clothing,atm,0,0.0003,ALLOW,1
2023-12-22 20:13:37,1446.48,grocery,mobile_app,0,1e-04,ALLOW,1
2023-12-22 20:28:16,338.41,jewelry,atm,0,1e-04,ALLOW,1
2023-12-22 20:37:13,3018.21,online_gaming,mobile_app,0,0.0098,ALLOW,1
2023-12-22 20:56:26,2994.27,fuel,atm,0,0.0,ALLOW,1
2023-12-22 21:00:29,3116.77,fuel,atm,0,0.0,ALLOW,1
2023-12-22 21:09:34,1423.47,clothing,mobile_app,0,1e-04,ALLOW,1
2023-12-22 21:10:20,2674.0,jewelry,in_store,1,0.9998,REVIEW,1
2023-12-22 21:35:13,2804.11,grocery,atm,0,1e-04,ALLOW,1
2023-12-22 21:38:00,1902.73,clothing,mobile_app,0,1e-04,ALLOW,1
2023-12-22 21:41:27,1359.98,fuel,online,0,0.0,ALLOW,1
2023-12-22 22:26:49,1304.31,entertainment,online,0,0.0,ALLOW,1
2023-12-22 22:28:16,1119.62,restaurant,online,0,1e-04,ALLOW,1
2023-12-22 22:30:16,305.24,travel,mobile_app,0,0.0009,ALLOW,1
2023-12-22 22:50:07,2915.0,fuel,online,0,0.0005,ALLOW,1
2023-12-22 22:51:44,610.9,jewelry,atm,0,0.0003,ALLOW,1
2023-12-22 22:57:00,3017.93,jewelry,mobile_app,0,1e-04,ALLOW,1
2023-12-22 23:09:13,162.18,jewelry,online,0,0.0005,ALLOW,1
2023-12-22 23:12:59,356.81,fuel,mobile_app,0,1e-04,ALLOW,1
2023-12-22 23:18:58,673.8,grocery,mobile_app,0,1e-04,ALLOW,1
2023-12-22 23:26:31,2865.72,jewelry,in_store,0,0.0008,ALLOW,1
2023-12-22 23:40:57,738.57,travel,mobile_app,0,0.003,ALLOW,1
2023-12-22 23:43:34,13.68,travel,in_store,0,0.0017,ALLOW,1
2023-12-22 23:51:14,4194.27,pharmacy,mobile_app,0,0.0006,ALLOW,1
2023-12-22 23:56:39,326.21,restaurant,mobile_app,0,0.0003,ALLOW,1
2023-12-23 00:01:28,3163.69,grocery,atm,0,0.0,ALLOW,1
2023-12-23 00:06:01,1321.73,electronics,online,0,1e-04,ALLOW,1
2023-12-23 00:24:40,77.51,jewelry,mobile_app,0,0.0009,ALLOW,1
2023-12-23 00:59:28,3454.89,jewelry,in_store,0,0.0003,ALLOW,1
2023-12-23 01:06:35,4002.29,restaurant,online,0,0.0002,ALLOW,1
2023-12-23 01:10:26,385.24,entertainment,online,0,0.0002,ALLOW,1
2023-12-23 01:18:05,314.9,fuel,in_store,0,1e-04,ALLOW,1
2023-12-23 01:32:35,396.13,travel,online,0,1e-04,ALLOW,1
2023-12-23 01:54:28,213.87,electronics,atm,0,1e-04,ALLOW,1
2023-12-23 01:55:43,1198.29,clothing,online,0,0.0011,ALLOW,1
2023-12-23 01:56:37,1692.76,clothing,atm,0,0.0005,ALLOW,1
2023-12-23 01:57:36,78.89,fuel,in_store,0,0.0009,ALLOW,1
2023-12-23 02:04:06,1798.64,electronics,online,0,0.0002,ALLOW,1
2023-12-23 02:17:34,10.0,clothing,mobile_app,0,0.0005,ALLOW,1
2023-12-23 02:19:37,575.61,fuel,atm,0,0.0,ALLOW,1
2023-12-23 02:31:27,198.75,travel,atm,0,1e-04,ALLOW,1
2023-12-23 02:39:25,174.51,restaurant,mobile_app,0,0.0002,ALLOW,1
2023-12-23 02:40:29,97.18,electronics,atm,0,1e-04,ALLOW,1
2023-12-23 02:46:59,964.35,online_gaming,in_store,0,0.0002,ALLOW,1
2023-12-23 02:47:20,1188.26,grocery,atm,0,0.0002,ALLOW,1
2023-12-23 02:58:22,2454.86,online_gaming,online,0,0.001,ALLOW,1
2023-12-23 03:15:53,3604.02,electronics,online,0,1e-04,ALLOW,1
2023-12-23 03:17:12,576.62,online_gaming,online,0,0.0002,ALLOW,1
2023-12-23 03:42:31,1773.35,clothing,online,0,0.0008,ALLOW,1
2023-12-23 03:43:57,180.93,grocery,mobile_app,0,0.0003,ALLOW,1
2023-12-23 03:47:59,1019.28,pharmacy,in_store,0,0.0002,ALLOW,1
2023-12-23 03:51:18,408.94,electronics,mobile_app,0,0.0003,ALLOW,1
2023-12-23 03:58:12,3162.44,travel,in_store,0,0.0009,ALLOW,1
2023-12-23 04:16:20,906.58,jewelry,in_store,0,0.0003,ALLOW,1
2023-12-23 04:18:52,811.19,restaurant,mobile_app,0,0.0002,ALLOW,1
2023-12-23 04:24:23,43.04,restaurant,online,0,1e-04,ALLOW,1
2023-12-23 04:26:42,1978.53,restaurant,mobile_app,0,0.0153,ALLOW,1
2023-12-23 04:41:35,919.91,fuel,mobile_app,0,0.0,ALLOW,1
2023-12-23 04:46:10,922.02,fuel,in_store,0,0.0002,ALLOW,1
2023-12-23 04:57:21,454.66,online_gaming,online,0,1e-04,ALLOW,1
2023-12-23 05:06:51,2001.3,jewelry,mobile_app,0,0.0004,ALLOW,1
2023-12-23 05:18:20,1925.36,electronics,atm,0,0.0005,ALLOW,1
2023-12-23 05:18:57,799.29,restaurant,in_store,0,1e-04,ALLOW,1
2023-12-23 05:23:34,1690.61,jewelry,online,0,0.0002,ALLOW,1
2023-12-23 05:26:59,42.53,online_gaming,atm,0,1e-04,ALLOW,1
2023-12-23 05:29:48,581.04,clothing,online,0,1e-04,ALLOW,1
2023-12-23 05:35:42,640.95,entertainment,mobile_app,0,1e-04,ALLOW,1
2023-12-23 05:52:36,3477.83,online_gaming,atm,0,0.0003,ALLOW,1
2023-12-23 05:55:41,3002.71,entertainment,online,0,1e-04,ALLOW,1
2023-12-23 06:05:37,184.32,clothing,atm,0,0.0016,ALLOW,1
2023-12-23 06:06:46,10.0,pharmacy,online,0,0.0002,ALLOW,1
2023-12-23 06:16:56,666.16,entertainment,online,0,1e-04,ALLOW,1
2023-12-23 06:18:40,995.77,grocery,mobile_app,0,0.0044,ALLOW,1
2023-12-23 06:35:44,1932.5,fuel,mobile_app,0,0.0003,ALLOW,1
2023-12-23 06:49:54,391.76,online_gaming,atm,0,0.0015,ALLOW,1
2023-12-23 06:50:31,2176.91,fuel,atm,0,0.0004,ALLOW,1
2023-12-23 06:52:41,1831.31,grocery,in_store,0,0.0014,ALLOW,1
2023-12-23 06:53:27,1209.05,clothing,online,0,0.0,ALLOW,1
2023-12-23 07:00:57,6763.95,grocery,online,0,0.0,ALLOW,1
2023-12-23 07:04:53,1390.96,electronics,in_store,0,1e-04,ALLOW,1
2023-12-23 07:17:27,1873.0,jewelry,atm,0,0.0002,ALLOW,1
2023-12-23 07:27:06,40.96,electronics,mobile_app,0,0.0003,ALLOW,1
2023-12-23 07:59:28,1377.14,restaurant,atm,1,0.9994,REVIEW,1
2023-12-23 08:03:17,365.55,clothing,in_store,0,0.0028,ALLOW,1
2023-12-23 08:04:35,135.36,fuel,in_store,0,0.0007,ALLOW,1
2023-12-23 08:22:52,1965.26,online_gaming,atm,0,0.0002,ALLOW,1
2023-12-23 08:29:33,3016.34,electronics,online,0,0.0004,ALLOW,1
2023-12-23 08:55:29,1214.13,travel,in_store,0,0.017,ALLOW,1
2023-12-23 09:02:57,236.17,clothing,online,0,0.001,ALLOW,1
2023-12-23 09:21:55,6304.46,fuel,online,0,0.0,ALLOW,1
2023-12-23 09:27:44,188.25,restaurant,online,0,0.0002,ALLOW,1
2023-12-23 09:52:18,1820.76,entertainment,atm,0,0.0005,ALLOW,1
2023-12-23 09:57:00,5162.76,travel,online,0,0.0201,ALLOW,1
2023-12-23 10:06:11,1222.58,online_gaming,mobile_app,0,0.0003,ALLOW,1
2023-12-23 10:12:33,778.75,restaurant,online,0,1e-04,ALLOW,1
2023-12-23 10:14:17,10.0,online_gaming,mobile_app,0,0.0002,ALLOW,1
2023-12-23 10:33:47,106.46,pharmacy,atm,0,0.0008,ALLOW,1
2023-12-23 10:35:19,1428.91,restaurant,mobile_app,0,0.0011,ALLOW,1
2023-12-23 10:40:31,3032.79,restaurant,online,0,0.0014,ALLOW,1
2023-12-23 10:42:12,1083.55,fuel,mobile_app,0,1e-04,ALLOW,1
2023-12-23 10:52:38,388.98,pharmacy,atm,0,0.0027,ALLOW,1
2023-12-23 10:55:56,1158.82,fuel,online,0,1e-04,ALLOW,1
2023-12-23 11:10:25,3097.89,fuel,online,0,0.0,ALLOW,1
2023-12-23 11:19:11,2982.8,fuel,online,0,1e-04,ALLOW,1
2023-12-23 11:32:22,167.01,restaurant,mobile_app,0,0.0002,ALLOW,1
2023-12-23 11:42:31,1186.12,online_gaming,mobile_app,0,1e-04,ALLOW,1
2023-12-23 11:46:26,870.17,fuel,mobile_app,0,0.0003,ALLOW,1
2023-12-23 11:49:34,3211.21,fuel,mobile_app,0,0.0137,ALLOW,1
2023-12-23 12:06:29,7491.36,fuel,atm,0,0.0002,ALLOW,1
2023-12-23 12:08:05,5585.15,restaurant,in_store,0,0.0039,ALLOW,1
2023-12-23 12:17:30,2264.21,clothing,in_store,0,0.0009,ALLOW,1
2023-12-23 12:26:56,1930.98,pharmacy,online,0,0.0,ALLOW,1
2023-12-23 12:39:50,313.31,fuel,in_store,0,0.0,ALLOW,1
2023-12-23 12:48:32,2746.75,travel,in_store,0,0.0003,ALLOW,1
2023-12-23 12:52:37,1330.39,grocery,atm,0,0.0006,ALLOW,1
2023-12-23 12:52:56,1006.19,travel,atm,0,0.0002,ALLOW,1
2023-12-23 13:20:14,3272.71,entertainment,in_store,0,0.0002,ALLOW,1
2023-12-23 13:49:49,1255.56,entertainment,in_store,0,0.0,ALLOW,1
2023-12-23 13:56:08,10.0,pharmacy,atm,0,0.0002,ALLOW,1
2023-12-23 14:15:06,1718.62,electronics,in_store,0,0.0,ALLOW,1
2023-12-23 14:26:38,5075.38,online_gaming,in_store,0,1e-04,ALLOW,1
2023-12-23 14:26:41,754.58,entertainment,in_store,0,0.0004,ALLOW,1
2023-12-23 14:27:33,3689.34,clothing,mobile_app,0,0.0002,ALLOW,1
2023-12-23 14:35:33,3088.74,fuel,in_store,0,1e-04,ALLOW,1
2023-12-23 14:35:44,206.05,pharmacy,in_store,0,0.0004,ALLOW,1
2023-12-23 14:35:46,990.57,restaurant,online,0,0.0022,ALLOW,1
2023-12-23 14:39:37,548.38,grocery,mobile_app,0,1e-04,ALLOW,1
2023-12-23 14:58:58,2280.28,fuel,mobile_app,0,1e-04,ALLOW,1
2023-12-23 15:02:14,379.65,travel,online,0,1e-04,ALLOW,1
2023-12-23 15:08:23,811.76,pharmacy,in_store,0,0.0,ALLOW,1
2023-12-23 15:08:57,458.42,entertainment,in_store,0,0.0004,ALLOW,1
2023-12-23 15:09:17,1358.17,grocery,mobile_app,0,1e-04,ALLOW,1
2023-12-23 15:20:20,135.41,online_gaming,in_store,0,0.0002,ALLOW,1
2023-12-23 15:52:17,298.56,travel,online,0,0.002,ALLOW,1
2023-12-23 16:01:13,3100.95,restaurant,mobile_app,0,0.001,ALLOW,1
2023-12-23 16:04:48,532.41,online_gaming,mobile_app,0,0.0,ALLOW,1
2023-12-23 16:30:13,1031.89,entertainment,in_store,0,0.0005,ALLOW,1
2023-12-23 16:41:40,2412.65,electronics,atm,0,1e-04,ALLOW,1
2023-12-23 16:42:04,827.86,travel,online,0,0.0533,ALLOW,1
2023-12-23 16:45:35,1164.46,clothing,mobile_app,0,0.0121,ALLOW,1
2023-12-23 16:49:37,2211.32,clothing,online,0,1e-04,ALLOW,1
2023-12-23 16:49:51,2397.71,online_gaming,atm,0,0.0002,ALLOW,1
2023-12-23 16:56:01,1214.02,fuel,atm,0,0.0,ALLOW,1
2023-12-23 17:00:10,1472.5,travel,atm,0,0.0,ALLOW,1
2023-12-23 17:15:22,37.47,travel,atm,0,1e-04,ALLOW,1
2023-12-23 17:25:34,343.27,entertainment,in_store,0,1e-04,ALLOW,1
2023-12-23 17:27:46,63.27,restaurant,online,0,0.0029,ALLOW,1
2023-12-23 17:31:48,3048.38,electronics,atm,0,0.0002,ALLOW,1
2023-12-23 17:34:03,6262.24,jewelry,online,1,0.9999,REVIEW,1
2023-12-23 17:45:52,1270.15,fuel,online,0,0.0002,ALLOW,1
2023-12-23 17:45:53,326.77,fuel,in_store,0,0.0002,ALLOW,1
2023-12-23 17:49:13,907.43,restaurant,atm,0,1e-04,ALLOW,1
2023-12-23 18:13:59,2682.96,pharmacy,mobile_app,0,1e-04,ALLOW,1
2023-12-23 19:04:39,909.23,grocery,mobile_app,0,1e-04,ALLOW,1
2023-12-23 19:12:31,311.97,restaurant,online,0,0.0026,ALLOW,1
2023-12-23 19:27:40,1507.37,grocery,online,0,0.0,ALLOW,1
2023-12-23 19:49:15,3187.39,pharmacy,atm,0,0.0004,ALLOW,1
2023-12-23 19:51:03,1785.34,clothing,atm,0,1e-04,ALLOW,1
2023-12-23 20:05:27,37.83,jewelry,atm,0,0.0002,ALLOW,1
2023-12-23 20:14:37,633.55,grocery,mobile_app,0,1e-04,ALLOW,1
2023-12-23 20:26:31,1375.85,jewelry,in_store,0,1e-04,ALLOW,1
2023-12-23 20:29:45,10.0,online_gaming,atm,0,0.0004,ALLOW,1
2023-12-23 20:50:04,591.27,electronics,atm,0,1e-04,ALLOW,1
2023-12-23 20:51:27,1972.87,online_gaming,atm,0,0.0,ALLOW,1
2023-12-23 20:53:44,696.19,electronics,atm,0,0.001,ALLOW,1
2023-12-23 21:05:17,3211.5,jewelry,mobile_app,0,1e-04,ALLOW,1
2023-12-23 21:14:34,641.91,electronics,online,0,0.0,ALLOW,1
2023-12-23 21:19:39,3971.49,pharmacy,mobile_app,0,0.0,ALLOW,1
2023-12-23 21:37:03,518.27,restaurant,atm,0,0.0002,ALLOW,1
2023-12-23 21:43:32,1337.28,fuel,atm,0,0.0002,ALLOW,1
2023-12-23 22:11:44,1060.84,entertainment,mobile_app,0,0.0004,ALLOW,1
2023-12-23 22:21:05,879.09,electronics,online,0,0.0035,ALLOW,1
2023-12-23 22:21:47,2212.44,restaurant,in_store,0,0.0006,ALLOW,1
2023-12-23 22:27:15,3089.46,electronics,mobile_app,0,0.0002,ALLOW,1
2023-12-23 23:49:17,519.74,electronics,atm,0,1e-04,ALLOW,1
2023-12-24 00:03:32,1674.58,electronics,online,0,0.0,ALLOW,1
2023-12-24 00:05:15,111.5,fuel,mobile_app,0,0.0002,ALLOW,1
2023-12-24 00:09:36,2908.16,fuel,atm,0,0.0,ALLOW,1
2023-12-24 00:12:12,2440.54,electronics,in_store,0,0.0035,ALLOW,1
2023-12-24 00:40:24,4291.64,fuel,online,0,1e-04,ALLOW,1
2023-12-24 00:47:35,5753.84,online_gaming,atm,0,0.0,ALLOW,1
2023-12-24 00:54:56,675.03,entertainment,atm,0,0.0002,ALLOW,1
2023-12-24 01:40:11,270.53,travel,online,0,0.0004,ALLOW,1
2023-12-24 01:44:15,618.12,grocery,in_store,0,0.0011,ALLOW,1
2023-12-24 01:52:20,526.26,restaurant,mobile_app,0,0.0035,ALLOW,1
2023-12-24 02:03:59,975.6,entertainment,atm,0,0.0002,ALLOW,1
2023-12-24 02:05:37,92.11,grocery,mobile_app,0,0.0005,ALLOW,1
2023-12-24 02:26:32,10.0,online_gaming,in_store,0,0.0,ALLOW,1
2023-12-24 02:38:47,1648.7,online_gaming,mobile_app,0,0.001,ALLOW,1
2023-12-24 02:56:05,1536.65,restaurant,online,0,1e-04,ALLOW,1
2023-12-24 03:04:51,3171.72,electronics,online,0,0.0005,ALLOW,1
2023-12-24 03:21:22,373.2,pharmacy,mobile_app,0,1e-04,ALLOW,1
2023-12-24 03:34:16,984.08,jewelry,mobile_app,0,0.0208,ALLOW,1
2023-12-24 03:42:27,791.99,restaurant,atm,0,0.0077,ALLOW,1
2023-12-24 04:08:50,2273.69,pharmacy,atm,0,1e-04,ALLOW,1
2023-12-24 04:14:19,10.0,jewelry,atm,0,0.0005,ALLOW,1
2023-12-24 04:33:13,1930.4,clothing,in_store,0,1e-04,ALLOW,1
2023-12-24 04:38:05,2742.48,travel,in_store,0,0.004,ALLOW,1
2023-12-24 04:41:48,1775.56,travel,mobile_app,0,0.0002,ALLOW,1
2023-12-24 04:42:09,406.37,electronics,in_store,0,1e-04,ALLOW,1
2023-12-24 04:54:27,1738.12,fuel,in_store,0,0.0,ALLOW,1
2023-12-24 04:58:58,282.41,electronics,mobile_app,0,0.0017,ALLOW,1
2023-12-24 05:00:09,324.99,online_gaming,atm,0,1e-04,ALLOW,1
2023-12-24 05:06:40,920.48,jewelry,in_store,1,1.0,REVIEW,1
2023-12-24 05:11:29,420.65,grocery,atm,0,1e-04,ALLOW,1
2023-12-24 05:38:23,1845.29,jewelry,mobile_app,0,1e-04,ALLOW,1
2023-12-24 05:38:52,1057.08,pharmacy,mobile_app,0,1e-04,ALLOW,1
2023-12-24 05:55:01,760.14,fuel,in_store,0,0.0,ALLOW,1
2023-12-24 05:56:39,679.08,entertainment,atm,0,1e-04,ALLOW,1
2023-12-24 06:29:50,1872.84,restaurant,online,0,0.0003,ALLOW,1
2023-12-24 07:05:35,1229.2,clothing,atm,0,1e-04,ALLOW,1
2023-12-24 07:05:48,472.27,entertainment,online,0,0.0002,ALLOW,1
2023-12-24 07:11:17,984.51,pharmacy,online,0,0.0003,ALLOW,1
2023-12-24 07:20:40,2754.45,restaurant,atm,0,1e-04,ALLOW,1
2023-12-24 07:29:39,88.74,fuel,online,0,0.0002,ALLOW,1
2023-12-24 07:39:52,623.07,grocery,mobile_app,0,0.0,ALLOW,1
2023-12-24 07:47:08,537.93,fuel,atm,0,1e-04,ALLOW,1
2023-12-24 07:47:52,1107.08,entertainment,atm,0,1e-04,ALLOW,1
2023-12-24 08:03:44,495.82,online_gaming,atm,0,1e-04,ALLOW,1
2023-12-24 08:17:01,1149.24,pharmacy,atm,0,0.0,ALLOW,1
2023-12-24 08:19:19,191.23,entertainment,mobile_app,0,0.0,ALLOW,1
2023-12-24 08:36:18,228.64,pharmacy,mobile_app,0,0.0003,ALLOW,1
2023-12-24 08:43:24,961.43,travel,online,0,0.0017,ALLOW,1
2023-12-24 08:58:21,1049.02,fuel,in_store,0,0.0008,ALLOW,1
2023-12-24 09:01:19,895.13,online_gaming,in_store,0,0.0233,ALLOW,1
2023-12-24 09:03:27,4900.78,online_gaming,online,0,0.0069,ALLOW,1
2023-12-24 09:05:15,1937.37,fuel,online,0,0.0,ALLOW,1
2023-12-24 09:14:45,6051.75,grocery,in_store,0,0.0002,ALLOW,1
2023-12-24 09:15:25,1733.58,grocery,in_store,0,1e-04,ALLOW,1
2023-12-24 09:49:46,1062.88,electronics,atm,0,0.0113,ALLOW,1
2023-12-24 10:09:26,1300.58,pharmacy,online,0,0.0,ALLOW,1
2023-12-24 10:18:33,662.17,grocery,atm,0,0.0,ALLOW,1
2023-12-24 10:22:43,225.58,online_gaming,mobile_app,0,0.0,ALLOW,1
2023-12-24 10:31:19,704.11,entertainment,in_store,0,0.0,ALLOW,1
2023-12-24 10:52:49,1014.15,electronics,mobile_app,0,1e-04,ALLOW,1
2023-12-24 11:07:40,114.25,fuel,online,0,1e-04,ALLOW,1
2023-12-24 11:15:11,401.17,travel,mobile_app,0,0.0023,ALLOW,1
2023-12-24 11:25:48,6615.59,online_gaming,online,0,0.0034,ALLOW,1
2023-12-24 11:31:06,173.65,clothing,in_store,0,0.0002,ALLOW,1
2023-12-24 11:32:54,7196.69,clothing,atm,0,1e-04,ALLOW,1
2023-12-24 11:41:51,1022.07,restaurant,in_store,0,1e-04,ALLOW,1
2023-12-24 11:44:23,882.68,pharmacy,online,0,0.0,ALLOW,1
2023-12-24 11:52:30,5827.2,electronics,in_store,0,0.0002,ALLOW,1
2023-12-24 12:07:46,4052.54,electronics,in_store,0,0.0002,ALLOW,1
2023-12-24 12:10:58,625.51,restaurant,mobile_app,0,0.0,ALLOW,1
2023-12-24 12:19:18,4087.08,online_gaming,mobile_app,0,1e-04,ALLOW,1
2023-12-24 12:26:28,1161.66,pharmacy,mobile_app,0,1e-04,ALLOW,1
2023-12-24 12:36:29,80.11,jewelry,mobile_app,0,0.0,ALLOW,1
2023-12-24 12:56:00,1830.6,restaurant,mobile_app,1,0.9999,REVIEW,1
2023-12-24 13:02:51,847.92,grocery,atm,0,0.0,ALLOW,1
2023-12-24 13:20:16,384.37,travel,online,0,0.0005,ALLOW,1
2023-12-24 13:20:23,125.71,restaurant,mobile_app,0,1e-04,ALLOW,1
2023-12-24 13:26:11,1361.29,grocery,in_store,0,0.0002,ALLOW,1
2023-12-24 13:30:33,2869.15,grocery,atm,0,0.0002,ALLOW,1
2023-12-24 13:35:02,734.92,pharmacy,atm,0,1e-04,ALLOW,1
2023-12-24 13:53:21,823.72,online_gaming,atm,0,0.0002,ALLOW,1
2023-12-24 14:00:13,1497.78,fuel,atm,0,1e-04,ALLOW,1
2023-12-24 14:15:23,2444.26,grocery,atm,0,1e-04,ALLOW,1
2023-12-24 14:18:14,1327.56,pharmacy,mobile_app,0,0.0,ALLOW,1
2023-12-24 14:31:29,263.17,travel,online,0,0.0004,ALLOW,1
2023-12-24 14:48:19,1647.71,online_gaming,in_store,0,0.0054,ALLOW,1
2023-12-24 14:54:38,606.37,entertainment,online,0,0.0008,ALLOW,1
2023-12-24 14:56:34,776.54,entertainment,atm,0,0.0,ALLOW,1
2023-12-24 14:58:59,2314.11,travel,in_store,0,0.0002,ALLOW,1
2023-12-24 15:01:45,1816.88,grocery,in_store,0,0.0,ALLOW,1
2023-12-24 15:10:06,951.91,fuel,mobile_app,0,0.0,ALLOW,1
2023-12-24 15:29:19,579.76,online_gaming,in_store,0,1e-04,ALLOW,1
2023-12-24 15:33:00,1073.15,grocery,mobile_app,0,0.0006,ALLOW,1
2023-12-24 15:38:53,1289.75,travel,mobile_app,0,0.0185,ALLOW,1
2023-12-24 16:03:47,1790.52,restaurant,atm,0,1e-04,ALLOW,1
2023-12-24 16:04:24,3635.03,grocery,atm,0,0.0,ALLOW,1
2023-12-24 16:27:14,2019.18,clothing,online,0,1e-04,ALLOW,1
2023-12-24 16:32:31,1155.88,electronics,atm,0,1e-04,ALLOW,1
2023-12-24 17:23:22,313.92,restaurant,atm,0,0.0002,ALLOW,1
2023-12-24 17:27:42,1359.28,travel,in_store,0,0.0,ALLOW,1
2023-12-24 17:42:17,776.43,clothing,mobile_app,0,0.0048,ALLOW,1
2023-12-24 17:43:29,1134.37,restaurant,atm,0,0.0002,ALLOW,1
2023-12-24 18:00:30,489.14,online_gaming,online,0,0.0003,ALLOW,1
2023-12-24 18:03:44,295.68,fuel,online,0,1e-04,ALLOW,1
2023-12-24 18:37:18,13.51,restaurant,atm,0,1e-04,ALLOW,1
2023-12-24 18:47:15,1403.46,grocery,in_store,0,0.0003,ALLOW,1
2023-12-24 18:50:07,247.99,restaurant,atm,0,0.0004,ALLOW,1
2023-12-24 19:05:24,2078.44,fuel,atm,0,0.0002,ALLOW,1
2023-12-24 19:16:31,229.14,online_gaming,atm,0,0.0,ALLOW,1
2023-12-24 19:21:37,42.12,clothing,atm,0,0.0002,ALLOW,1
2023-12-24 19:22:15,8589.37,restaurant,online,0,0.0068,ALLOW,1
2023-12-24 19:27:15,164.94,travel,online,0,0.0003,ALLOW,1
2023-12-24 19:30:07,180.11,clothing,mobile_app,0,0.0006,ALLOW,1
2023-12-24 19:33:37,3984.0,entertainment,online,0,0.0003,ALLOW,1
2023-12-24 19:40:39,1018.44,electronics,mobile_app,0,0.0027,ALLOW,1
2023-12-24 19:40:48,1098.8,travel,in_store,0,0.0024,ALLOW,1
2023-12-24 19:59:50,10.0,grocery,mobile_app,0,0.0002,ALLOW,1
2023-12-24 20:04:39,1424.43,fuel,online,0,0.0,ALLOW,1
2023-12-24 20:20:04,680.05,grocery,mobile_app,0,0.0,ALLOW,1
2023-12-24 20:36:13,513.29,pharmacy,online,0,1e-04,ALLOW,1
2023-12-24 20:39:39,811.9,pharmacy,in_store,0,0.0026,ALLOW,1
2023-12-24 20:43:03,2354.3,entertainment,online,0,0.0002,ALLOW,1
2023-12-24 20:55:06,5664.01,grocery,online,0,0.0002,ALLOW,1
2023-12-24 21:14:41,379.68,electronics,atm,0,0.0003,ALLOW,1
2023-12-24 21:25:42,1471.76,grocery,atm,0,0.0014,ALLOW,1
2023-12-24 21:41:52,1048.47,jewelry,in_store,0,0.0003,ALLOW,1
2023-12-24 21:56:12,1161.9,grocery,mobile_app,0,0.0,ALLOW,1
2023-12-24 22:08:23,2570.5,jewelry,in_store,0,0.0011,ALLOW,1
2023-12-24 22:10:12,137.91,grocery,mobile_app,0,0.0007,ALLOW,1
2023-12-24 22:26:16,5279.82,pharmacy,atm,0,1e-04,ALLOW,1
2023-12-24 22:42:21,3461.52,fuel,in_store,0,1e-04,ALLOW,1
2023-12-24 22:52:42,3073.09,online_gaming,online,0,0.0004,ALLOW,1
2023-12-24 22:56:10,2076.63,pharmacy,mobile_app,0,0.0004,ALLOW,1
2023-12-24 22:56:53,2234.58,entertainment,mobile_app,0,0.0002,ALLOW,1
2023-12-24 23:09:59,1233.98,online_gaming,in_store,0,1e-04,ALLOW,1
2023-12-24 23:14:01,699.32,clothing,online,0,1e-04,ALLOW,1
2023-12-24 23:20:27,8139.57,travel,in_store,0,0.0007,ALLOW,1
2023-12-24 23:27:48,239.56,fuel,in_store,0,0.0003,ALLOW,1
2023-12-24 23:42:43,1422.75,pharmacy,mobile_app,0,1e-04,ALLOW,1
2023-12-25 00:00:44,368.28,restaurant,online,0,0.0003,ALLOW,1
2023-12-25 00:09:18,1261.79,travel,in_store,0,0.0062,ALLOW,1
2023-12-25 00:13:30,1690.11,entertainment,atm,0,1e-04,ALLOW,1
2023-12-25 00:24:14,761.34,entertainment,in_store,0,1e-04,ALLOW,1
2023-12-25 00:26:03,1218.79,jewelry,mobile_app,0,0.0002,ALLOW,1
2023-12-25 00:29:09,760.38,jewelry,in_store,0,0.0002,ALLOW,1
2023-12-25 00:51:03,2855.4,entertainment,mobile_app,0,0.0,ALLOW,1
2023-12-25 01:16:16,359.87,grocery,mobile_app,0,0.0002,ALLOW,1
2023-12-25 01:36:54,1110.8,travel,mobile_app,0,0.0,ALLOW,1
2023-12-25 01:40:30,63.43,grocery,in_store,0,1e-04,ALLOW,1
2023-12-25 01:49:57,1784.04,grocery,mobile_app,0,0.0003,ALLOW,1
2023-12-25 02:01:22,377.57,jewelry,atm,0,1e-04,ALLOW,1
2023-12-25 02:18:03,2578.22,electronics,atm,1,0.9988,REVIEW,1
2023-12-25 02:23:14,477.24,entertainment,in_store,0,0.0005,ALLOW,1
2023-12-25 02:25:38,306.07,clothing,online,0,1e-04,ALLOW,1
2023-12-25 02:27:10,4695.31,clothing,in_store,0,0.0002,ALLOW,1
2023-12-25 02:30:04,247.33,online_gaming,atm,0,0.0,ALLOW,1
2023-12-25 02:42:45,227.16,travel,atm,0,0.005,ALLOW,1
2023-12-25 02:44:06,1251.43,fuel,mobile_app,0,0.0007,ALLOW,1
2023-12-25 02:56:07,1951.39,travel,in_store,0,0.0,ALLOW,1
2023-12-25 03:08:55,372.76,travel,in_store,0,0.0002,ALLOW,1
2023-12-25 03:15:03,229.91,electronics,in_store,0,0.001,ALLOW,1
2023-12-25 03:19:24,59.12,clothing,atm,0,0.0003,ALLOW,1
2023-12-25 03:29:23,796.17,jewelry,mobile_app,0,0.0007,ALLOW,1
2023-12-25 03:29:50,1559.4,travel,atm,0,0.0013,ALLOW,1
2023-12-25 03:40:07,281.42,grocery,atm,0,1e-04,ALLOW,1
2023-12-25 03:47:29,709.03,electronics,in_store,0,1e-04,ALLOW,1
2023-12-25 03:48:55,201.38,clothing,in_store,0,1e-04,ALLOW,1
2023-12-25 03:52:52,565.03,grocery,mobile_app,0,0.0012,ALLOW,1
2023-12-25 03:55:02,45.8,grocery,atm,0,0.0007,ALLOW,1
2023-12-25 04:07:00,2487.68,grocery,atm,0,1e-04,ALLOW,1
2023-12-25 04:13:20,1891.3,fuel,online,0,0.0045,ALLOW,1
2023-12-25 04:27:41,6523.84,travel,in_store,0,0.0005,ALLOW,1
2023-12-25 04:33:12,1814.36,grocery,mobile_app,0,1e-04,ALLOW,1
2023-12-25 04:33:57,131.2,grocery,atm,0,0.0008,ALLOW,1
2023-12-25 04:41:38,621.12,fuel,online,0,0.0003,ALLOW,1
2023-12-25 04:43:14,901.24,restaurant,in_store,0,0.0004,ALLOW,1
2023-12-25 04:44:03,1052.38,restaurant,in_store,0,0.0003,ALLOW,1
2023-12-25 04:59:32,887.11,restaurant,atm,0,0.0,ALLOW,1
2023-12-25 05:25:49,2724.16,pharmacy,online,0,0.0,ALLOW,1
2023-12-25 05:32:50,4517.4,grocery,atm,0,0.0005,ALLOW,1
2023-12-25 05:55:15,1702.2,travel,mobile_app,0,0.0002,ALLOW,1
2023-12-25 06:00:19,368.43,electronics,atm,0,1e-04,ALLOW,1
2023-12-25 06:02:21,3143.81,electronics,atm,0,0.0,ALLOW,1
2023-12-25 06:05:32,652.49,electronics,mobile_app,0,0.0,ALLOW,1
2023-12-25 06:22:45,6990.68,restaurant,in_store,0,0.0013,ALLOW,1
2023-12-25 06:29:26,2112.25,grocery,in_store,0,0.0007,ALLOW,1
2023-12-25 06:38:27,2514.8,fuel,online,0,0.0,ALLOW,1
2023-12-25 06:49:14,163.5,grocery,in_store,0,1e-04,ALLOW,1
2023-12-25 07:11:03,445.08,electronics,atm,0,0.0005,ALLOW,1
2023-12-25 07:23:26,1556.99,jewelry,in_store,0,0.0,ALLOW,1
2023-12-25 07:29:43,2954.66,entertainment,in_store,0,0.0009,ALLOW,1
2023-12-25 07:31:58,1054.46,travel,mobile_app,0,0.0005,ALLOW,1
2023-12-25 08:03:50,2353.77,jewelry,in_store,0,0.0005,ALLOW,1
2023-12-25 08:04:37,1144.07,pharmacy,in_store,0,1e-04,ALLOW,1
2023-12-25 08:09:09,995.52,electronics,online,0,0.0004,ALLOW,1
2023-12-25 08:27:06,2983.62,pharmacy,in_store,0,1e-04,ALLOW,1
2023-12-25 08:33:57,777.28,pharmacy,atm,0,0.0,ALLOW,1
2023-12-25 09:08:33,1121.4,entertainment,online,0,1e-04,ALLOW,1
2023-12-25 09:11:42,507.63,travel,mobile_app,0,0.0002,ALLOW,1
2023-12-25 09:20:47,175.41,online_gaming,in_store,0,0.0002,ALLOW,1
2023-12-25 09:54:00,779.1,grocery,in_store,0,1e-04,ALLOW,1
2023-12-25 09:55:39,2221.06,restaurant,mobile_app,0,0.0,ALLOW,1
2023-12-25 09:57:14,2135.43,restaurant,in_store,0,0.0,ALLOW,1
2023-12-25 09:57:58,1322.55,clothing,mobile_app,0,1e-04,ALLOW,1
2023-12-25 09:58:07,781.88,fuel,atm,0,0.0016,ALLOW,1
2023-12-25 10:10:50,129.65,grocery,mobile_app,0,0.0003,ALLOW,1
2023-12-25 11:48:53,521.75,pharmacy,online,0,1e-04,ALLOW,1
2023-12-25 11:51:53,1782.31,online_gaming,mobile_app,0,0.0002,ALLOW,1
2023-12-25 12:00:09,124.99,pharmacy,atm,0,1e-04,ALLOW,1
2023-12-25 12:32:05,1307.25,fuel,mobile_app,0,1e-04,ALLOW,1
2023-12-25 12:33:30,216.91,clothing,mobile_app,0,0.0014,ALLOW,1
2023-12-25 12:36:58,975.38,travel,mobile_app,0,1e-04,ALLOW,1
2023-12-25 12:40:46,3231.56,grocery,online,0,0.0002,ALLOW,1
2023-12-25 12:43:36,2109.15,clothing,atm,0,1e-04,ALLOW,1
2023-12-25 12:46:13,117.2,grocery,in_store,0,0.0003,ALLOW,1
2023-12-25 12:52:46,1200.35,restaurant,in_store,0,0.0002,ALLOW,1
2023-12-25 13:12:20,253.7,fuel,online,0,0.0016,ALLOW,1
2023-12-25 13:31:39,1293.64,entertainment,online,0,1e-04,ALLOW,1
2023-12-25 13:48:53,1385.01,pharmacy,atm,0,1e-04,ALLOW,1
2023-12-25 13:51:52,507.87,pharmacy,online,0,0.001,ALLOW,1
2023-12-25 13:53:19,4659.39,fuel,in_store,0,0.0023,ALLOW,1
2023-12-25 14:02:42,2226.04,fuel,atm,0,1e-04,ALLOW,1
2023-12-25 14:11:16,79.92,grocery,atm,0,0.0028,ALLOW,1
2023-12-25 14:28:09,868.49,pharmacy,online,0,0.0008,ALLOW,1
2023-12-25 14:29:00,4100.23,online_gaming,in_store,0,0.0,ALLOW,1
2023-12-25 14:33:35,1020.73,restaurant,online,0,1e-04,ALLOW,1
2023-12-25 14:35:50,110.42,entertainment,online,0,0.0,ALLOW,1
2023-12-25 15:01:22,490.98,jewelry,atm,0,0.0021,ALLOW,1
2023-12-25 15:02:58,1523.54,electronics,mobile_app,0,0.0,ALLOW,1
2023-12-25 15:13:04,36.66,restaurant,mobile_app,0,0.0008,ALLOW,1
2023-12-25 15:27:33,749.54,clothing,in_store,0,1e-04,ALLOW,1
2023-12-25 15:29:07,611.16,travel,online,0,0.0006,ALLOW,1
2023-12-25 15:29:10,4629.83,grocery,atm,0,0.0002,ALLOW,1
2023-12-25 15:37:26,324.63,online_gaming,in_store,0,1e-04,ALLOW,1
2023-12-25 16:03:35,1682.55,electronics,mobile_app,0,1e-04,ALLOW,1
2023-12-25 16:16:35,1705.2,jewelry,mobile_app,0,0.0035,ALLOW,1
2023-12-25 16:17:04,1224.42,entertainment,atm,0,0.0,ALLOW,1
2023-12-25 16:18:48,391.32,travel,atm,0,0.0013,ALLOW,1
2023-12-25 16:22:33,235.48,travel,mobile_app,0,0.0002,ALLOW,1
2023-12-25 16:28:42,427.35,restaurant,mobile_app,0,1e-04,ALLOW,1
2023-12-25 16:44:31,1957.3,restaurant,atm,0,0.0002,ALLOW,1
2023-12-25 16:47:09,2525.84,jewelry,mobile_app,0,0.0057,ALLOW,1
2023-12-25 17:39:48,370.9,electronics,in_store,0,1e-04,ALLOW,1
2023-12-25 17:49:14,206.72,jewelry,online,0,0.004,ALLOW,1
2023-12-25 18:39:48,478.27,online_gaming,mobile_app,0,1e-04,ALLOW,1
2023-12-25 18:43:27,382.45,restaurant,mobile_app,0,0.0011,ALLOW,1
2023-12-25 18:50:10,1715.47,grocery,online,0,0.0006,ALLOW,1
2023-12-25 18:57:52,644.53,clothing,online,0,0.0002,ALLOW,1
2023-12-25 19:05:41,1485.35,travel,online,0,1e-04,ALLOW,1
2023-12-25 19:20:01,988.98,electronics,in_store,0,0.0002,ALLOW,1
2023-12-25 19:20:59,125.07,jewelry,in_store,0,1e-04,ALLOW,1
2023-12-25 19:28:56,1728.98,jewelry,in_store,0,0.0136,ALLOW,1
2023-12-25 19:29:48,738.39,fuel,mobile_app,0,0.0,ALLOW,1
2023-12-25 19:51:02,1522.06,online_gaming,atm,0,0.0004,ALLOW,1
2023-12-25 20:00:58,3424.23,travel,online,0,0.0003,ALLOW,1
2023-12-25 20:11:30,5376.12,travel,mobile_app,0,0.0,ALLOW,1
2023-12-25 20:27:12,4433.43,pharmacy,online,0,0.0,ALLOW,1
2023-12-25 20:28:35,1930.35,pharmacy,mobile_app,0,0.0,ALLOW,1
2023-12-25 20:41:50,326.86,travel,in_store,0,1e-04,ALLOW,1
2023-12-25 20:42:57,55.09,online_gaming,in_store,0,0.0003,ALLOW,1
2023-12-25 20:48:32,422.46,fuel,mobile_app,0,0.0,ALLOW,1
2023-12-25 21:03:00,115.56,restaurant,online,0,1e-04,ALLOW,1
2023-12-25 21:12:57,3315.13,electronics,online,0,0.0004,ALLOW,1
2023-12-25 21:25:23,3741.64,restaurant,online,0,0.0014,ALLOW,1
2023-12-25 21:32:48,683.97,travel,atm,0,0.0003,ALLOW,1
2023-12-25 21:41:16,5190.65,entertainment,online,0,1e-04,ALLOW,1
2023-12-25 21:49:22,1650.99,online_gaming,online,0,0.0006,ALLOW,1
2023-12-25 21:55:06,2651.64,clothing,online,0,1e-04,ALLOW,1
2023-12-25 22:21:29,202.18,pharmacy,atm,0,0.0004,ALLOW,1
2023-12-25 22:25:18,2707.12,entertainment,in_store,0,0.0,ALLOW,1
2023-12-25 22:57:24,3233.99,restaurant,in_store,0,0.0,ALLOW,1
2023-12-25 23:07:57,277.0,clothing,online,0,1e-04,ALLOW,1
2023-12-25 23:13:12,818.49,jewelry,in_store,0,0.0011,ALLOW,1
2023-12-25 23:19:06,1341.48,pharmacy,atm,0,0.0,ALLOW,1
2023-12-25 23:19:27,65.54,jewelry,mobile_app,0,0.0008,ALLOW,1
2023-12-26 00:09:52,1229.61,grocery,mobile_app,0,0.0,ALLOW,1
2023-12-26 00:10:11,797.85,restaurant,in_store,0,0.0,ALLOW,1
2023-12-26 00:15:19,2327.79,fuel,in_store,0,0.0044,ALLOW,1
2023-12-26 00:21:08,692.72,entertainment,online,0,0.0002,ALLOW,1
2023-12-26 00:50:03,2741.17,grocery,mobile_app,0,1e-04,ALLOW,1
2023-12-26 00:56:51,4314.09,electronics,in_store,0,0.0002,ALLOW,1
2023-12-26 01:14:40,505.15,grocery,online,0,0.0,ALLOW,1
2023-12-26 01:27:47,729.31,clothing,online,0,0.0018,ALLOW,1
2023-12-26 01:37:25,766.67,clothing,online,0,0.0084,ALLOW,1
2023-12-26 01:40:16,342.86,entertainment,atm,0,1e-04,ALLOW,1
2023-12-26 01:58:09,569.24,online_gaming,in_store,0,0.0003,ALLOW,1
2023-12-26 02:06:21,6361.56,online_gaming,mobile_app,0,0.0004,ALLOW,1
2023-12-26 02:26:43,708.97,online_gaming,mobile_app,0,0.0,ALLOW,1
2023-12-26 02:28:34,89.8,travel,in_store,0,0.0002,ALLOW,1
2023-12-26 02:31:31,74.76,clothing,in_store,0,0.0003,ALLOW,1
2023-12-26 02:37:20,2071.67,fuel,mobile_app,0,0.0,ALLOW,1
2023-12-26 02:43:54,16.59,jewelry,in_store,0,0.0002,ALLOW,1
2023-12-26 02:46:16,4195.41,travel,mobile_app,0,1e-04,ALLOW,1
2023-12-26 02:48:45,3011.31,travel,online,1,0.9983,REVIEW,1
2023-12-26 02:53:48,1709.58,restaurant,mobile_app,0,1e-04,ALLOW,1
2023-12-26 03:04:48,3364.86,fuel,mobile_app,0,1e-04,ALLOW,1
2023-12-26 03:07:48,2706.86,online_gaming,mobile_app,0,0.0165,ALLOW,1
2023-12-26 03:08:02,1965.09,entertainment,in_store,0,0.0,ALLOW,1
2023-12-26 03:08:19,34.36,restaurant,online,0,0.0048,ALLOW,1
2023-12-26 03:21:11,91.57,entertainment,mobile_app,0,1e-04,ALLOW,1
2023-12-26 03:45:36,1596.35,electronics,atm,0,1e-04,ALLOW,1
2023-12-26 03:57:13,1697.8,clothing,mobile_app,0,0.0013,ALLOW,1
2023-12-26 04:34:48,417.33,fuel,in_store,0,1e-04,ALLOW,1
2023-12-26 04:44:16,880.94,jewelry,online,0,0.0005,ALLOW,1
2023-12-26 04:50:10,1583.45,jewelry,atm,0,0.0002,ALLOW,1
2023-12-26 04:54:07,462.07,jewelry,online,0,1e-04,ALLOW,1
2023-12-26 05:19:59,660.23,restaurant,in_store,0,1e-04,ALLOW,1
2023-12-26 05:21:00,126.62,entertainment,atm,0,0.0002,ALLOW,1
2023-12-26 05:32:58,297.36,jewelry,mobile_app,0,0.0005,ALLOW,1
2023-12-26 05:33:55,356.3,pharmacy,mobile_app,0,0.0002,ALLOW,1
2023-12-26 05:45:39,1882.59,clothing,in_store,0,0.0002,ALLOW,1
2023-12-26 05:53:35,4329.83,jewelry,atm,0,0.0,ALLOW,1
2023-12-26 06:01:54,471.98,fuel,in_store,0,0.0002,ALLOW,1
2023-12-26 06:21:48,2758.87,fuel,online,0,0.0,ALLOW,1
2023-12-26 06:32:12,1890.66,entertainment,online,0,0.0,ALLOW,1
2023-12-26 06:33:22,1766.62,fuel,atm,0,1e-04,ALLOW,1
2023-12-26 06:51:58,2100.48,jewelry,atm,0,0.0,ALLOW,1
2023-12-26 06:54:45,159.79,travel,online,0,0.0002,ALLOW,1
2023-12-26 07:12:10,2128.25,travel,mobile_app,0,1e-04,ALLOW,1
2023-12-26 07:19:46,1385.77,entertainment,atm,0,0.0,ALLOW,1
2023-12-26 07:21:44,199.87,restaurant,mobile_app,0,0.0003,ALLOW,1
2023-12-26 07:35:27,2178.54,travel,online,0,0.0003,ALLOW,1
2023-12-26 08:00:28,3534.18,fuel,mobile_app,0,0.0002,ALLOW,1
2023-12-26 08:11:33,2438.87,jewelry,atm,0,0.0002,ALLOW,1
2023-12-26 08:33:37,456.94,entertainment,atm,0,1e-04,ALLOW,1
2023-12-26 08:45:14,942.5,pharmacy,mobile_app,0,0.0005,ALLOW,1
2023-12-26 09:25:22,261.46,fuel,mobile_app,0,0.0002,ALLOW,1
2023-12-26 09:28:30,1483.95,travel,in_store,0,1e-04,ALLOW,1
2023-12-26 09:44:51,1608.93,restaurant,online,0,1e-04,ALLOW,1
2023-12-26 09:53:17,1692.32,travel,atm,0,1e-04,ALLOW,1
2023-12-26 09:59:19,2012.76,online_gaming,atm,0,0.0003,ALLOW,1
2023-12-26 10:04:26,89.04,restaurant,in_store,0,1e-04,ALLOW,1
2023-12-26 10:15:25,2319.71,fuel,atm,0,0.0,ALLOW,1
2023-12-26 10:19:37,1219.93,online_gaming,online,0,1e-04,ALLOW,1
2023-12-26 10:25:07,624.35,clothing,atm,0,1e-04,ALLOW,1
2023-12-26 10:46:43,4912.64,fuel,atm,0,1e-04,ALLOW,1
2023-12-26 11:01:20,3985.06,fuel,mobile_app,0,0.0042,ALLOW,1
2023-12-26 11:06:12,1259.21,grocery,in_store,0,0.0195,ALLOW,1
2023-12-26 11:11:37,25.46,entertainment,in_store,0,1e-04,ALLOW,1
2023-12-26 11:13:02,2709.83,electronics,mobile_app,0,0.0,ALLOW,1
2023-12-26 11:19:40,462.64,jewelry,mobile_app,0,0.0045,ALLOW,1
2023-12-26 11:31:29,909.27,grocery,atm,0,1e-04,ALLOW,1
2023-12-26 11:32:05,321.56,clothing,in_store,0,0.0006,ALLOW,1
2023-12-26 11:37:51,414.24,pharmacy,mobile_app,0,0.0,ALLOW,1
2023-12-26 11:46:30,1629.55,clothing,atm,0,0.0,ALLOW,1
2023-12-26 12:05:37,251.49,entertainment,online,0,0.0,ALLOW,1
2023-12-26 12:25:41,1671.76,grocery,mobile_app,0,0.0007,ALLOW,1
2023-12-26 12:46:06,4237.77,travel,atm,0,0.0006,ALLOW,1
2023-12-26 13:01:33,474.51,fuel,online,0,0.0006,ALLOW,1
2023-12-26 13:02:29,289.26,electronics,in_store,0,0.0012,ALLOW,1
2023-12-26 13:08:12,21.55,travel,mobile_app,0,0.0002,ALLOW,1
2023-12-26 13:08:50,438.62,clothing,online,0,0.0002,ALLOW,1
2023-12-26 13:33:11,941.54,electronics,mobile_app,0,0.0009,ALLOW,1
2023-12-26 14:18:39,436.26,travel,atm,0,0.0002,ALLOW,1
2023-12-26 14:37:45,2065.0,entertainment,mobile_app,0,1e-04,ALLOW,1
2023-12-26 14:38:01,1633.1,fuel,mobile_app,0,0.0002,ALLOW,1
2023-12-26 14:54:55,858.76,restaurant,in_store,0,0.0,ALLOW,1
2023-12-26 14:55:03,1223.03,electronics,online,0,0.0002,ALLOW,1
2023-12-26 14:56:01,101.93,online_gaming,online,0,1e-04,ALLOW,1
2023-12-26 14:59:38,1137.36,travel,mobile_app,0,0.0,ALLOW,1
2023-12-26 15:09:01,1101.64,jewelry,atm,0,0.0003,ALLOW,1
2023-12-26 15:09:52,273.76,online_gaming,online,0,1e-04,ALLOW,1
2023-12-26 15:11:23,790.04,online_gaming,online,0,0.0004,ALLOW,1
2023-12-26 15:15:57,616.33,travel,in_store,0,0.0002,ALLOW,1
2023-12-26 15:25:57,294.11,pharmacy,atm,0,0.0006,ALLOW,1
2023-12-26 15:28:49,378.46,electronics,mobile_app,0,1e-04,ALLOW,1
2023-12-26 15:32:43,87.26,fuel,in_store,0,1e-04,ALLOW,1
2023-12-26 15:36:06,1682.17,fuel,in_store,0,0.0004,ALLOW,1
2023-12-26 15:36:09,1913.48,restaurant,online,0,1e-04,ALLOW,1
2023-12-26 15:51:56,196.44,clothing,online,0,0.0004,ALLOW,1
2023-12-26 16:03:19,2419.09,entertainment,in_store,0,0.0,ALLOW,1
2023-12-26 16:21:07,520.56,jewelry,in_store,0,0.0002,ALLOW,1
2023-12-26 16:21:40,667.95,entertainment,online,0,1e-04,ALLOW,1
2023-12-26 16:27:41,154.5,travel,mobile_app,0,1e-04,ALLOW,1
2023-12-26 16:35:47,2160.64,jewelry,mobile_app,0,0.0,ALLOW,1
2023-12-26 16:38:09,2420.42,clothing,mobile_app,0,1e-04,ALLOW,1
2023-12-26 16:43:26,746.72,fuel,mobile_app,0,0.0004,ALLOW,1
2023-12-26 16:45:04,123.46,entertainment,mobile_app,0,0.0002,ALLOW,1
2023-12-26 16:57:11,1179.18,fuel,mobile_app,0,0.0003,ALLOW,1
2023-12-26 17:03:22,1488.73,entertainment,online,0,0.0006,ALLOW,1
2023-12-26 17:22:12,3770.59,fuel,online,0,0.0002,ALLOW,1
2023-12-26 17:26:59,2359.84,restaurant,online,0,0.7113,REVIEW,0
2023-12-26 17:50:53,876.06,online_gaming,mobile_app,0,0.0002,ALLOW,1
2023-12-26 17:52:10,7921.7,electronics,atm,1,0.9998,REVIEW,1
2023-12-26 17:55:05,1818.81,electronics,atm,0,0.0005,ALLOW,1
2023-12-26 18:08:04,402.59,grocery,mobile_app,0,0.0002,ALLOW,1
2023-12-26 18:09:55,4989.9,pharmacy,in_store,0,1e-04,ALLOW,1
2023-12-26 18:16:21,186.61,travel,in_store,0,0.0039,ALLOW,1
2023-12-26 18:34:36,376.33,restaurant,atm,0,0.0002,ALLOW,1
2023-12-26 18:41:32,247.17,electronics,online,0,0.0005,ALLOW,1
2023-12-26 18:42:02,629.23,pharmacy,mobile_app,0,0.0002,ALLOW,1
2023-12-26 19:17:08,1345.54,entertainment,atm,0,1e-04,ALLOW,1
2023-12-26 19:32:12,1568.95,fuel,atm,0,1e-04,ALLOW,1
2023-12-26 19:39:40,1609.17,entertainment,atm,0,1e-04,ALLOW,1
2023-12-26 19:59:28,2101.4,electronics,atm,0,1e-04,ALLOW,1
2023-12-26 20:02:23,3786.62,travel,mobile_app,0,1e-04,ALLOW,1
2023-12-26 20:11:54,1597.4,fuel,atm,0,1e-04,ALLOW,1
2023-12-26 20:13:30,5624.91,jewelry,online,0,0.0314,ALLOW,1
2023-12-26 20:23:43,3443.77,electronics,in_store,0,0.0,ALLOW,1
2023-12-26 20:41:23,103.64,fuel,online,0,0.0002,ALLOW,1
2023-12-26 20:58:25,844.46,restaurant,atm,0,0.0002,ALLOW,1
2023-12-26 21:16:02,2781.75,online_gaming,online,0,0.0006,ALLOW,1
2023-12-26 21:30:32,2305.67,fuel,online,0,0.0,ALLOW,1
2023-12-26 21:48:06,612.99,pharmacy,atm,0,1e-04,ALLOW,1
2023-12-26 21:55:07,1818.09,grocery,mobile_app,0,0.0002,ALLOW,1
2023-12-26 21:59:54,3740.19,restaurant,mobile_app,0,1e-04,ALLOW,1
2023-12-26 22:00:12,454.07,fuel,atm,0,0.0003,ALLOW,1
2023-12-26 22:03:02,547.23,clothing,in_store,0,0.0006,ALLOW,1
2023-12-26 22:03:26,387.58,travel,in_store,0,0.0003,ALLOW,1
2023-12-26 22:03:57,881.58,jewelry,mobile_app,0,0.0006,ALLOW,1
2023-12-26 22:14:05,1707.78,clothing,mobile_app,0,0.0002,ALLOW,1
2023-12-26 22:16:12,4128.01,online_gaming,atm,0,0.0009,ALLOW,1
2023-12-26 22:34:26,1378.26,online_gaming,in_store,0,0.0003,ALLOW,1
2023-12-26 22:38:55,170.39,fuel,atm,0,0.0006,ALLOW,1
2023-12-26 22:41:53,2809.49,online_gaming,mobile_app,1,0.9999,REVIEW,1
2023-12-26 22:49:33,552.49,restaurant,in_store,0,1e-04,ALLOW,1
2023-12-26 23:02:13,160.15,jewelry,mobile_app,0,0.0007,ALLOW,1
2023-12-26 23:07:14,704.83,jewelry,in_store,0,0.0004,ALLOW,1
2023-12-26 23:13:11,3397.72,electronics,mobile_app,0,0.0,ALLOW,1
2023-12-26 23:51:09,305.73,restaurant,online,0,1e-04,ALLOW,1
2023-12-26 23:56:21,204.68,electronics,mobile_app,0,0.002,ALLOW,1
2023-12-27 00:00:38,294.2,jewelry,mobile_app,0,0.0003,ALLOW,1
2023-12-27 00:00:53,870.16,clothing,online,0,1e-04,ALLOW,1
2023-12-27 00:11:59,4785.91,travel,in_store,0,0.0002,ALLOW,1
2023-12-27 00:16:29,172.0,fuel,online,0,0.0002,ALLOW,1
2023-12-27 00:35:22,2628.67,restaurant,mobile_app,0,0.0006,ALLOW,1
2023-12-27 00:47:22,119.47,clothing,in_store,0,0.0004,ALLOW,1
2023-12-27 00:50:07,553.21,online_gaming,atm,0,0.0003,ALLOW,1
2023-12-27 00:59:11,1316.98,online_gaming,mobile_app,0,0.0002,ALLOW,1
2023-12-27 01:05:01,1243.8,grocery,atm,0,0.0002,ALLOW,1
2023-12-27 01:21:24,70.52,entertainment,online,0,0.0011,ALLOW,1
2023-12-27 01:32:24,3275.72,restaurant,in_store,0,0.0005,ALLOW,1
2023-12-27 01:50:59,594.39,grocery,mobile_app,0,1e-04,ALLOW,1
2023-12-27 01:51:41,4033.55,electronics,mobile_app,0,0.0,ALLOW,1
2023-12-27 02:18:20,488.33,clothing,in_store,0,0.0034,ALLOW,1
2023-12-27 02:23:12,235.56,travel,online,0,0.0,ALLOW,1
2023-12-27 02:49:25,647.19,fuel,atm,0,1e-04,ALLOW,1
2023-12-27 03:08:03,338.7,entertainment,atm,0,0.0009,ALLOW,1
2023-12-27 03:10:04,5895.49,travel,in_store,0,0.0002,ALLOW,1
2023-12-27 03:17:33,2502.46,pharmacy,online,0,0.0,ALLOW,1
2023-12-27 03:24:34,1791.39,restaurant,mobile_app,0,0.0012,ALLOW,1
2023-12-27 03:51:58,4313.73,grocery,atm,0,0.0003,ALLOW,1
2023-12-27 03:55:02,751.4,fuel,mobile_app,0,0.0,ALLOW,1
2023-12-27 04:17:02,6607.56,fuel,atm,0,0.0026,ALLOW,1
2023-12-27 04:31:07,357.84,travel,in_store,0,0.0005,ALLOW,1
2023-12-27 04:37:06,489.62,travel,online,0,0.0004,ALLOW,1
2023-12-27 05:00:02,735.63,clothing,mobile_app,0,0.0002,ALLOW,1
2023-12-27 05:03:38,758.07,pharmacy,online,0,1e-04,ALLOW,1
2023-12-27 05:13:14,2435.35,entertainment,atm,0,1e-04,ALLOW,1
2023-12-27 05:15:33,2020.46,online_gaming,online,0,1e-04,ALLOW,1
2023-12-27 05:18:18,55.53,electronics,in_store,0,1e-04,ALLOW,1
2023-12-27 05:28:18,249.21,restaurant,mobile_app,0,0.0002,ALLOW,1
2023-12-27 05:59:56,695.96,pharmacy,atm,0,0.0,ALLOW,1
2023-12-27 06:15:13,155.68,grocery,mobile_app,0,1e-04,ALLOW,1
2023-12-27 06:16:56,2671.43,restaurant,atm,0,0.0007,ALLOW,1
2023-12-27 06:17:43,95.28,clothing,atm,0,0.0006,ALLOW,1
2023-12-27 06:30:47,2849.4,fuel,online,0,0.0,ALLOW,1
2023-12-27 06:33:34,3092.1,restaurant,atm,0,0.0003,ALLOW,1
2023-12-27 06:50:05,648.06,clothing,in_store,0,0.0014,ALLOW,1
2023-12-27 06:53:54,3825.5,electronics,in_store,0,0.0,ALLOW,1
2023-12-27 06:55:32,2405.19,clothing,online,0,0.0006,ALLOW,1
2023-12-27 06:59:28,1790.01,clothing,in_store,0,0.0003,ALLOW,1
2023-12-27 07:00:18,602.39,restaurant,online,0,0.0002,ALLOW,1
2023-12-27 07:22:30,2860.49,fuel,atm,0,0.0003,ALLOW,1
2023-12-27 07:22:42,912.97,jewelry,online,0,1e-04,ALLOW,1
2023-12-27 07:36:04,370.41,pharmacy,atm,0,0.0006,ALLOW,1
2023-12-27 07:41:53,785.12,restaurant,in_store,0,0.0007,ALLOW,1
2023-12-27 07:43:36,2068.24,online_gaming,atm,0,0.0064,ALLOW,1
2023-12-27 08:02:46,1615.24,online_gaming,mobile_app,0,0.0002,ALLOW,1
2023-12-27 08:03:08,1019.3,online_gaming,mobile_app,0,0.0003,ALLOW,1
2023-12-27 08:06:08,1965.89,jewelry,online,0,0.0002,ALLOW,1
2023-12-27 08:30:10,1573.39,fuel,mobile_app,0,1e-04,ALLOW,1
2023-12-27 08:36:18,675.88,entertainment,online,0,0.0004,ALLOW,1
2023-12-27 08:36:27,464.79,electronics,in_store,0,1e-04,ALLOW,1
2023-12-27 08:42:50,1771.57,clothing,atm,0,1e-04,ALLOW,1
2023-12-27 08:43:16,2642.69,travel,online,0,0.0697,ALLOW,1
2023-12-27 09:02:15,3827.97,restaurant,mobile_app,1,0.9999,REVIEW,1
2023-12-27 09:09:34,995.33,restaurant,mobile_app,0,1e-04,ALLOW,1
2023-12-27 09:30:26,3098.82,fuel,online,0,0.0,ALLOW,1
2023-12-27 09:37:34,1308.66,pharmacy,in_store,0,0.0006,ALLOW,1
2023-12-27 09:59:18,603.51,fuel,online,0,0.0,ALLOW,1
2023-12-27 10:41:37,3050.69,online_gaming,in_store,0,1e-04,ALLOW,1
2023-12-27 10:45:36,1124.03,pharmacy,mobile_app,0,1e-04,ALLOW,1
2023-12-27 10:46:48,188.1,restaurant,in_store,0,0.0003,ALLOW,1
2023-12-27 10:58:51,445.85,grocery,online,0,1e-04,ALLOW,1
2023-12-27 11:05:18,393.5,fuel,online,0,0.0004,ALLOW,1
2023-12-27 11:08:58,2916.76,clothing,online,0,0.001,ALLOW,1
2023-12-27 11:10:57,1102.22,travel,in_store,0,0.0,ALLOW,1
2023-12-27 11:15:18,337.78,fuel,online,0,1e-04,ALLOW,1
2023-12-27 11:15:36,929.98,travel,mobile_app,0,1e-04,ALLOW,1
2023-12-27 11:15:49,495.41,clothing,mobile_app,0,1e-04,ALLOW,1
2023-12-27 11:22:28,688.54,grocery,online,0,1e-04,ALLOW,1
2023-12-27 11:26:29,1994.87,fuel,online,0,1e-04,ALLOW,1
2023-12-27 11:43:04,739.62,online_gaming,online,0,0.0058,ALLOW,1
2023-12-27 11:58:07,3483.48,restaurant,atm,0,0.0026,ALLOW,1
2023-12-27 12:17:37,331.32,online_gaming,online,0,0.0003,ALLOW,1
2023-12-27 12:21:32,2368.95,restaurant,mobile_app,0,0.0005,ALLOW,1
2023-12-27 12:33:59,1388.0,pharmacy,mobile_app,0,0.0002,ALLOW,1
2023-12-27 13:03:34,257.92,clothing,atm,0,0.0018,ALLOW,1
2023-12-27 13:04:07,1081.06,pharmacy,mobile_app,0,0.0,ALLOW,1
2023-12-27 13:10:31,2986.11,jewelry,mobile_app,0,0.0,ALLOW,1
2023-12-27 13:15:20,2405.84,jewelry,mobile_app,0,0.0,ALLOW,1
2023-12-27 13:29:34,395.28,pharmacy,in_store,0,0.0015,ALLOW,1
2023-12-27 13:43:33,142.2,electronics,online,0,0.0003,ALLOW,1
2023-12-27 13:51:42,271.17,online_gaming,in_store,0,1e-04,ALLOW,1
2023-12-27 14:03:00,744.65,grocery,mobile_app,0,1e-04,ALLOW,1
2023-12-27 14:04:58,893.08,pharmacy,mobile_app,0,0.0,ALLOW,1
2023-12-27 14:15:16,933.56,restaurant,in_store,0,0.0012,ALLOW,1
2023-12-27 14:18:02,1841.48,restaurant,online,0,1e-04,ALLOW,1
2023-12-27 14:23:01,5009.52,online_gaming,in_store,0,0.0039,ALLOW,1
2023-12-27 14:25:01,2156.56,jewelry,mobile_app,0,0.0,ALLOW,1
2023-12-27 14:30:21,90.6,entertainment,mobile_app,0,1e-04,ALLOW,1
2023-12-27 14:38:44,549.81,clothing,mobile_app,0,1e-04,ALLOW,1
2023-12-27 14:45:20,419.44,grocery,online,0,0.0002,ALLOW,1
2023-12-27 14:50:37,173.52,restaurant,mobile_app,0,1e-04,ALLOW,1
2023-12-27 15:03:40,4516.8,entertainment,online,0,1e-04,ALLOW,1
2023-12-27 15:07:32,3560.6,grocery,in_store,0,0.0004,ALLOW,1
2023-12-27 15:13:02,296.09,restaurant,online,0,0.0004,ALLOW,1
2023-12-27 15:16:38,3199.4,electronics,atm,0,0.0003,ALLOW,1
2023-12-27 15:45:02,46.83,grocery,in_store,0,0.0005,ALLOW,1
2023-12-27 15:47:18,740.8,travel,online,0,0.0004,ALLOW,1
2023-12-27 16:36:26,616.09,entertainment,mobile_app,0,0.001,ALLOW,1
2023-12-27 16:45:58,976.98,online_gaming,atm,0,0.0012,ALLOW,1
2023-12-27 17:16:37,599.85,online_gaming,online,0,0.0018,ALLOW,1
2023-12-27 17:20:38,755.77,electronics,atm,0,1e-04,ALLOW,1
2023-12-27 17:23:28,6154.93,jewelry,mobile_app,0,0.0004,ALLOW,1
2023-12-27 17:24:25,193.5,electronics,online,0,0.0002,ALLOW,1
2023-12-27 17:25:47,89.8,online_gaming,in_store,0,0.0002,ALLOW,1
2023-12-27 17:28:17,468.06,restaurant,atm,0,0.0,ALLOW,1
2023-12-27 17:49:47,3292.25,online_gaming,mobile_app,0,0.0003,ALLOW,1
2023-12-27 18:12:05,319.96,clothing,in_store,0,0.001,ALLOW,1
2023-12-27 18:17:42,809.51,fuel,atm,0,0.0003,ALLOW,1
2023-12-27 18:41:03,519.34,travel,online,0,1e-04,ALLOW,1
2023-12-27 18:43:53,2295.29,pharmacy,online,0,0.0005,ALLOW,1
2023-12-27 18:46:16,320.1,fuel,online,0,0.0002,ALLOW,1
2023-12-27 19:01:47,839.45,grocery,online,0,0.0,ALLOW,1
2023-12-27 19:05:44,796.5,clothing,atm,0,0.0008,ALLOW,1
2023-12-27 19:19:28,1254.37,jewelry,online,0,0.0028,ALLOW,1
2023-12-27 19:31:35,2177.21,grocery,in_store,0,0.0,ALLOW,1
2023-12-27 19:36:23,3817.85,fuel,atm,0,0.0051,ALLOW,1
2023-12-27 19:37:30,2648.96,travel,online,0,0.0009,ALLOW,1
2023-12-27 19:54:35,217.18,fuel,online,0,1e-04,ALLOW,1
2023-12-27 20:05:56,2670.8,fuel,atm,0,1e-04,ALLOW,1
2023-12-27 20:07:52,20.97,online_gaming,in_store,0,0.002,ALLOW,1
2023-12-27 20:19:53,1438.05,restaurant,in_store,0,1e-04,ALLOW,1
2023-12-27 20:20:45,1151.53,pharmacy,online,0,0.0,ALLOW,1
2023-12-27 20:21:06,938.82,clothing,atm,0,0.0002,ALLOW,1
2023-12-27 20:21:41,7129.2,travel,mobile_app,0,0.0007,ALLOW,1
2023-12-27 21:04:39,2121.62,entertainment,atm,0,0.0005,ALLOW,1
2023-12-27 21:19:55,1026.42,pharmacy,online,0,0.001,ALLOW,1
2023-12-27 21:50:14,579.99,electronics,mobile_app,0,0.0002,ALLOW,1
2023-12-27 21:52:31,180.48,pharmacy,atm,0,0.001,ALLOW,1
2023-12-27 21:58:50,1445.02,pharmacy,online,0,0.0002,ALLOW,1
2023-12-27 22:13:04,289.63,restaurant,atm,0,0.0022,ALLOW,1
2023-12-27 22:43:34,1155.51,entertainment,atm,0,0.0,ALLOW,1
2023-12-27 22:48:14,581.29,pharmacy,mobile_app,0,1e-04,ALLOW,1
2023-12-27 22:51:06,8611.06,jewelry,in_store,0,0.1221,ALLOW,1
2023-12-27 22:51:54,709.79,electronics,atm,0,1e-04,ALLOW,1
2023-12-27 23:11:14,701.72,online_gaming,atm,0,1e-04,ALLOW,1
2023-12-27 23:23:30,594.26,restaurant,mobile_app,0,0.0003,ALLOW,1
2023-12-27 23:37:44,480.82,electronics,online,0,1e-04,ALLOW,1
2023-12-27 23:47:02,350.21,entertainment,atm,0,0.0002,ALLOW,1
2023-12-28 00:04:13,346.04,fuel,mobile_app,0,0.0007,ALLOW,1
2023-12-28 00:05:40,3291.51,entertainment,online,0,0.0035,ALLOW,1
2023-12-28 00:06:54,4186.46,fuel,online,0,0.0,ALLOW,1
2023-12-28 00:26:30,484.22,online_gaming,in_store,0,0.0002,ALLOW,1
2023-12-28 00:32:25,529.67,grocery,mobile_app,0,0.007,ALLOW,1
2023-12-28 00:58:06,596.0,fuel,atm,0,0.0045,ALLOW,1
2023-12-28 01:08:29,786.35,fuel,online,0,0.0,ALLOW,1
2023-12-28 01:13:50,809.79,online_gaming,atm,0,0.0,ALLOW,1
2023-12-28 01:19:22,599.86,jewelry,online,0,0.0002,ALLOW,1
2023-12-28 01:19:31,2454.92,fuel,online,0,0.0,ALLOW,1
2023-12-28 01:26:40,1923.07,travel,mobile_app,0,0.0003,ALLOW,1
2023-12-28 01:36:31,503.89,fuel,mobile_app,0,0.0004,ALLOW,1
2023-12-28 01:53:13,4659.77,clothing,mobile_app,0,0.0002,ALLOW,1
2023-12-28 01:53:54,1094.15,online_gaming,atm,0,1e-04,ALLOW,1
2023-12-28 02:05:11,1881.87,clothing,online,0,1e-04,ALLOW,1
2023-12-28 02:12:20,1133.95,entertainment,atm,0,0.0,ALLOW,1
2023-12-28 02:13:44,132.67,online_gaming,mobile_app,0,0.0005,ALLOW,1
2023-12-28 02:33:06,379.41,fuel,online,0,0.0,ALLOW,1
2023-12-28 02:34:55,2125.31,restaurant,mobile_app,0,0.001,ALLOW,1
2023-12-28 02:36:47,2802.76,entertainment,mobile_app,0,1e-04,ALLOW,1
2023-12-28 02:43:27,1139.97,online_gaming,atm,0,0.0,ALLOW,1
2023-12-28 02:49:38,1061.27,fuel,mobile_app,0,1e-04,ALLOW,1
2023-12-28 02:56:41,1844.15,entertainment,mobile_app,0,1e-04,ALLOW,1
2023-12-28 03:03:19,911.94,jewelry,in_store,0,1e-04,ALLOW,1
2023-12-28 03:04:51,6325.56,pharmacy,online,0,0.0,ALLOW,1
2023-12-28 03:09:09,265.78,fuel,mobile_app,0,0.0002,ALLOW,1
2023-12-28 03:10:55,3568.73,online_gaming,in_store,0,0.0024,ALLOW,1
2023-12-28 03:14:51,203.54,electronics,atm,0,0.0002,ALLOW,1
2023-12-28 03:14:51,84.15,pharmacy,atm,0,0.0007,ALLOW,1
2023-12-28 03:15:57,180.23,fuel,online,0,0.0002,ALLOW,1
2023-12-28 03:25:04,229.57,jewelry,atm,0,0.0003,ALLOW,1
2023-12-28 03:33:46,2039.76,restaurant,in_store,0,0.0,ALLOW,1
2023-12-28 03:40:06,937.99,restaurant,online,0,1e-04,ALLOW,1
2023-12-28 03:48:52,967.05,entertainment,online,0,0.0007,ALLOW,1
2023-12-28 03:50:11,2280.71,restaurant,atm,0,1e-04,ALLOW,1
2023-12-28 04:03:55,731.31,clothing,in_store,0,1e-04,ALLOW,1
2023-12-28 04:04:38,591.93,fuel,online,0,0.0365,ALLOW,1
2023-12-28 04:05:19,669.69,clothing,atm,0,0.0017,ALLOW,1
2023-12-28 04:09:29,41.66,travel,in_store,0,0.0013,ALLOW,1
2023-12-28 04:12:23,6642.57,restaurant,in_store,0,0.0006,ALLOW,1
2023-12-28 04:12:58,1002.7,travel,in_store,0,0.0016,ALLOW,1
2023-12-28 04:23:14,10.0,travel,online,0,0.0004,ALLOW,1
2023-12-28 04:38:57,1342.79,grocery,online,0,0.0002,ALLOW,1
2023-12-28 04:48:47,5217.31,jewelry,mobile_app,0,0.0127,ALLOW,1
2023-12-28 04:59:41,781.86,entertainment,online,0,1e-04,ALLOW,1
2023-12-28 05:07:34,7583.0,fuel,in_store,0,1e-04,ALLOW,1
2023-12-28 05:18:11,200.0,restaurant,mobile_app,1,0.9989,REVIEW,1
2023-12-28 05:29:41,781.62,online_gaming,in_store,0,0.0004,ALLOW,1
2023-12-28 05:32:34,149.16,travel,atm,0,0.0005,ALLOW,1
2023-12-28 05:43:20,2046.13,electronics,online,0,0.0744,ALLOW,1
2023-12-28 05:45:54,612.47,clothing,in_store,0,0.0005,ALLOW,1
2023-12-28 06:06:58,3845.71,fuel,in_store,0,0.0006,ALLOW,1
2023-12-28 06:48:08,2155.87,online_gaming,atm,0,0.0,ALLOW,1
2023-12-28 06:54:31,3930.93,electronics,in_store,0,0.0,ALLOW,1
2023-12-28 07:03:08,4453.35,grocery,atm,0,0.0002,ALLOW,1
2023-12-28 07:35:16,6053.65,grocery,online,0,1e-04,ALLOW,1
2023-12-28 07:44:21,222.45,electronics,in_store,0,0.0004,ALLOW,1
2023-12-28 07:55:24,4717.58,pharmacy,atm,0,0.0003,ALLOW,1
2023-12-28 08:09:50,4897.54,online_gaming,online,0,0.0,ALLOW,1
2023-12-28 08:10:24,2477.18,grocery,online,0,1e-04,ALLOW,1
2023-12-28 08:20:08,906.43,online_gaming,mobile_app,0,0.0002,ALLOW,1
2023-12-28 08:22:12,487.17,clothing,online,0,0.0006,ALLOW,1
2023-12-28 08:25:46,3977.49,travel,online,0,0.0004,ALLOW,1
2023-12-28 08:31:58,315.9,restaurant,in_store,0,0.0002,ALLOW,1
2023-12-28 08:45:55,4951.26,pharmacy,atm,0,0.0005,ALLOW,1
2023-12-28 08:47:28,3664.99,electronics,online,0,1e-04,ALLOW,1
2023-12-28 08:50:46,2192.83,fuel,in_store,0,1e-04,ALLOW,1
2023-12-28 09:00:48,1922.92,fuel,atm,0,0.0007,ALLOW,1
2023-12-28 09:12:07,2994.58,online_gaming,in_store,0,0.0004,ALLOW,1
2023-12-28 09:16:02,830.06,jewelry,online,0,1e-04,ALLOW,1
2023-12-28 09:26:42,414.44,jewelry,in_store,0,0.0129,ALLOW,1
2023-12-28 09:27:31,2462.09,jewelry,mobile_app,0,0.0005,ALLOW,1
2023-12-28 09:32:01,1840.49,clothing,atm,1,1.0,REVIEW,1
2023-12-28 09:49:59,903.68,grocery,mobile_app,0,0.0026,ALLOW,1
2023-12-28 09:51:06,1751.1,clothing,online,0,0.0006,ALLOW,1
2023-12-28 10:00:49,509.05,travel,mobile_app,0,0.0003,ALLOW,1
2023-12-28 10:00:57,71.73,pharmacy,online,0,0.0004,ALLOW,1
2023-12-28 10:19:04,7103.72,clothing,online,0,0.0004,ALLOW,1
2023-12-28 10:37:15,1908.28,grocery,in_store,0,0.0,ALLOW,1
2023-12-28 10:48:48,855.56,entertainment,in_store,0,0.0002,ALLOW,1
2023-12-28 10:52:01,157.87,restaurant,atm,0,0.0003,ALLOW,1
2023-12-28 11:18:55,7965.7,pharmacy,mobile_app,0,1e-04,ALLOW,1
2023-12-28 11:26:39,214.97,online_gaming,in_store,0,0.0002,ALLOW,1
2023-12-28 11:36:55,911.62,grocery,mobile_app,0,0.0324,ALLOW,1
2023-12-28 11:37:41,1824.81,entertainment,atm,0,0.0,ALLOW,1
2023-12-28 11:44:11,8399.81,online_gaming,atm,1,0.9997,REVIEW,1
2023-12-28 11:46:37,4298.38,online_gaming,atm,0,0.0008,ALLOW,1
2023-12-28 12:02:35,415.33,jewelry,in_store,0,1e-04,ALLOW,1
2023-12-28 12:07:08,146.29,entertainment,atm,0,0.0014,ALLOW,1
2023-12-28 12:07:12,774.39,restaurant,mobile_app,0,1e-04,ALLOW,1
2023-12-28 12:13:49,1012.56,grocery,online,0,0.0002,ALLOW,1
2023-12-28 12:15:19,1639.72,clothing,mobile_app,0,1e-04,ALLOW,1
2023-12-28 12:16:37,853.93,fuel,mobile_app,0,0.0004,ALLOW,1
2023-12-28 12:18:13,366.93,electronics,online,0,0.0006,ALLOW,1
2023-12-28 12:19:32,1178.02,travel,online,0,0.0009,ALLOW,1
2023-12-28 12:47:35,1496.79,online_gaming,in_store,0,0.0,ALLOW,1
2023-12-28 12:59:17,1301.09,entertainment,in_store,0,0.0,ALLOW,1
2023-12-28 13:25:48,991.5,pharmacy,in_store,0,1e-04,ALLOW,1
2023-12-28 13:28:07,1067.36,online_gaming,mobile_app,0,1e-04,ALLOW,1
2023-12-28 13:31:16,3305.53,fuel,mobile_app,0,0.0002,ALLOW,1
2023-12-28 13:34:56,1308.51,pharmacy,atm,0,0.0,ALLOW,1
2023-12-28 14:09:31,2807.69,grocery,mobile_app,0,0.0005,ALLOW,1
2023-12-28 14:51:17,2272.97,electronics,online,0,0.0,ALLOW,1
2023-12-28 14:54:58,2636.01,online_gaming,mobile_app,0,0.0014,ALLOW,1
2023-12-28 15:01:48,279.52,fuel,mobile_app,0,0.0002,ALLOW,1
2023-12-28 15:31:05,350.81,jewelry,atm,0,0.0009,ALLOW,1
2023-12-28 15:37:01,501.81,online_gaming,online,0,1e-04,ALLOW,1
2023-12-28 15:53:40,1234.96,electronics,in_store,0,0.0015,ALLOW,1
2023-12-28 16:23:26,174.08,grocery,mobile_app,0,1e-04,ALLOW,1
2023-12-28 16:42:02,466.78,electronics,in_store,0,0.0002,ALLOW,1
2023-12-28 16:47:21,2923.55,travel,mobile_app,0,1e-04,ALLOW,1
2023-12-28 16:53:07,1781.2,pharmacy,atm,0,1e-04,ALLOW,1
2023-12-28 17:04:10,789.38,jewelry,in_store,0,0.0,ALLOW,1
2023-12-28 17:19:03,3443.93,entertainment,in_store,0,0.0004,ALLOW,1
2023-12-28 17:20:39,89.08,travel,online,0,1e-04,ALLOW,1
2023-12-28 17:21:57,360.91,grocery,in_store,0,0.0005,ALLOW,1
2023-12-28 17:21:58,480.29,clothing,in_store,0,0.0049,ALLOW,1
2023-12-28 17:25:39,242.59,entertainment,online,0,0.0002,ALLOW,1
2023-12-28 17:33:12,122.28,online_gaming,in_store,0,0.0002,ALLOW,1
2023-12-28 17:35:59,4539.94,clothing,online,0,1e-04,ALLOW,1
2023-12-28 17:55:47,1489.26,travel,in_store,0,0.0031,ALLOW,1
2023-12-28 17:56:00,3260.25,online_gaming,in_store,0,0.0006,ALLOW,1
2023-12-28 18:15:41,1528.29,jewelry,online,0,0.0029,ALLOW,1
2023-12-28 18:28:39,442.41,pharmacy,online,0,1e-04,ALLOW,1
2023-12-28 18:28:44,2102.46,electronics,atm,0,1e-04,ALLOW,1
2023-12-28 18:32:39,471.94,restaurant,online,0,0.0,ALLOW,1
2023-12-28 18:36:20,3694.19,clothing,online,0,0.0016,ALLOW,1
2023-12-28 18:43:43,638.59,travel,atm,0,0.0019,ALLOW,1
2023-12-28 18:54:28,192.58,jewelry,in_store,0,0.0013,ALLOW,1
2023-12-28 19:14:43,1607.77,entertainment,atm,0,0.0003,ALLOW,1
2023-12-28 19:47:50,1032.35,grocery,mobile_app,0,0.0004,ALLOW,1
2023-12-28 20:01:42,778.23,electronics,in_store,0,1e-04,ALLOW,1
2023-12-28 20:14:27,10743.36,grocery,in_store,0,0.0,ALLOW,1
2023-12-28 20:15:25,1561.4,travel,online,0,0.0,ALLOW,1
2023-12-28 20:26:09,197.17,electronics,mobile_app,0,0.0003,ALLOW,1
2023-12-28 20:34:15,1145.99,online_gaming,atm,0,0.0005,ALLOW,1
2023-12-28 20:39:03,531.34,clothing,online,0,0.001,ALLOW,1
2023-12-28 20:41:30,114.27,electronics,atm,0,0.0003,ALLOW,1
2023-12-28 20:48:02,1885.74,travel,mobile_app,0,1e-04,ALLOW,1
2023-12-28 20:56:56,3551.27,grocery,mobile_app,0,0.0006,ALLOW,1
2023-12-28 21:00:00,60.29,entertainment,atm,0,1e-04,ALLOW,1
2023-12-28 21:08:43,2587.33,fuel,online,0,0.0,ALLOW,1
2023-12-28 21:17:01,2840.96,grocery,online,0,0.0002,ALLOW,1
2023-12-28 21:18:20,3045.17,travel,mobile_app,0,0.001,ALLOW,1
2023-12-28 21:23:28,2687.59,grocery,online,0,1e-04,ALLOW,1
2023-12-28 21:34:58,1523.97,grocery,in_store,0,1e-04,ALLOW,1
2023-12-28 21:57:34,514.65,pharmacy,online,0,0.0,ALLOW,1
2023-12-28 21:59:08,2526.9,electronics,online,0,0.0,ALLOW,1
2023-12-28 22:00:39,787.37,fuel,in_store,0,0.0002,ALLOW,1
2023-12-28 22:04:34,706.04,online_gaming,in_store,0,0.0007,ALLOW,1
2023-12-28 22:06:14,1757.89,fuel,atm,0,0.0002,ALLOW,1
2023-12-28 22:33:17,3025.76,grocery,in_store,0,0.0,ALLOW,1
2023-12-28 22:53:47,2135.03,travel,online,0,0.0005,ALLOW,1
2023-12-28 22:56:55,10.0,grocery,in_store,0,1e-04,ALLOW,1
2023-12-28 22:57:37,10.0,clothing,online,0,0.0003,ALLOW,1
2023-12-28 23:17:43,752.14,fuel,mobile_app,0,1e-04,ALLOW,1
2023-12-28 23:43:08,18.02,entertainment,mobile_app,0,0.0006,ALLOW,1
2023-12-28 23:44:12,1670.02,electronics,online,0,1e-04,ALLOW,1
2023-12-28 23:52:40,632.81,clothing,online,0,1e-04,ALLOW,1
2023-12-28 23:54:55,3466.93,online_gaming,online,0,0.0002,ALLOW,1
2023-12-28 23:57:25,3740.13,entertainment,in_store,0,0.0009,ALLOW,1
2023-12-29 00:05:20,393.36,restaurant,atm,0,0.0003,ALLOW,1
2023-12-29 00:09:13,1030.55,travel,online,0,1e-04,ALLOW,1
2023-12-29 00:10:51,481.19,entertainment,mobile_app,0,0.0,ALLOW,1
2023-12-29 00:11:59,2686.67,restaurant,in_store,0,0.0,ALLOW,1
2023-12-29 00:39:40,1083.06,restaurant,mobile_app,0,0.0024,ALLOW,1
2023-12-29 00:53:33,2435.86,grocery,online,0,1e-04,ALLOW,1
2023-12-29 00:55:04,34.52,jewelry,mobile_app,0,0.0007,ALLOW,1
2023-12-29 01:01:47,144.35,pharmacy,atm,0,0.0004,ALLOW,1
2023-12-29 01:06:09,1496.76,online_gaming,in_store,0,1e-04,ALLOW,1
2023-12-29 01:13:06,293.43,restaurant,online,0,1e-04,ALLOW,1
2023-12-29 01:14:18,37.61,restaurant,atm,0,0.0003,ALLOW,1
2023-12-29 01:26:03,5375.33,fuel,atm,0,0.0,ALLOW,1
2023-12-29 01:30:09,825.41,entertainment,in_store,0,0.0002,ALLOW,1
2023-12-29 01:34:29,645.87,travel,online,0,0.0,ALLOW,1
2023-12-29 01:37:03,3100.11,fuel,atm,0,0.0006,ALLOW,1
2023-12-29 01:38:49,5931.1,grocery,mobile_app,0,0.0,ALLOW,1
2023-12-29 01:39:22,740.31,pharmacy,online,0,1e-04,ALLOW,1
2023-12-29 01:44:39,1395.53,pharmacy,online,0,0.0004,ALLOW,1
2023-12-29 01:53:21,452.99,online_gaming,atm,0,0.0008,ALLOW,1
2023-12-29 01:53:54,150.15,online_gaming,in_store,0,0.0002,ALLOW,1
2023-12-29 02:11:21,7040.71,entertainment,atm,0,0.0003,ALLOW,1
2023-12-29 02:18:14,808.62,online_gaming,atm,0,1e-04,ALLOW,1
2023-12-29 02:52:04,340.0,grocery,mobile_app,0,1e-04,ALLOW,1
2023-12-29 02:53:21,1147.08,restaurant,online,0,0.0139,ALLOW,1
2023-12-29 03:16:22,1058.05,jewelry,online,0,0.0,ALLOW,1
2023-12-29 03:31:45,2214.95,online_gaming,mobile_app,0,0.0,ALLOW,1
2023-12-29 03:37:49,7383.62,fuel,online,0,1e-04,ALLOW,1
2023-12-29 04:15:35,1485.86,clothing,atm,0,0.001,ALLOW,1
2023-12-29 04:20:20,765.25,jewelry,mobile_app,0,0.0,ALLOW,1
2023-12-29 04:37:06,359.67,clothing,online,0,1e-04,ALLOW,1
2023-12-29 04:50:37,892.92,clothing,atm,0,0.0003,ALLOW,1
2023-12-29 05:02:53,1588.33,grocery,mobile_app,0,1e-04,ALLOW,1
2023-12-29 05:11:10,2161.7,fuel,online,0,0.0,ALLOW,1
2023-12-29 05:15:56,546.47,fuel,in_store,0,0.0,ALLOW,1
2023-12-29 05:40:04,1593.94,online_gaming,mobile_app,0,1e-04,ALLOW,1
2023-12-29 05:48:14,2964.2,jewelry,in_store,0,0.0005,ALLOW,1
2023-12-29 05:48:57,1935.71,electronics,online,0,1e-04,ALLOW,1
2023-12-29 05:55:32,2660.05,online_gaming,atm,0,0.0,ALLOW,1
2023-12-29 05:56:11,670.09,restaurant,in_store,0,0.0005,ALLOW,1
2023-12-29 05:56:41,6986.44,fuel,online,0,0.0009,ALLOW,1
2023-12-29 06:00:02,642.46,travel,online,0,0.0,ALLOW,1
2023-12-29 06:46:28,274.87,pharmacy,in_store,0,0.0002,ALLOW,1
2023-12-29 06:52:56,3148.73,online_gaming,atm,0,0.0023,ALLOW,1
2023-12-29 06:58:33,76.58,restaurant,atm,0,1e-04,ALLOW,1
2023-12-29 07:03:21,530.23,clothing,online,0,1e-04,ALLOW,1
2023-12-29 07:30:59,1849.32,electronics,atm,0,0.0,ALLOW,1
2023-12-29 07:36:37,1419.57,travel,atm,0,0.0041,ALLOW,1
2023-12-29 07:43:07,174.44,travel,in_store,0,1e-04,ALLOW,1
2023-12-29 08:03:13,693.85,electronics,mobile_app,0,0.0,ALLOW,1
2023-12-29 08:07:38,591.84,travel,mobile_app,0,0.0002,ALLOW,1
2023-12-29 08:13:56,895.3,electronics,mobile_app,0,0.0014,ALLOW,1
2023-12-29 08:14:26,1988.13,fuel,atm,0,0.0,ALLOW,1
2023-12-29 08:16:37,1333.47,jewelry,in_store,0,0.0003,ALLOW,1
2023-12-29 09:03:13,2761.85,grocery,atm,0,0.0,ALLOW,1
2023-12-29 09:14:04,406.7,restaurant,atm,0,0.0006,ALLOW,1
2023-12-29 09:20:43,250.74,restaurant,mobile_app,0,0.0003,ALLOW,1
2023-12-29 09:23:16,144.67,fuel,online,0,1e-04,ALLOW,1
2023-12-29 09:26:52,1999.52,online_gaming,online,0,0.0017,ALLOW,1
2023-12-29 09:36:44,777.65,pharmacy,atm,0,1e-04,ALLOW,1
2023-12-29 09:39:03,2090.17,clothing,in_store,0,1e-04,ALLOW,1
2023-12-29 09:45:35,206.16,pharmacy,online,0,0.0011,ALLOW,1
2023-12-29 10:00:20,955.17,entertainment,atm,0,0.0008,ALLOW,1
2023-12-29 10:05:57,4547.34,entertainment,atm,0,1e-04,ALLOW,1
2023-12-29 10:07:56,1810.64,online_gaming,in_store,0,0.0006,ALLOW,1
2023-12-29 10:29:50,1063.05,grocery,mobile_app,0,1e-04,ALLOW,1
2023-12-29 10:38:56,1492.5,entertainment,mobile_app,0,1e-04,ALLOW,1
2023-12-29 10:41:08,1858.06,clothing,in_store,0,1e-04,ALLOW,1
2023-12-29 10:48:22,9646.49,fuel,mobile_app,0,0.768,REVIEW,0
2023-12-29 11:09:26,666.59,grocery,atm,0,0.0,ALLOW,1
2023-12-29 11:37:07,1432.86,online_gaming,online,0,1e-04,ALLOW,1
2023-12-29 11:37:16,2574.06,grocery,in_store,0,0.003,ALLOW,1
2023-12-29 11:56:56,246.85,electronics,mobile_app,0,0.0011,ALLOW,1
2023-12-29 12:11:56,1470.57,online_gaming,atm,0,0.0,ALLOW,1
2023-12-29 12:13:51,1648.72,jewelry,mobile_app,0,0.0004,ALLOW,1
2023-12-29 12:22:03,1009.53,pharmacy,mobile_app,0,0.0002,ALLOW,1
2023-12-29 12:46:13,1533.08,online_gaming,online,0,1e-04,ALLOW,1
2023-12-29 13:00:50,2147.93,pharmacy,in_store,0,0.0,ALLOW,1
2023-12-29 13:48:22,2544.51,entertainment,online,0,0.0002,ALLOW,1
2023-12-29 13:48:44,1179.06,clothing,atm,0,0.0017,ALLOW,1
2023-12-29 13:54:04,1726.94,online_gaming,mobile_app,0,0.0022,ALLOW,1
2023-12-29 13:58:07,983.32,pharmacy,in_store,0,0.0007,ALLOW,1
2023-12-29 14:03:48,728.69,restaurant,in_store,0,1e-04,ALLOW,1
2023-12-29 14:03:54,68.19,clothing,mobile_app,0,0.0006,ALLOW,1
2023-12-29 14:06:10,1732.88,restaurant,in_store,0,0.0,ALLOW,1
2023-12-29 14:08:41,205.87,grocery,online,0,0.0002,ALLOW,1
2023-12-29 14:12:45,4191.64,grocery,atm,0,0.0009,ALLOW,1
2023-12-29 14:15:32,655.07,electronics,atm,0,0.0,ALLOW,1
2023-12-29 14:29:15,8301.67,clothing,online,1,0.9999,REVIEW,1
2023-12-29 14:35:30,203.5,jewelry,atm,0,0.0002,ALLOW,1
2023-12-29 14:42:20,536.97,grocery,mobile_app,0,0.0002,ALLOW,1
2023-12-29 14:52:54,1935.02,grocery,atm,0,0.0004,ALLOW,1
2023-12-29 15:17:52,2398.59,fuel,mobile_app,0,0.001,ALLOW,1
2023-12-29 15:32:07,1295.4,restaurant,online,0,1e-04,ALLOW,1
2023-12-29 15:39:03,3414.05,travel,atm,0,0.0005,ALLOW,1
2023-12-29 15:42:27,895.44,pharmacy,atm,0,1e-04,ALLOW,1
2023-12-29 15:49:54,876.88,fuel,atm,0,0.0003,ALLOW,1
2023-12-29 16:27:08,1806.96,entertainment,atm,0,0.0,ALLOW,1
2023-12-29 16:29:56,107.16,jewelry,online,0,0.0004,ALLOW,1
2023-12-29 16:40:33,3863.7,grocery,in_store,0,1e-04,ALLOW,1
2023-12-29 16:41:35,357.6,grocery,mobile_app,0,1e-04,ALLOW,1
2023-12-29 17:01:40,172.28,fuel,in_store,0,0.0002,ALLOW,1
2023-12-29 17:31:00,1622.4,grocery,atm,0,1e-04,ALLOW,1
2023-12-29 17:32:07,775.48,pharmacy,atm,0,0.0013,ALLOW,1
2023-12-29 17:54:01,875.78,travel,mobile_app,0,1e-04,ALLOW,1
2023-12-29 18:03:55,1834.38,grocery,online,0,0.0,ALLOW,1
2023-12-29 18:17:38,2233.84,jewelry,online,0,0.0003,ALLOW,1
2023-12-29 18:22:41,2679.21,fuel,online,0,1e-04,ALLOW,1
2023-12-29 18:40:33,5328.03,pharmacy,online,0,0.0,ALLOW,1
2023-12-29 18:55:07,1477.33,pharmacy,atm,0,0.0003,ALLOW,1
2023-12-29 18:58:11,989.12,jewelry,online,0,0.0,ALLOW,1
2023-12-29 19:24:00,667.89,clothing,mobile_app,0,0.0005,ALLOW,1
2023-12-29 19:35:51,131.32,jewelry,in_store,0,1e-04,ALLOW,1
2023-12-29 19:39:53,4244.23,electronics,in_store,0,0.0007,ALLOW,1
2023-12-29 19:53:38,212.87,restaurant,online,0,0.0006,ALLOW,1
2023-12-29 20:01:11,4230.23,clothing,online,0,1e-04,ALLOW,1
2023-12-29 20:06:35,710.8,restaurant,mobile_app,0,0.0006,ALLOW,1
2023-12-29 20:47:53,315.52,grocery,in_store,0,0.0005,ALLOW,1
2023-12-29 20:48:53,403.47,grocery,online,0,0.0004,ALLOW,1
2023-12-29 20:57:05,1015.61,pharmacy,mobile_app,0,0.004,ALLOW,1
2023-12-29 21:08:17,2432.84,electronics,in_store,0,0.0007,ALLOW,1
2023-12-29 21:11:47,3981.65,clothing,in_store,0,0.0002,ALLOW,1
2023-12-29 21:14:17,834.53,grocery,atm,0,0.0,ALLOW,1
2023-12-29 21:16:24,465.53,grocery,online,0,0.0,ALLOW,1
2023-12-29 21:16:28,757.5,entertainment,in_store,0,0.0,ALLOW,1
2023-12-29 21:23:12,168.87,online_gaming,atm,0,0.0002,ALLOW,1
2023-12-29 21:23:21,996.65,online_gaming,atm,0,1e-04,ALLOW,1
2023-12-29 21:38:34,68.72,clothing,mobile_app,0,1e-04,ALLOW,1
2023-12-29 22:00:05,788.86,entertainment,atm,0,0.0,ALLOW,1
2023-12-29 22:00:31,822.94,fuel,mobile_app,0,0.0,ALLOW,1
2023-12-29 22:15:23,2484.58,fuel,mobile_app,0,0.0003,ALLOW,1
2023-12-29 22:20:14,58.7,entertainment,atm,0,0.0002,ALLOW,1
2023-12-29 22:35:56,1288.38,jewelry,online,0,1e-04,ALLOW,1
2023-12-29 22:48:50,805.38,online_gaming,mobile_app,0,0.0002,ALLOW,1
2023-12-29 22:52:40,1694.7,entertainment,in_store,0,1e-04,ALLOW,1
2023-12-29 22:55:16,337.42,entertainment,mobile_app,0,1e-04,ALLOW,1
2023-12-29 23:04:00,304.35,fuel,atm,0,0.0,ALLOW,1
2023-12-29 23:05:51,4321.6,restaurant,in_store,0,0.0002,ALLOW,1
2023-12-29 23:14:45,892.29,restaurant,mobile_app,0,0.0012,ALLOW,1
2023-12-29 23:21:10,1455.82,online_gaming,online,0,0.0002,ALLOW,1
2023-12-29 23:27:51,1277.76,electronics,online,0,0.0005,ALLOW,1
2023-12-29 23:43:50,197.76,fuel,mobile_app,0,1e-04,ALLOW,1
2023-12-30 00:16:07,1305.99,jewelry,online,0,1e-04,ALLOW,1
2023-12-30 00:21:16,942.83,entertainment,in_store,0,1e-04,ALLOW,1
2023-12-30 00:35:51,1033.72,jewelry,in_store,1,0.9999,REVIEW,1
2023-12-30 00:49:02,1250.94,restaurant,online,0,1e-04,ALLOW,1
2023-12-30 00:52:40,695.86,pharmacy,online,0,0.0,ALLOW,1
2023-12-30 00:53:24,1283.05,pharmacy,mobile_app,0,0.0029,ALLOW,1
2023-12-30 00:53:26,591.8,pharmacy,in_store,0,0.0002,ALLOW,1
2023-12-30 01:22:03,844.08,jewelry,in_store,0,0.0,ALLOW,1
2023-12-30 01:25:05,1274.02,pharmacy,mobile_app,0,0.0002,ALLOW,1
2023-12-30 01:33:19,503.6,pharmacy,online,0,0.0008,ALLOW,1
2023-12-30 01:58:19,1849.36,grocery,in_store,0,0.0,ALLOW,1
2023-12-30 02:01:09,218.67,online_gaming,mobile_app,0,0.0007,ALLOW,1
2023-12-30 02:11:54,407.61,grocery,in_store,0,0.0004,ALLOW,1
2023-12-30 02:30:01,655.43,pharmacy,atm,0,1e-04,ALLOW,1
2023-12-30 02:51:17,1306.19,clothing,in_store,0,0.0004,ALLOW,1
2023-12-30 03:17:54,131.94,grocery,online,0,0.0003,ALLOW,1
2023-12-30 03:20:01,934.84,jewelry,in_store,0,0.0003,ALLOW,1
2023-12-30 03:22:14,1941.22,restaurant,online,0,1e-04,ALLOW,1
2023-12-30 03:26:00,325.25,grocery,online,0,0.0008,ALLOW,1
2023-12-30 03:26:40,63.06,fuel,in_store,0,0.0002,ALLOW,1
2023-12-30 03:32:55,64.56,electronics,atm,0,1e-04,ALLOW,1
2023-12-30 04:30:43,3167.87,pharmacy,online,0,0.002,ALLOW,1
2023-12-30 04:47:37,457.41,fuel,atm,0,0.0005,ALLOW,1
2023-12-30 04:52:08,166.16,pharmacy,atm,0,1e-04,ALLOW,1
2023-12-30 04:53:40,2035.6,electronics,online,0,0.0009,ALLOW,1
2023-12-30 04:56:38,427.46,grocery,in_store,0,0.0002,ALLOW,1
2023-12-30 05:00:11,25.97,online_gaming,atm,0,0.0004,ALLOW,1
2023-12-30 05:06:48,44.99,restaurant,atm,0,0.0003,ALLOW,1
2023-12-30 05:15:53,2557.01,jewelry,atm,0,0.0077,ALLOW,1
2023-12-30 05:28:20,68.21,electronics,in_store,0,0.0002,ALLOW,1
2023-12-30 05:35:40,625.44,electronics,online,0,0.0002,ALLOW,1
2023-12-30 05:58:17,674.04,online_gaming,mobile_app,0,1e-04,ALLOW,1
2023-12-30 05:58:33,89.59,clothing,online,0,0.0003,ALLOW,1
2023-12-30 06:12:11,4376.56,restaurant,atm,0,1e-04,ALLOW,1
2023-12-30 06:17:07,1684.59,jewelry,atm,0,1e-04,ALLOW,1
2023-12-30 06:17:19,511.57,fuel,online,0,1e-04,ALLOW,1
2023-12-30 06:23:00,336.13,pharmacy,in_store,0,1e-04,ALLOW,1
2023-12-30 06:28:50,3074.37,clothing,online,0,0.0008,ALLOW,1
2023-12-30 06:43:40,2774.3,fuel,mobile_app,0,0.0003,ALLOW,1
2023-12-30 06:48:22,201.84,pharmacy,mobile_app,0,0.0004,ALLOW,1
2023-12-30 06:54:26,7329.88,travel,online,0,0.0186,ALLOW,1
2023-12-30 06:55:05,65.79,electronics,mobile_app,0,1e-04,ALLOW,1
2023-12-30 07:02:34,9609.62,travel,atm,1,0.9998,REVIEW,1
2023-12-30 07:05:41,1166.24,fuel,atm,0,1e-04,ALLOW,1
2023-12-30 07:12:17,556.69,clothing,in_store,0,0.0006,ALLOW,1
2023-12-30 07:13:19,915.35,entertainment,mobile_app,0,1e-04,ALLOW,1
2023-12-30 07:17:41,1038.09,grocery,mobile_app,0,0.0002,ALLOW,1
2023-12-30 07:40:41,4923.94,restaurant,mobile_app,0,1e-04,ALLOW,1
2023-12-30 07:45:45,150.17,restaurant,online,0,1e-04,ALLOW,1
2023-12-30 07:49:44,360.26,jewelry,in_store,0,0.0,ALLOW,1
2023-12-30 08:01:16,541.05,clothing,mobile_app,0,1e-04,ALLOW,1
2023-12-30 09:11:38,578.91,online_gaming,online,0,0.0006,ALLOW,1
2023-12-30 09:15:14,1406.74,entertainment,atm,0,1e-04,ALLOW,1
2023-12-30 09:20:07,3299.76,online_gaming,mobile_app,0,0.0003,ALLOW,1
2023-12-30 09:20:18,866.84,grocery,mobile_app,0,1e-04,ALLOW,1
2023-12-30 09:23:06,2251.41,pharmacy,atm,0,1e-04,ALLOW,1
2023-12-30 09:24:01,2495.92,pharmacy,online,0,0.0002,ALLOW,1
2023-12-30 09:26:48,7248.0,jewelry,atm,0,0.001,ALLOW,1
2023-12-30 09:32:00,374.88,electronics,in_store,0,0.0003,ALLOW,1
2023-12-30 09:49:22,1058.29,clothing,online,0,0.0002,ALLOW,1
2023-12-30 10:39:06,548.84,clothing,mobile_app,0,1e-04,ALLOW,1
2023-12-30 10:53:06,596.41,pharmacy,in_store,0,0.0,ALLOW,1
2023-12-30 10:54:58,2624.85,restaurant,in_store,0,0.0008,ALLOW,1
2023-12-30 10:59:56,305.95,travel,atm,0,0.0003,ALLOW,1
2023-12-30 11:12:21,294.68,restaurant,online,0,0.0006,ALLOW,1
2023-12-30 11:20:10,3023.39,clothing,online,1,0.9999,REVIEW,1
2023-12-30 11:20:22,283.76,grocery,atm,0,0.0006,ALLOW,1
2023-12-30 11:39:09,2478.6,restaurant,online,0,1e-04,ALLOW,1
2023-12-30 11:42:03,298.06,clothing,atm,0,1e-04,ALLOW,1
2023-12-30 12:06:53,2046.44,clothing,in_store,0,0.0004,ALLOW,1
2023-12-30 12:09:06,730.6,pharmacy,in_store,0,0.0,ALLOW,1
2023-12-30 12:18:09,1695.03,jewelry,mobile_app,0,0.0005,ALLOW,1
2023-12-30 12:47:54,1112.78,grocery,online,0,1e-04,ALLOW,1
2023-12-30 13:11:08,4447.41,restaurant,atm,0,0.0003,ALLOW,1
2023-12-30 13:13:13,2485.38,online_gaming,in_store,0,0.0004,ALLOW,1
2023-12-30 13:18:47,233.68,pharmacy,atm,0,0.0006,ALLOW,1
2023-12-30 13:26:00,632.03,restaurant,in_store,0,0.0023,ALLOW,1
2023-12-30 13:31:37,993.09,clothing,atm,0,0.0016,ALLOW,1
2023-12-30 13:34:47,3283.21,electronics,in_store,0,0.0,ALLOW,1
2023-12-30 14:04:17,3004.63,fuel,mobile_app,0,0.0004,ALLOW,1
2023-12-30 14:07:50,984.76,restaurant,in_store,0,0.0,ALLOW,1
2023-12-30 14:15:31,837.24,online_gaming,mobile_app,0,1e-04,ALLOW,1
2023-12-30 14:18:32,1190.13,electronics,in_store,0,0.0004,ALLOW,1
2023-12-30 14:29:21,503.63,clothing,in_store,0,0.0004,ALLOW,1
2023-12-30 14:29:50,1865.74,pharmacy,atm,0,0.0,ALLOW,1
2023-12-30 14:35:29,4102.17,restaurant,online,0,0.0011,ALLOW,1
2023-12-30 14:44:20,3378.18,pharmacy,online,0,1e-04,ALLOW,1
2023-12-30 14:51:28,872.33,pharmacy,in_store,0,0.0,ALLOW,1
2023-12-30 15:10:58,611.0,entertainment,in_store,0,0.0,ALLOW,1
2023-12-30 15:20:35,2505.84,electronics,mobile_app,0,0.0012,ALLOW,1
2023-12-30 15:21:18,391.79,entertainment,atm,0,1e-04,ALLOW,1
2023-12-30 15:22:52,5085.86,online_gaming,atm,0,0.0004,ALLOW,1
2023-12-30 15:25:01,1388.98,travel,in_store,0,0.0009,ALLOW,1
2023-12-30 15:47:53,604.84,online_gaming,in_store,0,0.0005,ALLOW,1
2023-12-30 15:52:23,4212.03,online_gaming,in_store,0,0.0,ALLOW,1
2023-12-30 16:07:23,2261.3,fuel,in_store,0,0.0002,ALLOW,1
2023-12-30 16:07:44,2262.21,entertainment,in_store,0,0.0028,ALLOW,1
2023-12-30 17:01:31,5410.34,restaurant,atm,0,0.0003,ALLOW,1
2023-12-30 17:09:50,2168.2,restaurant,online,0,0.0002,ALLOW,1
2023-12-30 17:12:09,636.56,fuel,in_store,0,0.0045,ALLOW,1
2023-12-30 17:16:35,736.48,pharmacy,in_store,0,1e-04,ALLOW,1
2023-12-30 17:25:37,3796.91,travel,mobile_app,0,0.0002,ALLOW,1
2023-12-30 17:26:56,306.63,restaurant,atm,0,0.0007,ALLOW,1
2023-12-30 17:38:17,749.45,electronics,atm,0,0.0002,ALLOW,1
2023-12-30 17:44:07,13.4,online_gaming,atm,0,0.0003,ALLOW,1
2023-12-30 17:44:26,291.49,pharmacy,mobile_app,0,0.0005,ALLOW,1
2023-12-30 17:46:51,159.8,restaurant,in_store,0,1e-04,ALLOW,1
2023-12-30 17:56:26,148.99,entertainment,in_store,0,0.0002,ALLOW,1
2023-12-30 18:02:25,54.35,fuel,mobile_app,0,0.0006,ALLOW,1
2023-12-30 18:02:29,3085.81,electronics,atm,0,0.0004,ALLOW,1
2023-12-30 18:30:22,2939.6,online_gaming,atm,0,0.0,ALLOW,1
2023-12-30 18:43:02,1960.84,jewelry,atm,0,1e-04,ALLOW,1
2023-12-30 18:45:01,2552.95,grocery,online,0,0.0,ALLOW,1
2023-12-30 19:12:13,1885.38,entertainment,in_store,0,1e-04,ALLOW,1
2023-12-30 19:12:31,1679.56,online_gaming,in_store,0,0.0003,ALLOW,1
2023-12-30 19:15:44,1963.34,clothing,online,0,0.0,ALLOW,1
2023-12-30 19:20:28,2016.32,entertainment,in_store,0,0.0018,ALLOW,1
2023-12-30 19:29:44,774.57,pharmacy,online,0,0.0003,ALLOW,1
2023-12-30 19:33:37,498.08,online_gaming,atm,0,0.0004,ALLOW,1
2023-12-30 19:42:39,1621.36,pharmacy,mobile_app,0,0.0011,ALLOW,1
2023-12-30 20:01:05,1134.63,entertainment,in_store,0,1e-04,ALLOW,1
2023-12-30 20:26:28,73.06,grocery,mobile_app,0,0.0021,ALLOW,1
2023-12-30 20:46:53,984.81,restaurant,in_store,0,0.0,ALLOW,1
2023-12-30 20:52:38,1542.31,grocery,atm,0,0.0008,ALLOW,1
2023-12-30 21:07:36,1634.21,pharmacy,mobile_app,0,0.0002,ALLOW,1
2023-12-30 21:17:45,5380.63,grocery,in_store,0,0.0014,ALLOW,1
2023-12-30 21:39:39,1717.9,grocery,in_store,0,1e-04,ALLOW,1
2023-12-30 22:14:57,853.08,online_gaming,in_store,0,0.0007,ALLOW,1
2023-12-30 22:22:34,378.59,fuel,in_store,0,0.0007,ALLOW,1
2023-12-30 22:26:47,1497.72,pharmacy,in_store,0,0.0,ALLOW,1
2023-12-30 22:33:48,1330.6,fuel,atm,0,0.0002,ALLOW,1
2023-12-30 22:51:48,226.3,pharmacy,in_store,0,0.0002,ALLOW,1
2023-12-30 22:53:45,122.89,online_gaming,mobile_app,0,0.0004,ALLOW,1
2023-12-30 23:14:30,443.23,grocery,atm,0,0.0036,ALLOW,1
2023-12-30 23:14:50,4934.01,online_gaming,online,0,0.0002,ALLOW,1
2023-12-30 23:23:07,657.19,grocery,in_store,0,0.0,ALLOW,1
2023-12-30 23:25:31,3524.53,jewelry,in_store,0,1e-04,ALLOW,1
2023-12-30 23:32:16,1339.39,electronics,atm,0,0.0,ALLOW,1
2023-12-30 23:44:59,2126.65,online_gaming,online,0,1e-04,ALLOW,1
2023-12-30 23:48:48,956.7,entertainment,online,0,0.0002,ALLOW,1
2023-12-30 23:49:02,1334.46,online_gaming,in_store,0,0.0006,ALLOW,1
2023-12-30 23:49:05,221.01,grocery,atm,0,1e-04,ALLOW,1
2023-12-31 00:35:32,2536.23,travel,online,0,1e-04,ALLOW,1
2023-12-31 00:37:30,4283.42,fuel,in_store,0,0.0002,ALLOW,1
2023-12-31 00:44:58,147.31,jewelry,atm,0,0.0022,ALLOW,1
2023-12-31 00:48:34,458.66,pharmacy,in_store,0,1e-04,ALLOW,1
2023-12-31 00:48:50,1384.48,pharmacy,mobile_app,0,1e-04,ALLOW,1
2023-12-31 00:55:55,682.11,restaurant,atm,0,1e-04,ALLOW,1
2023-12-31 01:04:08,1174.55,travel,in_store,0,1e-04,ALLOW,1
2023-12-31 01:07:13,92.29,online_gaming,online,0,1e-04,ALLOW,1
2023-12-31 01:23:40,1391.99,grocery,online,0,1e-04,ALLOW,1
2023-12-31 01:46:33,4451.08,jewelry,in_store,0,0.0,ALLOW,1
2023-12-31 01:48:02,171.81,travel,mobile_app,0,0.0011,ALLOW,1
2023-12-31 02:23:06,692.69,clothing,in_store,0,0.0032,ALLOW,1
2023-12-31 02:23:34,4766.11,pharmacy,in_store,0,0.0002,ALLOW,1
2023-12-31 02:47:52,3968.61,clothing,in_store,0,1e-04,ALLOW,1
2023-12-31 03:17:14,1479.48,online_gaming,online,0,0.0,ALLOW,1
2023-12-31 03:29:08,4688.8,electronics,atm,0,0.0005,ALLOW,1
2023-12-31 03:36:59,1705.02,grocery,in_store,0,1e-04,ALLOW,1
2023-12-31 04:03:45,687.82,entertainment,mobile_app,0,0.0,ALLOW,1
2023-12-31 04:06:06,3416.23,jewelry,atm,0,0.0003,ALLOW,1
2023-12-31 04:06:41,10.0,travel,mobile_app,0,0.0004,ALLOW,1
2023-12-31 04:08:47,267.56,travel,online,0,0.0007,ALLOW,1
2023-12-31 04:40:07,752.36,jewelry,in_store,0,0.0,ALLOW,1
2023-12-31 04:43:24,1292.28,clothing,online,0,1e-04,ALLOW,1
2023-12-31 04:44:04,634.77,restaurant,online,0,1e-04,ALLOW,1
2023-12-31 04:50:31,743.86,pharmacy,atm,0,0.0,ALLOW,1
2023-12-31 05:14:32,1189.91,electronics,mobile_app,0,1e-04,ALLOW,1
2023-12-31 05:30:59,1338.39,travel,mobile_app,0,1e-04,ALLOW,1
2023-12-31 05:34:11,115.28,fuel,atm,0,0.0008,ALLOW,1
2023-12-31 05:37:44,623.54,fuel,mobile_app,0,1e-04,ALLOW,1
2023-12-31 06:00:56,720.3,pharmacy,mobile_app,0,1e-04,ALLOW,1
2023-12-31 06:01:50,5284.49,travel,mobile_app,0,1e-04,ALLOW,1
2023-12-31 06:05:52,1578.74,jewelry,in_store,0,0.0,ALLOW,1
2023-12-31 06:13:14,2387.36,jewelry,in_store,0,0.0002,ALLOW,1
2023-12-31 06:42:39,3711.84,clothing,atm,0,0.0014,ALLOW,1
2023-12-31 06:42:41,2175.01,restaurant,online,0,0.0002,ALLOW,1
2023-12-31 06:46:20,705.88,travel,online,0,0.0,ALLOW,1
2023-12-31 06:57:10,47.73,travel,online,0,0.0012,ALLOW,1
2023-12-31 07:02:14,2272.66,electronics,atm,0,0.0002,ALLOW,1
2023-12-31 07:15:28,1621.81,online_gaming,in_store,0,1e-04,ALLOW,1
2023-12-31 07:19:16,267.64,fuel,in_store,0,0.0007,ALLOW,1
2023-12-31 07:37:52,465.84,electronics,in_store,0,0.0009,ALLOW,1
2023-12-31 08:02:51,2697.58,pharmacy,atm,0,0.0002,ALLOW,1
2023-12-31 08:13:13,2693.5,grocery,mobile_app,0,0.0,ALLOW,1
2023-12-31 08:16:19,1102.15,restaurant,atm,0,0.0002,ALLOW,1
2023-12-31 08:29:53,87.17,electronics,atm,0,0.0024,ALLOW,1
2023-12-31 08:31:28,3600.48,online_gaming,atm,0,0.0009,ALLOW,1
2023-12-31 08:34:02,186.21,online_gaming,online,0,0.0008,ALLOW,1
2023-12-31 08:36:07,1529.32,restaurant,atm,0,0.0002,ALLOW,1
2023-12-31 08:37:04,3755.04,grocery,atm,0,1e-04,ALLOW,1
2023-12-31 08:48:30,1327.47,online_gaming,online,0,0.0028,ALLOW,1
2023-12-31 08:56:38,269.82,electronics,atm,0,0.0014,ALLOW,1
2023-12-31 08:58:03,714.87,clothing,online,0,0.0026,ALLOW,1
2023-12-31 09:06:45,1220.51,pharmacy,in_store,0,0.0004,ALLOW,1
2023-12-31 09:20:31,349.79,clothing,atm,0,0.0008,ALLOW,1
2023-12-31 09:33:39,1535.25,online_gaming,atm,0,0.0014,ALLOW,1
2023-12-31 09:48:26,1596.79,jewelry,in_store,0,0.0003,ALLOW,1
2023-12-31 10:02:36,5033.43,clothing,atm,0,0.0006,ALLOW,1
2023-12-31 10:10:47,1316.7,electronics,online,0,0.0044,ALLOW,1
2023-12-31 10:15:48,213.61,restaurant,mobile_app,0,1e-04,ALLOW,1
2023-12-31 10:29:48,425.03,jewelry,online,0,0.0044,ALLOW,1
2023-12-31 10:42:27,900.66,pharmacy,in_store,0,0.0002,ALLOW,1
2023-12-31 10:42:57,75.78,jewelry,atm,0,0.0002,ALLOW,1
2023-12-31 10:47:46,279.93,travel,online,0,1e-04,ALLOW,1
2023-12-31 10:57:13,789.61,grocery,online,0,0.0007,ALLOW,1
2023-12-31 11:09:26,1965.09,entertainment,online,0,0.0,ALLOW,1
2023-12-31 11:12:40,1669.51,clothing,atm,0,0.0,ALLOW,1
2023-12-31 11:25:30,1813.21,grocery,mobile_app,0,0.0,ALLOW,1
2023-12-31 11:26:33,1114.06,fuel,in_store,0,0.0,ALLOW,1
2023-12-31 11:31:41,241.3,pharmacy,atm,0,0.0018,ALLOW,1
2023-12-31 11:35:39,1111.53,online_gaming,atm,0,1e-04,ALLOW,1
2023-12-31 11:42:41,444.85,restaurant,online,0,0.0032,ALLOW,1
2023-12-31 11:48:14,319.7,online_gaming,online,0,0.0005,ALLOW,1
2023-12-31 12:08:08,1398.22,online_gaming,atm,0,0.0,ALLOW,1
2023-12-31 12:14:55,2886.57,fuel,atm,0,1e-04,ALLOW,1
2023-12-31 12:16:49,5209.77,clothing,in_store,0,0.0005,ALLOW,1
2023-12-31 12:22:42,249.1,electronics,mobile_app,0,1e-04,ALLOW,1
2023-12-31 12:34:05,48.98,jewelry,atm,0,0.0002,ALLOW,1
2023-12-31 12:37:10,783.21,entertainment,online,0,0.0002,ALLOW,1
2023-12-31 12:44:59,2123.68,clothing,mobile_app,0,0.0002,ALLOW,1
2023-12-31 13:13:05,33.83,jewelry,atm,0,0.0025,ALLOW,1
2023-12-31 13:21:34,72.45,pharmacy,in_store,0,0.0002,ALLOW,1
2023-12-31 13:25:13,2963.36,pharmacy,atm,0,0.0002,ALLOW,1
2023-12-31 13:31:50,380.87,jewelry,online,0,0.0012,ALLOW,1
2023-12-31 13:34:40,988.43,online_gaming,atm,0,0.0028,ALLOW,1
2023-12-31 13:35:45,2652.32,clothing,mobile_app,0,1e-04,ALLOW,1
2023-12-31 13:37:05,1255.37,electronics,in_store,0,0.0002,ALLOW,1
2023-12-31 13:57:20,1930.91,clothing,atm,0,0.0,ALLOW,1
2023-12-31 14:16:15,490.44,entertainment,online,0,0.0056,ALLOW,1
2023-12-31 14:22:04,1306.71,grocery,mobile_app,0,0.0,ALLOW,1
2023-12-31 14:54:45,1852.71,fuel,online,0,0.0005,ALLOW,1
2023-12-31 14:58:02,1264.42,entertainment,in_store,0,0.0,ALLOW,1
2023-12-31 15:01:24,139.48,clothing,atm,0,0.0011,ALLOW,1
2023-12-31 15:35:03,4891.59,entertainment,mobile_app,0,1e-04,ALLOW,1
2023-12-31 15:45:21,2762.55,clothing,in_store,0,1e-04,ALLOW,1
2023-12-31 15:46:13,2070.72,online_gaming,in_store,0,1e-04,ALLOW,1
2023-12-31 15:55:45,184.06,clothing,online,0,0.0004,ALLOW,1
2023-12-31 15:57:26,1526.87,travel,online,0,0.0003,ALLOW,1
2023-12-31 16:11:54,1837.69,restaurant,atm,0,1e-04,ALLOW,1
2023-12-31 16:14:13,98.22,restaurant,atm,0,1e-04,ALLOW,1
2023-12-31 16:17:13,3483.74,fuel,atm,0,0.0,ALLOW,1
2023-12-31 16:37:27,2014.83,online_gaming,mobile_app,0,0.0003,ALLOW,1
2023-12-31 17:30:17,2466.53,entertainment,mobile_app,0,0.0004,ALLOW,1
2023-12-31 17:30:55,2866.23,electronics,online,0,1e-04,ALLOW,1
2023-12-31 17:39:07,1402.11,jewelry,online,0,1e-04,ALLOW,1
2023-12-31 17:45:18,715.12,grocery,in_store,0,0.0004,ALLOW,1
2023-12-31 17:53:00,840.2,travel,mobile_app,0,0.0035,ALLOW,1
2023-12-31 18:03:37,2487.52,fuel,atm,0,0.0,ALLOW,1
2023-12-31 18:07:20,268.65,grocery,mobile_app,0,0.0013,ALLOW,1
2023-12-31 18:18:21,92.23,restaurant,online,0,0.0004,ALLOW,1
2023-12-31 18:41:32,2545.13,fuel,mobile_app,0,0.0023,ALLOW,1
2023-12-31 18:51:50,168.44,pharmacy,atm,0,0.0085,ALLOW,1
2023-12-31 18:52:26,424.79,jewelry,online,0,0.0004,ALLOW,1
2023-12-31 18:57:59,1301.63,restaurant,atm,0,0.0,ALLOW,1
2023-12-31 19:01:31,923.98,fuel,mobile_app,0,0.0,ALLOW,1
2023-12-31 19:01:53,1490.29,jewelry,mobile_app,0,1e-04,ALLOW,1
2023-12-31 19:10:52,946.35,jewelry,in_store,0,0.0002,ALLOW,1
2023-12-31 19:50:31,699.01,fuel,mobile_app,0,0.0002,ALLOW,1
2023-12-31 19:57:51,25.45,online_gaming,mobile_app,0,0.0007,ALLOW,1
2023-12-31 20:07:24,529.75,clothing,online,0,0.0005,ALLOW,1
2023-12-31 20:21:22,524.89,online_gaming,in_store,0,1e-04,ALLOW,1
2023-12-31 20:45:11,512.91,pharmacy,mobile_app,0,0.0,ALLOW,1
2023-12-31 20:47:40,436.97,grocery,mobile_app,0,0.0011,ALLOW,1
2023-12-31 21:10:25,891.7,electronics,in_store,0,0.0004,ALLOW,1
2023-12-31 21:18:50,61.15,clothing,online,0,0.0009,ALLOW,1
2023-12-31 21:33:21,4230.89,entertainment,in_store,0,0.0,ALLOW,1
2023-12-31 21:33:50,2178.34,entertainment,mobile_app,0,0.0,ALLOW,1
2023-12-31 21:35:18,1108.17,travel,online,0,0.0002,ALLOW,1
2023-12-31 21:43:03,785.14,clothing,mobile_app,0,0.0002,ALLOW,1
2023-12-31 21:44:20,811.38,clothing,online,0,1e-04,ALLOW,1
2023-12-31 21:51:27,103.74,restaurant,online,0,0.0002,ALLOW,1
2023-12-31 21:54:16,912.21,pharmacy,atm,0,0.0051,ALLOW,1
2023-12-31 22:11:27,1377.52,electronics,atm,0,0.002,ALLOW,1
2023-12-31 22:11:53,703.03,online_gaming,atm,0,0.0003,ALLOW,1
2023-12-31 22:12:06,206.88,clothing,in_store,0,0.0006,ALLOW,1
2023-12-31 22:35:22,962.61,grocery,atm,0,0.0006,ALLOW,1
2023-12-31 22:53:07,1009.38,pharmacy,atm,0,0.0,ALLOW,1
2023-12-31 23:06:37,737.97,travel,in_store,0,1e-04,ALLOW,1
2023-12-31 23:06:49,4027.6,pharmacy,mobile_app,0,0.0004,ALLOW,1
2023-12-31 23:20:41,415.28,online_gaming,in_store,0,0.0002,ALLOW,1
2023-12-31 23:21:13,449.36,clothing,online,0,0.0002,ALLOW,1
2023-12-31 23:28:55,1427.56,jewelry,atm,0,0.002,ALLOW,1
2023-12-31 23:38:48,203.93,entertainment,mobile_app,0,0.0002,ALLOW,1
2023-12-31 23:49:36,795.11,online_gaming,atm,0,0.0232,ALLOW,1
2023-12-31 23:49:59,2126.88,travel,atm,0,0.0004,ALLOW,1
2023-12-31 23:54:41,103.7,grocery,online,0,1e-04,ALLOW,1
